# Blender 4.5.10 LTS
# www.blender.org
o MeshLab_HunyuanProp
v -0.258645 1.169368 -0.113216
v -0.261072 1.176997 -0.111042
v -0.257782 1.169360 0.007722
v -0.259431 1.171291 0.081876
v -0.255058 1.188077 -0.120244
v -0.260118 1.184026 -0.004675
v -0.260093 1.182095 0.083132
v -0.258447 1.192406 -0.112141
v -0.252612 1.161624 -0.110251
v -0.252276 1.163029 -0.056801
v -0.253320 1.163159 0.082606
v -0.249644 1.165374 -0.118215
v -0.251775 1.195760 0.089632
v -0.244614 1.237553 -0.018139
v -0.249470 1.221256 0.082753
v -0.241570 1.155588 0.076391
v -0.249712 1.167836 0.090279
v -0.244844 1.229392 -0.119085
v -0.244751 1.219191 0.090248
v -0.241548 1.155216 -0.079644
v -0.239358 1.227288 -0.122069
v -0.231677 1.225184 0.091502
v -0.236619 1.271026 -0.111543
v -0.236427 1.270525 0.082841
v -0.238233 1.244625 0.091082
v -0.235638 1.144715 -0.103027
v -0.237738 1.151451 0.079527
v -0.232973 1.154523 0.084715
v -0.207931 1.171839 -0.120856
v -0.233652 1.267272 -0.121455
v -0.234044 1.276144 -0.013926
v -0.232616 1.271436 0.090138
v -0.230631 0.676005 -0.023142
v -0.229363 0.676239 -0.014304
v -0.227819 0.699206 -0.026581
v -0.231824 0.694357 -0.016868
v -0.229440 1.074393 -0.095411
v -0.230583 1.081736 0.066931
v -0.230512 1.091794 -0.101175
v -0.229436 1.102555 0.075120
v -0.234815 1.127499 -0.034629
v -0.234999 1.121930 0.072725
v -0.228591 1.151165 -0.111650
v -0.237410 1.151025 -0.106531
v -0.173499 1.163057 -0.119103
v -0.228610 1.290112 -0.116861
v -0.224578 1.297305 0.082496
v -0.225034 0.610602 -0.033927
v -0.224563 0.614566 0.005539
v -0.224386 0.627282 -0.056445
v -0.224210 0.617335 -0.025793
v -0.225334 0.618946 -0.002432
v -0.224367 0.629288 -0.049218
v -0.224768 0.634728 0.020192
v -0.223716 0.637654 0.015135
v -0.222916 0.670698 -0.018510
v -0.221309 0.687505 -0.031720
v -0.220610 0.682855 -0.005849
v -0.221156 0.693060 -0.006688
v -0.221362 0.718824 -0.020441
v -0.216224 0.722046 -0.011025
v -0.224067 0.967633 -0.089584
v -0.223581 0.967332 -0.014661
v -0.223647 0.967064 0.048184
v -0.221808 0.988487 0.055803
v -0.224461 1.013460 -0.096868
v -0.228447 1.017033 -0.088762
v -0.227922 1.018992 -0.015633
v -0.228114 1.017163 0.052790
v -0.221691 1.027374 0.061482
v -0.224752 1.031473 -0.095036
v -0.225193 1.031288 -0.013697
v -0.225554 1.031647 0.056984
v -0.223653 1.062139 -0.101452
v -0.223237 1.062715 0.069188
v -0.227125 1.111319 -0.107389
v -0.221589 1.125123 0.080591
v -0.190768 1.168654 0.091186
v -0.214744 1.292917 0.092013
v -0.220331 1.288676 -0.122737
v -0.220877 1.302715 -0.004876
v -0.217699 1.302817 0.090359
v -0.219674 1.307736 -0.110948
v -0.220454 0.602520 -0.021645
v -0.217994 0.607362 0.002857
v -0.217968 0.610185 -0.048289
v -0.215147 0.616114 0.018102
v -0.213821 0.628027 -0.066269
v -0.217493 0.623989 -0.031418
v -0.216767 0.624107 -0.009618
v -0.216398 0.631214 0.002021
v -0.218818 0.634083 0.027175
v -0.217191 0.637099 -0.045732
v -0.216660 0.640726 0.008371
v -0.214241 0.647963 -0.070619
v -0.223178 0.657537 -0.058035
v -0.218449 0.652392 -0.049339
v -0.215707 0.653613 0.008255
v -0.218395 0.655793 0.027732
v -0.222571 0.665449 0.016455
v -0.218130 0.674475 -0.057265
v -0.216257 0.667277 -0.041376
v -0.221353 0.673660 0.006540
v -0.218683 0.686535 -0.038743
v -0.218440 0.678285 0.014436
v -0.215628 0.673298 -0.031252
v -0.216140 0.675254 -0.005229
v -0.210844 0.698715 -0.003942
v -0.213472 0.723828 -0.028373
v -0.215759 0.707280 -0.007431
v -0.218053 0.960156 -0.089513
v -0.218003 0.959646 0.047852
v -0.215869 0.964344 -0.095058
v -0.216660 1.033504 -0.099391
v -0.209587 1.315740 -0.121950
v -0.209913 1.323314 -0.118355
v -0.212690 0.018655 -0.094549
v -0.209873 0.001404 0.076794
v -0.214462 0.036985 -0.027705
v -0.215292 0.043531 0.089716
v -0.212107 0.043350 0.093277
v -0.215344 0.050648 -0.095101
v -0.214677 0.101296 -0.095655
v -0.212148 0.112463 -0.102111
v -0.214368 0.111075 0.090404
v -0.210773 0.112246 0.096508
v -0.210457 0.601709 -0.030362
v -0.211217 0.601293 -0.010315
v -0.209965 0.609622 -0.049342
v -0.211574 0.637597 0.031056
v -0.199972 0.644330 -0.046866
v -0.209397 0.668079 0.026580
v -0.209829 0.667677 -0.065236
v -0.211551 0.668102 -0.001048
v -0.210075 0.689354 -0.049945
v -0.210240 0.685440 0.013139
v -0.209936 0.699395 -0.031840
v -0.209420 0.714067 -0.030789
v -0.201264 0.724168 -0.006742
v -0.209554 0.731590 -0.017358
v -0.215484 0.781556 -0.014206
v -0.217590 0.790002 -0.025949
v -0.212177 0.795176 0.022092
v -0.216406 0.796183 -0.022560
v -0.208467 0.804793 0.024670
v -0.211839 0.829671 -0.066332
v -0.212594 0.834098 0.012928
v -0.212262 0.841547 0.009922
v -0.216311 0.964799 0.054520
v -0.195818 0.973728 0.056915
v -0.180886 1.113516 -0.108704
v -0.189875 1.156568 0.084812
v -0.119849 1.151537 -0.112721
v -0.208462 1.327067 0.082089
v -0.207264 -0.004280 -0.076709
v -0.207586 -0.004512 0.071359
v -0.206330 0.010165 -0.101242
v -0.210818 0.002970 -0.062456
v -0.206022 0.004694 0.089979
v -0.203658 0.021543 0.093962
v -0.212446 0.031867 -0.101884
v -0.206818 0.027295 -0.103418
v -0.205075 0.040643 0.095484
v -0.205294 0.128011 -0.104535
v -0.203082 0.149639 0.097446
v -0.210781 0.145093 0.088684
v -0.206264 0.163066 -0.102047
v -0.207479 0.168926 -0.095354
v -0.208059 0.170340 0.075896
v -0.204968 0.162129 0.087970
v -0.205711 0.178899 0.070142
v -0.200088 0.609726 0.000754
v -0.200286 0.625919 0.022623
v -0.199372 0.623306 -0.017865
v -0.200208 0.630809 0.002109
v -0.200135 0.630448 -0.041097
v -0.200441 0.644151 0.008806
v -0.200268 0.660282 -0.043828
v -0.200047 0.671109 -0.029778
v -0.199480 0.671606 -0.007512
v -0.199864 0.706350 -0.024440
v -0.203367 0.772903 -0.015606
v -0.210332 0.784858 -0.068797
v -0.210061 0.777322 -0.046067
v -0.205113 0.785092 0.036752
v -0.208172 0.803931 -0.040498
v -0.204511 0.802086 0.046364
v -0.209835 0.818315 -0.047820
v -0.207989 0.809130 -0.031959
v -0.204361 0.809457 0.002408
v -0.201303 0.815553 0.021760
v -0.203202 0.820337 0.019793
v -0.202068 0.829137 0.041998
v -0.203056 0.841662 -0.086348
v -0.210709 0.841321 -0.058602
v -0.201468 0.841447 0.046471
v -0.203017 0.851697 -0.062275
v -0.204838 0.850278 -0.023367
v -0.204100 0.852850 0.016601
v -0.195597 0.944262 -0.089165
v -0.183191 0.953722 -0.097699
v -0.183438 1.051511 0.066903
v -0.199014 1.330704 -0.123460
v -0.202267 1.329768 0.092116
v -0.192580 1.355211 -0.010475
v -0.197207 -0.009373 -0.086170
v -0.199311 -0.009360 0.066979
v -0.194290 -0.007983 0.090671
v -0.194096 0.001444 -0.102604
v -0.192963 -0.002721 0.094327
v -0.198470 0.187665 -0.102196
v -0.199202 0.175265 0.080254
v -0.200239 0.189924 -0.096807
v -0.199901 0.192346 0.071386
v -0.199505 0.193726 -0.062301
v -0.201157 0.282003 -0.095963
v -0.200744 0.279333 -0.055309
v -0.202105 0.304366 0.073618
v -0.200573 0.276364 -0.004661
v -0.199921 0.337788 -0.095005
v -0.200485 0.370186 0.071425
v -0.200442 0.390605 -0.056217
v -0.200356 0.395963 0.011813
v -0.201014 0.396613 0.071390
v -0.200211 0.605600 -0.023593
v -0.199639 0.612054 -0.043139
v -0.200326 0.623842 -0.058572
v -0.200015 0.651535 -0.067181
v -0.199805 0.661115 0.026410
v -0.200013 0.660670 0.006321
v -0.199825 0.682371 -0.053889
v -0.200149 0.687447 0.008466
v -0.200359 0.697594 -0.029638
v -0.200006 0.702339 -0.014078
v -0.198577 0.726113 -0.031864
v -0.199556 0.737215 -0.024520
v -0.194971 0.740579 -0.013007
v -0.197551 0.775342 -0.092831
v -0.200919 0.770818 -0.077427
v -0.195182 0.768656 -0.016721
v -0.203779 0.789492 -0.079777
v -0.197198 0.784231 0.051152
v -0.201366 0.797175 -0.075537
v -0.193479 0.789337 0.062165
v -0.203664 0.809200 -0.074006
v -0.205185 0.820117 -0.068250
v -0.197303 0.834451 -0.092916
v -0.195916 0.853123 -0.086735
v -0.195455 0.943865 0.038804
v -0.187979 0.948033 0.054343
v -0.180609 1.000935 -0.098759
v -0.189655 1.020827 0.061173
v -0.096933 1.202641 -0.122270
v -0.143499 0.128744 0.102360
v -0.176643 0.156338 0.098735
v -0.193616 0.184816 -0.104008
v -0.194185 0.182997 0.078858
v -0.200163 0.211169 -0.001740
v -0.195500 0.212031 0.079754
v -0.199684 0.257705 0.071743
v -0.193698 0.259843 0.078408
v -0.192916 0.360454 -0.101122
v -0.194793 0.291001 0.078692
v -0.197556 0.373689 -0.092944
v -0.199770 0.378747 -0.015128
v -0.193131 0.401583 0.075143
v -0.197085 0.408114 -0.048118
v -0.193180 0.412363 0.071149
v -0.194905 0.421156 0.006000
v -0.193908 0.413033 0.023419
v -0.199968 0.413865 -0.040925
v -0.199175 0.429347 -0.069925
v -0.198199 0.439187 -0.019293
v -0.194836 0.438077 -0.099808
v -0.195995 0.459321 0.020699
v -0.198880 0.462494 -0.095053
v -0.192563 0.487850 -0.101128
v -0.198922 0.488616 0.046654
v -0.200006 0.497120 0.066651
v -0.196482 0.522036 -0.047175
v -0.193701 0.535780 -0.094061
v -0.195381 0.600101 -0.000313
v -0.194687 0.556723 0.065836
v -0.193421 0.603644 0.058897
v -0.194534 0.605152 -0.051245
v -0.196232 0.628131 0.028951
v -0.194977 0.631780 0.061854
v -0.196531 0.631543 -0.069473
v -0.196598 0.631960 -0.033540
v -0.195515 0.647150 0.003258
v -0.195787 0.661667 -0.035932
v -0.195447 0.670375 -0.067524
v -0.194734 0.664058 -0.008247
v -0.193533 0.687817 0.055309
v -0.193731 0.694063 -0.095085
v -0.194832 0.668767 0.030198
v -0.194289 0.695131 -0.046384
v -0.193696 0.696485 0.006224
v -0.194860 0.701368 -0.031676
v -0.194171 0.706926 -0.010479
v -0.193848 0.719783 -0.035280
v -0.193239 0.727770 -0.001641
v -0.193617 0.740919 -0.031664
v -0.192855 0.776016 0.040462
v -0.191935 0.800890 0.064268
v -0.187272 0.804183 -0.094308
v -0.192050 0.814571 0.047796
v -0.195859 0.821178 -0.083727
v -0.191883 0.827709 0.059128
v -0.194710 0.849002 -0.095190
v -0.190681 0.843461 0.058473
v -0.185304 0.855828 0.053660
v -0.194481 0.855835 -0.059943
v -0.192222 0.854574 -0.017891
v -0.194353 0.856162 0.025252
v -0.189211 1.105044 0.076903
v -0.182227 1.200109 0.091183
v -0.160733 1.263483 0.092169
v -0.187534 1.353488 0.093152
v -0.192949 1.352482 -0.121522
v -0.191744 1.359942 0.089153
v -0.184025 -0.012170 -0.082257
v -0.180838 -0.013608 0.078226
v -0.177590 -0.008561 -0.096296
v -0.146677 0.047689 0.098775
v -0.188101 0.390677 -0.097558
v -0.188123 0.434822 0.071084
v -0.188785 0.452576 0.039435
v -0.188102 0.435415 -0.102163
v -0.193197 0.492884 0.073094
v -0.188895 0.534833 0.070776
v -0.189489 0.568318 -0.097543
v -0.193161 0.602474 -0.087171
v -0.187805 0.601037 0.067339
v -0.188908 0.640617 -0.100592
v -0.195239 0.642996 -0.094958
v -0.189724 0.626998 0.068089
v -0.189174 0.687239 0.061220
v -0.193403 0.762393 -0.088285
v -0.189026 0.751506 0.055231
v -0.193169 0.772292 0.012192
v -0.193395 0.757587 0.048808
v -0.189977 0.764257 -0.097360
v -0.189301 0.776308 0.051639
v -0.185374 0.782824 -0.100712
v -0.185535 0.795850 -0.093883
v -0.187697 0.843090 -0.100760
v -0.189685 0.861603 -0.089067
v -0.189283 0.861118 -0.009075
v -0.189153 0.861780 0.049279
v -0.192306 0.936098 -0.089618
v -0.186981 0.861683 -0.095127
v -0.192696 0.934321 0.042249
v -0.185384 0.898870 0.054050
v -0.192914 0.944293 0.048923
v -0.190329 0.946675 -0.095573
v -0.189825 0.953987 0.073615
v -0.189076 0.961319 0.061146
v -0.185185 0.988519 0.060856
v -0.164724 1.045790 -0.102291
v -0.185450 1.127293 0.078835
v -0.184721 1.367263 -0.120957
v -0.188332 1.366135 -0.111195
v -0.183809 1.368738 -0.007607
v -0.186252 1.368544 0.089812
v -0.174804 0.170580 0.084195
v -0.128246 0.252463 0.080952
v -0.140403 0.261524 0.080292
v -0.183631 0.385076 -0.101230
v -0.183907 0.414850 -0.096793
v -0.183087 0.431817 0.075211
v -0.185721 0.463994 0.065932
v -0.182083 0.472914 0.074097
v -0.179896 0.571339 -0.100738
v -0.178399 0.759681 -0.099623
v -0.179480 0.771720 0.054588
v -0.178374 0.798761 0.076333
v -0.180877 0.804698 0.069819
v -0.175674 0.823582 -0.099193
v -0.177588 0.828269 0.072549
v -0.181611 0.861376 -0.097983
v -0.183885 0.893790 0.073573
v -0.180977 0.882810 0.091324
v -0.175825 0.919154 0.055374
v -0.186344 0.930644 0.081842
v -0.186745 0.936608 0.071865
v -0.184120 0.953335 0.086465
v -0.185124 0.968543 0.074123
v -0.178963 0.978350 0.072325
v -0.183238 1.022797 0.064539
v -0.177783 1.035647 0.061623
v -0.182272 1.088432 0.071743
v -0.068395 1.145634 -0.111573
v -0.183964 1.178645 0.083137
v -0.182307 1.182636 0.009156
v -0.178239 1.360696 -0.123570
v -0.179253 1.376415 -0.112039
v -0.137241 -0.002560 0.096816
v -0.160311 0.171570 0.081177
v -0.145613 0.620649 0.068934
v -0.161672 0.646348 0.067393
v -0.164571 0.660241 0.066189
v -0.172642 0.709372 0.060685
v -0.172191 0.771465 0.055108
v -0.179062 0.761886 0.082736
v -0.170682 0.778268 0.061081
v -0.181552 0.808408 0.090023
v -0.174987 0.815009 0.067601
v -0.177946 0.815648 0.098973
v -0.176143 0.833990 0.087401
v -0.172977 0.839801 0.072398
v -0.170194 0.847405 0.063647
v -0.179867 0.853137 0.097682
v -0.181600 0.856904 0.084116
v -0.168646 0.858431 0.057304
v -0.181657 0.874544 0.071671
v -0.178501 0.877884 0.055455
v -0.179922 0.899572 0.060991
v -0.172160 0.897856 0.092459
v -0.176135 0.906827 0.082466
v -0.175919 0.913301 0.073090
v -0.181662 0.925671 0.093546
v -0.174309 0.936045 0.100213
v -0.174265 0.955111 0.092093
v -0.172400 0.971417 0.081298
v -0.174902 0.994178 0.083639
v -0.181955 0.999916 0.075149
v -0.174890 1.014506 0.076969
v -0.177227 1.054343 0.060028
v -0.177262 1.072389 0.034586
v -0.181726 1.111163 0.071497
v -0.178233 1.096403 0.010393
v -0.179887 1.087844 0.027390
v -0.183723 1.148077 0.039567
v -0.177057 1.111520 0.001798
v -0.185181 1.162295 0.079895
v -0.184789 1.171671 0.003544
v -0.177926 1.170524 -0.001979
v -0.173681 1.196340 0.004844
v -0.176527 1.199776 0.082031
v -0.148974 1.294600 0.093341
v -0.161169 1.386576 -0.118858
v -0.176423 1.375336 -0.025954
v -0.173042 1.378349 0.082620
v -0.152754 -0.012986 -0.016412
v -0.128295 -0.003534 -0.101564
v -0.135139 0.388196 0.076480
v -0.171907 0.709362 0.075858
v -0.174686 0.739751 0.073440
v -0.170175 0.726102 0.088441
v -0.174072 0.741689 0.093269
v -0.168256 0.763145 0.060871
v -0.170375 0.757434 0.067442
v -0.171195 0.777415 0.068476
v -0.161617 0.794412 -0.100480
v -0.173100 0.774649 0.099122
v -0.174208 0.786877 0.075394
v -0.174713 0.789032 0.106136
v -0.166724 0.799638 0.112898
v -0.171707 0.829626 0.099736
v -0.168684 0.837654 -0.101522
v -0.170488 0.851748 0.070767
v -0.167352 0.843926 0.110444
v -0.169198 0.867296 0.106697
v -0.175959 0.881255 0.060687
v -0.164092 0.887914 0.100706
v -0.165776 0.907177 0.106642
v -0.172735 0.917811 0.060805
v -0.164175 1.028808 0.067090
v -0.171500 1.047351 0.058910
v -0.171426 1.066664 0.041146
v -0.171138 1.103030 0.004891
v -0.171167 1.119961 -0.000451
v -0.165788 1.190671 0.000389
v -0.168612 1.230238 0.090642
v -0.160438 1.374756 0.093131
v -0.130726 1.408683 -0.076112
v -0.138380 -0.013885 -0.083414
v -0.175147 0.407175 -0.101355
v -0.134825 0.567969 -0.101826
v -0.166885 0.668458 0.081870
v -0.164521 0.690746 0.079935
v -0.167129 0.703349 0.065477
v -0.162788 0.701264 0.098044
v -0.162870 0.725647 0.098420
v -0.160006 0.762766 0.110443
v -0.162635 0.787291 0.114499
v -0.159669 0.823041 0.106657
v -0.155994 0.926136 0.106764
v -0.161046 0.960064 0.089182
v -0.161570 0.975300 0.090684
v -0.160529 0.989738 0.090131
v -0.164363 1.008034 0.082782
v -0.157309 1.046694 0.061301
v -0.158206 1.070820 0.046045
v -0.164287 1.089962 0.029187
v -0.159967 1.113671 0.003398
v -0.156331 1.153667 -0.001961
v -0.165439 1.205859 0.008976
v -0.164992 1.219405 0.031700
v -0.160524 1.239762 0.083083
v -0.135308 1.309101 0.093695
v -0.156340 1.380516 -0.124162
v -0.153651 1.382717 0.090740
v -0.148555 0.141464 0.099246
v -0.134915 0.285210 0.080204
v -0.128111 0.343622 0.078386
v -0.134197 0.447797 0.075653
v -0.083746 0.693341 -0.100100
v -0.166392 0.669612 0.089967
v -0.161608 0.669371 0.098476
v -0.162103 0.665371 0.072202
v -0.160349 0.688711 0.094751
v -0.155809 0.855348 0.112494
v -0.133393 0.858479 -0.098786
v -0.153434 0.899260 0.110748
v -0.159584 1.197603 0.005844
v -0.160028 1.229766 0.033504
v -0.133604 0.149071 0.084229
v -0.133755 0.179103 0.083110
v -0.120830 0.195570 0.082323
v -0.141082 0.325042 0.079010
v -0.137621 0.536720 0.072277
v -0.139805 0.584940 0.070693
v -0.150812 0.617769 0.088293
v -0.154497 0.626415 0.096506
v -0.158850 0.634601 0.089028
v -0.152925 0.641276 0.073023
v -0.153290 0.667713 0.102749
v -0.152549 0.683243 0.101744
v -0.150771 0.702014 0.107107
v -0.146996 0.740782 0.106151
v -0.139388 0.819575 0.110367
v -0.143125 0.816330 -0.102348
v -0.151718 0.836365 0.113550
v -0.141949 0.863231 0.107032
v -0.152498 0.946224 0.094984
v -0.145986 0.961652 0.096898
v -0.146750 1.002040 0.080612
v -0.145840 1.024807 0.064959
v -0.150244 1.069621 0.046309
v -0.150104 1.098515 0.025344
v -0.151768 1.157068 0.002707
v -0.159572 1.214345 0.023208
v -0.149234 1.204828 0.054009
v -0.155575 1.226168 0.032998
v -0.154032 1.248525 0.039351
v -0.047241 1.302602 -0.124115
v -0.152150 1.272406 0.082333
v -0.148915 1.282130 0.090737
v -0.143086 1.393648 0.007412
v -0.135063 1.395533 0.053637
v -0.103468 0.223502 -0.103689
v -0.145294 0.630414 0.073154
v -0.146879 0.633651 0.101277
v -0.142074 0.719812 0.107703
v -0.144197 0.755235 0.108151
v -0.144925 0.792983 0.112893
v -0.138010 0.882290 0.107496
v -0.139186 0.926991 0.099818
v -0.146082 0.985136 0.090147
v -0.141899 1.124176 0.003024
v -0.151939 1.166117 0.027086
v -0.145529 1.222310 0.056834
v -0.148932 1.245946 0.038266
v -0.149774 1.262611 0.043589
v -0.137542 1.395107 -0.123465
v -0.136758 1.392384 0.083502
v -0.132859 0.561242 0.071503
v -0.140711 0.617142 0.088815
v -0.139696 0.622385 0.097573
v -0.140652 0.772045 0.108681
v -0.135526 0.838967 0.110818
v -0.139022 0.904623 0.106896
v 0.004117 1.041587 -0.102092
v -0.140255 1.052236 0.051478
v -0.139469 1.081843 0.036178
v -0.135576 1.102702 0.017093
v -0.141974 1.113468 0.004963
v -0.148099 1.167497 0.047587
v -0.138304 1.171933 0.065410
v -0.139034 1.209595 0.063740
v -0.139215 1.265314 0.045284
v -0.142374 1.273512 0.046015
v -0.133329 1.285290 0.051996
v -0.119994 1.324001 0.093366
v -0.126528 1.407644 -0.119523
v -0.126327 1.410968 -0.111150
v -0.130124 0.271323 0.087728
v -0.136979 0.312483 0.079541
v -0.120126 0.597701 0.070915
v -0.133986 0.634118 0.072356
v -0.132045 0.642919 0.101250
v -0.128329 0.697414 0.103598
v -0.130542 0.710713 0.107199
v -0.132897 0.741510 0.115458
v -0.128895 0.778671 0.111626
v -0.130832 0.800374 0.118490
v -0.132737 0.965948 0.094934
v -0.132604 0.990469 0.092291
v -0.132926 1.012267 0.081816
v -0.130056 1.044971 0.057776
v -0.135951 1.113596 0.010651
v -0.132409 1.186103 0.070640
v -0.132310 1.206080 0.065974
v -0.133850 1.226301 0.071214
v -0.133425 1.243368 0.067791
v -0.136644 1.277614 0.047118
v -0.123172 1.390280 0.091263
v -0.113902 -0.013880 0.062452
v -0.098494 0.007663 0.100481
v -0.121251 0.121210 0.101390
v -0.123338 0.165902 0.084294
v -0.113792 0.253977 0.081694
v -0.122040 0.263780 0.089218
v -0.125051 0.330915 0.086687
v -0.122357 0.574289 0.079571
v -0.121902 0.584576 0.079584
v -0.124828 0.633840 0.069328
v -0.125361 0.635264 0.088045
v -0.127037 0.638122 0.096292
v -0.125308 0.668124 0.102691
v -0.085983 0.792400 -0.100251
v -0.119596 0.787494 0.112712
v -0.127797 0.868714 0.114300
v -0.125376 0.890307 0.108187
v -0.122705 0.942741 0.102791
v -0.125831 1.070850 0.028250
v -0.128502 1.089920 0.022794
v -0.130575 1.104435 0.019035
v -0.125929 1.224272 0.075726
v -0.130079 1.278975 0.049815
v -0.126733 1.304648 0.089255
v -0.128940 1.399337 0.013777
v -0.110020 -0.013653 -0.017204
v -0.098679 0.102967 0.104325
v -0.120342 0.177648 0.090867
v -0.120005 0.275431 0.089054
v -0.111884 0.287692 0.080899
v -0.121639 0.312316 0.083328
v -0.118008 0.321664 0.087419
v -0.122016 0.656967 0.071853
v -0.122008 0.738566 0.114340
v -0.122371 0.759552 0.116757
v -0.118122 0.831205 0.119236
v -0.120948 0.849117 0.112805
v -0.118541 0.912870 0.106929
v -0.121511 0.925562 0.103430
v -0.115518 0.989390 0.087444
v -0.122484 1.001079 0.087290
v -0.116080 1.037006 0.066548
v -0.124188 1.094844 0.027004
v -0.126340 1.140637 0.065693
v -0.119246 1.232023 0.082082
v -0.117563 1.241672 0.082820
v -0.114607 1.273800 0.068155
v -0.113462 1.293780 0.056984
v -0.119839 1.295992 0.055563
v -0.119137 1.300384 0.059129
v -0.114981 1.398195 0.089263
v -0.104483 1.403821 -0.124522
v -0.122200 1.412323 -0.092362
v -0.111986 0.137376 0.081523
v -0.104694 0.378700 0.077021
v -0.091094 0.390963 0.077990
v -0.109423 0.459112 0.076504
v -0.114553 0.668941 0.084018
v -0.114946 0.694550 0.097898
v -0.118011 0.717133 0.101264
v -0.111609 0.777299 0.111793
v -0.112446 0.810842 0.117876
v -0.116806 0.871472 0.113929
v -0.111917 0.897855 0.104102
v -0.120905 0.969775 0.088287
v -0.112350 1.066362 0.035849
v -0.118136 1.078180 0.025566
v -0.107905 1.176713 0.078502
v -0.121727 1.203493 0.068708
v -0.115600 1.312583 0.090269
v -0.121266 1.410718 -0.062493
v -0.131328 -0.010131 0.089522
v -0.104073 0.174863 0.085151
v -0.102888 0.317240 0.080756
v -0.107951 0.332117 0.081537
v -0.105133 0.564103 0.072818
v -0.113878 0.662219 0.067844
v -0.115707 0.669484 0.094026
v -0.114047 0.681828 0.072161
v -0.110144 0.762272 0.111884
v -0.030301 0.834150 -0.101775
v -0.105261 0.929775 0.090337
v 0.070115 0.952723 -0.097992
v -0.110704 0.952781 0.094247
v -0.114646 0.972855 0.075914
v -0.110213 1.011149 0.077476
v 0.000790 0.993279 -0.098293
v -0.109977 1.071743 0.038296
v -0.007615 1.111130 -0.108823
v -0.103707 1.097105 0.070228
v -0.117204 1.142708 0.074615
v -0.108962 1.211359 0.066895
v -0.102618 1.227220 0.074609
v -0.105632 1.239116 0.089057
v -0.100194 1.322482 0.096221
v -0.111742 1.400595 0.074256
v -0.091284 -0.000836 0.095547
v -0.090817 0.044615 0.102946
v -0.092046 0.135827 0.078028
v -0.094668 0.159354 0.082751
v -0.102113 0.268251 0.081868
v -0.096930 0.433853 0.077789
v -0.102375 0.589177 0.071908
v -0.108535 0.685532 0.067116
v -0.106894 0.717732 0.085868
v -0.107435 0.715138 0.072257
v -0.105988 0.746553 0.095502
v -0.103785 0.762791 0.104222
v -0.109202 0.761761 0.066552
v -0.104904 0.794628 0.103002
v -0.103261 0.836117 0.112728
v -0.103527 0.860002 0.104033
v -0.104225 0.877341 0.106957
v -0.103480 0.967347 0.079394
v -0.108150 0.979793 0.071427
v -0.105142 0.993700 0.068813
v -0.107239 1.036372 0.060496
v -0.092352 1.137533 0.081108
v -0.102571 1.182083 0.075392
v -0.107441 1.198398 0.069305
v -0.100577 1.202936 0.056815
v -0.099931 1.308288 0.063022
v -0.087180 1.322881 0.094023
v -0.092382 1.330796 0.099242
v -0.099390 1.405169 0.017018
v -0.089998 1.413124 -0.040133
v -0.093463 -0.007698 0.087835
v 0.075445 0.002062 -0.102391
v 0.076062 0.028980 -0.103079
v -0.090628 0.369251 0.078564
v -0.098503 0.373623 0.073725
v -0.096450 0.452037 0.071466
v -0.093535 0.472833 0.076446
v -0.077660 0.495794 0.076618
v -0.100430 0.727824 0.065409
v -0.104304 0.727085 0.066808
v -0.102791 0.740296 0.082336
v -0.105387 0.755536 0.081070
v -0.102335 0.757150 0.063145
v -0.101405 0.764740 0.066505
v -0.102345 0.764208 0.078788
v -0.101002 0.765201 0.094037
v -0.102700 0.859516 0.066381
v -0.096559 0.862508 0.087092
v 0.055079 0.859049 -0.098710
v -0.102597 0.874757 0.066543
v -0.102625 0.866650 0.073604
v -0.101617 0.899014 0.066936
v -0.103467 0.954435 0.080924
v -0.099707 0.958780 0.081261
v -0.101541 1.006001 0.065998
v -0.103833 1.022151 0.033918
v -0.101286 1.022489 0.054089
v -0.102104 1.032197 0.030163
v -0.102601 1.037859 0.047838
v -0.101776 1.051134 0.042243
v -0.091059 1.092560 0.075992
v -0.077450 1.173373 0.084430
v -0.100420 1.194795 0.058577
v -0.094777 1.210720 0.057210
v -0.089319 1.235489 0.089432
v -0.098971 1.246896 0.090752
v -0.097927 1.303458 0.061257
v -0.092875 1.399932 0.099478
v -0.096066 1.403829 0.096538
v -0.072805 1.416276 -0.119471
v -0.068736 1.419654 -0.111334
v -0.077424 -0.011413 0.068856
v -0.086968 0.103982 0.101590
v -0.085991 0.127240 0.078663
v -0.082191 0.387315 -0.101479
v -0.089714 0.380234 0.070518
v -0.092904 0.441801 0.073483
v -0.096225 0.766624 0.087131
v -0.094184 0.778739 0.095465
v -0.093990 0.800944 0.093051
v -0.026067 0.813621 -0.102193
v -0.095352 0.814139 0.084930
v -0.100434 0.812630 0.104464
v -0.095346 0.832218 0.098351
v -0.096308 0.853083 0.094564
v -0.092928 0.855918 0.081992
v -0.097129 0.883030 0.097691
v -0.096186 0.880274 0.081154
v -0.095256 0.897218 0.063765
v -0.095426 0.908763 0.080940
v -0.096322 0.907524 0.066349
v -0.095028 0.945289 0.077300
v -0.085551 0.997876 0.075068
v -0.096584 1.017861 0.055760
v -0.095675 1.027001 0.028551
v -0.097502 1.052824 0.044324
v -0.093467 1.216895 0.071086
v -0.079280 1.317130 0.069127
v -0.081696 1.411415 0.089468
v -0.073752 0.286539 0.083595
v -0.083101 0.444327 0.077434
v -0.081557 0.716697 0.067348
v -0.062913 0.760188 0.074462
v -0.074920 0.762156 0.084703
v -0.087047 0.783549 0.093748
v -0.088005 0.814967 0.081417
v -0.089406 0.825754 0.091555
v -0.089138 0.836922 0.094959
v -0.089402 0.846900 0.093356
v -0.063315 0.859889 0.071081
v -0.084192 0.907216 0.078127
v -0.089360 0.914337 0.078582
v -0.081060 0.939012 0.082044
v -0.085342 0.954000 0.092310
v -0.073883 1.011644 0.060651
v -0.086715 1.018377 0.042601
v -0.082832 1.024456 0.039682
v -0.101732 1.079257 0.062452
v -0.080517 1.184594 0.060543
v -0.080020 1.190583 0.054029
v -0.077191 1.216276 0.057113
v -0.065246 1.217571 0.072930
v -0.075885 1.246273 0.099273
v -0.078352 1.309353 0.066696
v -0.084828 0.046824 0.095937
v -0.079127 0.131574 0.072448
v -0.080467 0.159930 0.073956
v -0.081172 0.178884 0.085638
v -0.072134 0.379610 0.079455
v -0.077683 0.400165 0.078370
v -0.079439 0.482269 0.075582
v -0.081603 0.696561 0.068274
v -0.068414 0.767446 0.092194
v -0.066812 0.786675 0.094346
v -0.055256 0.852439 0.075375
v -0.059213 0.885263 0.071102
v -0.081063 0.899111 0.068316
v 0.085646 0.888054 -0.098758
v -0.076339 0.941116 0.094734
v -0.076585 1.007569 0.069839
v -0.080329 1.059938 0.075363
v -0.076544 1.179963 0.081965
v -0.072581 1.205182 0.049117
v -0.048853 1.346684 0.099495
v -0.079816 -0.002267 0.079109
v -0.078447 0.040264 0.083138
v -0.077256 0.105449 0.082841
v -0.077197 0.190859 0.087729
v -0.073520 0.386184 0.070856
v -0.074566 0.393887 0.071886
v -0.089326 0.445071 -0.101867
v -0.066898 0.409155 0.072985
v -0.068334 0.476347 0.076994
v -0.065237 0.584300 0.073335
v -0.064063 0.688274 0.069518
v -0.069591 0.709381 0.076497
v -0.056271 0.756907 0.065283
v -0.088250 0.809186 0.083636
v -0.056255 0.816773 0.092681
v -0.057148 0.850342 0.088197
v -0.062857 0.990727 0.088783
v -0.074935 1.014491 0.047189
v -0.069789 1.015789 0.050083
v -0.069194 1.031756 0.073998
v -0.060699 1.226091 0.078994
v -0.068905 1.315272 0.066922
v -0.060980 1.411155 -0.124114
v -0.068725 1.414436 0.044415
v -0.069326 1.418002 -0.039570
v -0.021030 -0.010237 -0.094386
v -0.071025 -0.006790 0.072413
v -0.072634 0.020711 0.076754
v -0.072084 0.080971 0.080650
v -0.072531 0.114291 0.078628
v -0.066561 0.130873 0.086808
v -0.072908 0.164464 0.085616
v -0.064384 0.392436 0.065250
v -0.065407 0.492012 0.068735
v -0.064510 0.724949 0.067127
v -0.054967 0.774257 0.095960
v -0.049886 0.842592 0.095836
v -0.035299 0.878496 0.073956
v -0.052464 0.892702 0.082600
v -0.057232 0.919704 0.082239
v -0.065802 1.007145 0.069001
v -0.060418 1.037248 0.081255
v -0.065500 1.084220 0.082106
v -0.053565 1.238269 0.105395
v -0.054694 1.248117 0.102628
v -0.060797 1.285569 0.083034
v -0.058129 1.416532 0.095991
v 0.083298 -0.013813 -0.081181
v -0.060798 0.066897 0.086430
v 0.017150 0.124583 -0.104053
v -0.063026 0.153394 0.089321
v -0.061754 0.488450 0.070451
v -0.065214 0.507359 0.075900
v -0.062508 0.706988 0.077063
v -0.051559 0.801244 0.100477
v -0.058994 0.828502 0.097699
v -0.054023 0.994183 0.049044
v -0.043951 1.179633 0.088599
v -0.057237 1.190104 0.075605
v -0.061657 1.189881 0.057503
v -0.058129 1.213188 0.059592
v -0.054763 1.232059 0.099867
v -0.059972 1.319980 0.066673
v -0.057473 1.325650 0.070893
v -0.051155 1.413627 0.097896
v -0.049733 1.422903 0.090351
v 0.018467 -0.013803 0.053360
v -0.060705 0.109253 0.090050
v -0.016994 0.230438 0.085339
v -0.054690 0.385440 0.072604
v -0.051054 0.476660 0.074940
v -0.032249 0.540015 0.075580
v -0.054186 0.691467 0.069123
v -0.033865 0.834718 0.099828
v -0.051545 0.886542 0.078520
v -0.051823 0.930947 0.100751
v -0.043842 0.989359 0.094888
v -0.053838 1.001065 0.083911
v -0.046692 1.015280 0.077076
v -0.050796 1.072076 0.084158
v -0.044924 1.191201 0.084569
v -0.061237 1.209488 0.053351
v -0.045188 1.335446 0.089277
v -0.040934 1.340506 0.096900
v -0.051593 1.423881 -0.042801
v -0.036367 0.376687 0.080771
v -0.040652 0.388334 0.075269
v -0.065865 0.416989 0.076579
v -0.033534 0.438976 0.076273
v 0.000608 0.585976 -0.101851
v -0.051738 0.925544 0.089655
v -0.053261 0.936057 0.103814
v -0.046117 0.996677 0.089768
v -0.043167 0.993248 0.045592
v -0.049856 1.003074 0.049720
v -0.049453 1.000437 0.074917
v -0.040637 1.083935 0.095375
v -0.053543 1.201236 0.060316
v -0.040618 1.307801 0.074690
v -0.026119 0.461936 0.076471
v -0.048271 0.497708 0.075954
v -0.036170 0.525425 0.074136
v -0.045953 0.711583 0.067955
v -0.015014 0.864714 0.073464
v -0.034427 1.020704 0.087194
v -0.038857 1.099829 0.092112
v -0.051005 1.115700 0.086818
v -0.049756 1.206553 0.073189
v -0.047416 1.217702 0.079537
v -0.042923 1.226188 0.103768
v -0.050117 1.323707 0.065983
v -0.030968 1.335332 0.066578
v -0.023583 1.426672 0.096387
v -0.035019 1.422501 -0.124070
v -0.027023 1.434018 -0.117018
v 0.041580 -0.012012 0.066417
v -0.018775 0.126851 0.089900
v 0.057075 0.392022 -0.101392
v 0.020939 0.744044 0.065808
v -0.044269 0.852789 0.072879
v -0.013629 0.906163 0.085046
v -0.028502 0.983999 0.055187
v -0.033247 0.997501 0.082950
v -0.042579 1.108515 0.095594
v -0.044873 1.115776 0.096796
v -0.043284 1.152880 0.090024
v 0.153934 1.184147 -0.121637
v -0.042276 1.205602 0.078764
v -0.033635 1.258859 0.096934
v 0.047309 -0.013580 -0.015560
v -0.061040 0.024707 0.079850
v 0.056158 0.258240 0.084669
v -0.016064 0.524042 0.076484
v -0.016999 0.565200 0.075146
v -0.004077 0.624251 0.072789
v -0.009122 0.758902 0.072231
v -0.017490 0.762122 0.088147
v -0.018863 0.769584 0.095066
v -0.019886 0.786135 0.094129
v -0.013594 0.800479 0.103647
v -0.018392 0.915248 0.087668
v -0.027066 0.995667 0.050730
v -0.016666 1.072709 0.090926
v -0.037999 1.119278 0.128438
v -0.036010 1.178803 0.097456
v -0.037388 1.229916 0.107806
v 0.077656 1.276267 -0.123586
v -0.024281 1.433085 -0.008937
v 0.042162 -0.007904 0.071724
v 0.043650 0.055731 0.084820
v 0.049307 0.109986 0.089868
v -0.015552 0.401677 0.076821
v 0.034778 0.789716 -0.100113
v -0.005931 0.813654 0.102022
v -0.025567 0.825238 0.103184
v -0.010523 0.839359 0.089138
v -0.014640 0.923295 0.104613
v -0.014932 0.931152 0.107987
v -0.010099 0.970301 0.101160
v -0.017864 0.979483 0.049889
v -0.016245 1.084841 0.101244
v -0.017928 1.097648 0.098621
v -0.030312 1.104311 0.101779
v -0.027601 1.113982 0.136570
v -0.029491 1.122587 0.138441
v -0.032424 1.143892 0.127205
v -0.031737 1.174312 0.116114
v -0.031210 1.209133 0.106815
v -0.026920 1.330585 0.062262
v -0.019119 1.433565 0.088623
v 0.055630 0.243072 -0.103471
v -0.021920 0.452427 0.073280
v -0.015046 0.472644 0.076898
v -0.025365 0.535729 0.071899
v 0.056577 0.688270 -0.100187
v -0.009041 0.757847 0.081129
v -0.016169 0.776688 0.097066
v -0.004391 0.838113 0.078457
v -0.016654 0.845206 0.073302
v -0.023074 0.879999 0.084922
v -0.015679 1.012702 0.084991
v -0.016918 1.051196 0.088551
v -0.022184 1.150419 0.129751
v -0.025871 1.172791 0.121477
v -0.024450 1.212302 0.111284
v -0.013766 1.352311 0.097375
v -0.012827 1.433760 -0.120270
v -0.011737 0.442209 0.077439
v -0.015544 0.547836 0.066548
v 0.003156 0.702534 0.068636
v -0.016378 0.872537 0.083975
v -0.013423 0.991485 0.048168
v -0.010905 0.995416 0.083716
v -0.008822 1.019977 0.088837
v -0.010605 1.102253 0.103817
v -0.006835 1.220494 0.109369
v -0.013511 1.285413 0.084056
v -0.012051 1.339298 0.063192
v -0.016951 1.345410 0.088709
v -0.009144 1.432854 0.092078
v -0.013818 0.456695 0.071417
v -0.004367 0.535398 0.072754
v 0.009138 0.995790 0.090429
v -0.002189 1.122811 0.139102
v -0.007445 1.332334 0.061124
v 0.005855 1.422966 0.096989
v -0.007261 1.435800 -0.111645
v -0.011805 1.434470 -0.039025
v 0.015183 0.379769 0.079027
v 0.017689 0.400916 0.076143
v -0.003898 0.549963 0.075389
v -0.006422 0.755959 0.066481
v 0.004628 0.789963 0.091404
v -0.001949 0.875079 0.075686
v -0.003149 0.881924 0.084439
v 0.007621 0.920970 0.090044
v -0.009960 0.979701 0.049257
v 0.014076 0.988882 0.094647
v 0.005521 1.099023 0.093388
v -0.002566 1.114812 0.138317
v -0.003696 1.162753 0.124910
v 0.008437 1.298610 0.079089
v -0.001729 1.343929 0.095058
v 0.012604 0.389286 0.074637
v 0.009386 0.438153 0.076521
v 0.013017 0.477197 0.075415
v 0.022136 0.492567 0.075021
v 0.018221 0.773790 0.102388
v 0.016188 0.889772 0.082761
v 0.013535 0.997087 0.073399
v 0.011117 0.998952 0.049291
v 0.007692 1.011987 0.076015
v 0.012193 1.067304 0.085802
v 0.011827 1.236583 0.106770
v 0.016612 1.335105 0.088922
v 0.069697 1.403481 -0.124350
v 0.021838 1.418333 -0.123256
v -0.000658 1.432081 -0.041435
v 0.052647 0.323910 0.081971
v 0.016916 0.800064 0.092783
v 0.027867 0.843470 0.072160
v 0.035984 0.849168 0.070745
v 0.016074 0.878281 0.072115
v 0.021882 0.931424 0.101885
v 0.013889 0.992776 0.045995
v 0.024357 1.077351 0.085451
v 0.008534 1.084071 0.095994
v 0.003133 1.159946 0.119965
v 0.164759 1.171882 -0.120894
v 0.017318 1.324826 0.065491
v 0.009792 1.332040 0.067199
v 0.030740 0.571138 0.074048
v 0.025521 0.687789 0.069737
v 0.008069 0.712738 0.068578
v 0.021330 0.765693 0.102202
v 0.026279 0.783365 0.097720
v 0.035369 0.838173 0.090426
v 0.021119 0.885694 0.078281
v 0.023906 0.918775 0.083079
v 0.016369 1.000485 0.082443
v 0.019954 1.020681 0.081162
v 0.012030 1.107668 0.096457
v 0.008244 1.119167 0.128441
v 0.007237 1.175827 0.095639
v 0.000531 1.208647 0.108977
v 0.038894 1.335825 0.099306
v 0.042237 1.417697 -0.118576
v 0.013053 1.426016 0.044016
v 0.028721 1.419904 0.089236
v 0.043362 0.009524 0.076875
v 0.026361 0.386084 0.070938
v 0.036630 0.424375 0.076354
v 0.031816 0.508485 0.076204
v 0.021295 0.706563 0.077345
v 0.022683 0.750153 0.082667
v 0.018733 0.754919 0.093813
v 0.029114 0.938243 0.102061
v 0.022386 0.992645 0.049516
v 0.028366 0.994024 0.088937
v 0.025503 1.006505 0.050788
v 0.027663 1.031650 0.081929
v 0.016799 1.116944 0.090708
v 0.013445 1.181343 0.088658
v 0.011831 1.199668 0.081493
v 0.014526 1.211732 0.078549
v 0.008281 1.221504 0.106444
v 0.062003 1.362027 0.100340
v 0.055595 1.401949 0.099407
v 0.022825 1.425454 -0.101356
v 0.044337 0.379772 0.079428
v 0.026272 0.750794 0.072692
v 0.031347 0.791629 0.085344
v 0.034731 0.817714 0.099669
v 0.035455 0.831180 0.097719
v 0.017012 0.838926 0.081005
v 0.044640 0.900046 0.080294
v 0.029466 1.093747 0.083825
v 0.021872 1.115300 0.086663
v 0.207895 1.161873 -0.118248
v 0.020624 1.204956 0.072283
v 0.024280 1.221983 0.077929
v 0.019474 1.229716 0.102312
v 0.025526 1.240033 0.105777
v 0.029320 1.319753 0.066295
v 0.030821 0.392989 0.065348
v 0.036987 0.407763 0.072421
v 0.029621 0.480362 0.076179
v 0.030632 0.705764 0.077021
v 0.030498 0.725950 0.067357
v 0.044074 0.885041 0.067440
v 0.035191 0.889446 0.072188
v 0.040351 0.930784 0.083707
v 0.033564 1.003137 0.079375
v 0.028480 1.189338 0.077305
v 0.024856 1.201712 0.058804
v 0.032133 1.188015 0.060081
v 0.033894 1.216705 0.072208
v 0.035683 1.228093 0.079227
v 0.038590 1.314790 0.067135
v 0.040323 1.321998 0.072755
v 0.047209 1.327571 0.095544
v 0.031560 1.416156 0.095611
v 0.039250 1.414768 0.046280
v 0.064257 0.746578 0.078632
v 0.050012 0.762013 0.102154
v 0.042245 0.799295 0.080535
v 0.055533 0.952988 0.092494
v 0.037883 1.007423 0.062061
v 0.041299 1.016656 0.049234
v 0.039204 1.031549 0.072829
v 0.046402 1.052383 0.075732
v 0.036727 1.178152 0.086055
v 0.033018 1.193960 0.053995
v 0.043176 1.204645 0.048962
v 0.029536 1.212931 0.057847
v 0.039128 1.233620 0.093939
v 0.043351 1.246858 0.099914
v 0.049285 0.137406 0.089730
v 0.041854 0.391446 0.067380
v 0.128060 0.472486 -0.102011
v 0.051523 0.469639 0.077894
v 0.035519 0.492164 0.069176
v 0.045304 0.697048 0.068228
v 0.057945 0.745132 0.066388
v 0.046139 0.752773 0.096224
v 0.053255 0.771845 0.102953
v 0.066191 0.785085 0.093913
v 0.139655 0.832927 -0.101966
v 0.059816 0.844093 0.078868
v 0.051087 0.929754 0.079032
v 0.046294 1.418803 -0.104716
v 0.044814 1.417749 -0.049672
v 0.104784 -0.009923 -0.094521
v 0.076368 0.336670 0.079884
v 0.054858 0.381878 0.072827
v 0.046652 0.400086 0.077782
v 0.046786 0.420846 0.074518
v 0.051188 0.445700 0.077796
v 0.058789 0.792116 0.078298
v 0.108634 0.814955 -0.102268
v 0.061146 0.823814 0.093244
v 0.047525 0.941983 0.094490
v 0.045324 1.013397 0.048825
v 0.049071 1.180916 0.078657
v 0.053576 1.193397 0.052294
v 0.050784 1.216246 0.057062
v 0.068557 1.238959 0.091574
v 0.071676 1.318416 0.093320
v 0.050741 -0.001930 0.079027
v 0.050677 0.046740 0.085882
v 0.053996 0.415274 0.078204
v 0.054074 0.431545 0.073998
v 0.059006 0.477921 0.076925
v 0.080023 0.593975 0.071279
v 0.071017 0.748128 0.073378
v 0.065520 0.815093 0.087489
v 0.059622 0.838511 0.087568
v 0.054322 0.899825 0.066656
v 0.067637 0.962878 0.084533
v 0.059522 1.001416 0.072226
v 0.050749 1.018095 0.042664
v 0.053479 1.047178 0.064783
v 0.059425 1.079238 0.074775
v 0.075894 1.141068 0.078452
v 0.051364 1.183941 0.061055
v 0.063733 1.210396 0.055500
v 0.056790 1.228339 0.076215
v 0.055603 1.310582 0.063318
v 0.067932 1.404213 0.095398
v 0.059926 -0.008773 0.082914
v 0.062144 0.000277 0.095596
v 0.060306 0.103827 0.101695
v 0.056591 0.117900 0.089539
v 0.063379 0.372508 0.076691
v 0.087273 0.499645 0.074512
v 0.073293 0.573272 0.072837
v 0.119304 0.605367 -0.101506
v 0.074404 0.709865 0.066260
v 0.072734 0.745280 0.064622
v 0.069075 0.776694 0.099944
v 0.059012 0.800875 0.076164
v 0.065657 0.848194 0.067205
v 0.066874 0.898469 0.063030
v 0.059053 0.908150 0.075702
v 0.060468 0.915498 0.078423
v 0.060109 0.943907 0.078454
v 0.053450 1.014203 0.059184
v 0.053072 1.024386 0.039373
v 0.080378 1.175209 0.078010
v 0.075711 1.219104 0.071403
v 0.066305 1.246049 0.092510
v 0.062993 1.415130 -0.060801
v 0.147688 -0.003244 -0.101496
v 0.059984 0.050078 0.100942
v 0.064628 0.134216 0.082773
v 0.064343 0.167451 0.085812
v 0.068424 0.240710 0.082961
v 0.074459 0.264475 0.081640
v 0.077691 0.312881 0.080460
v 0.074307 0.362109 0.078298
v 0.060900 0.381525 0.072226
v 0.066407 0.433365 0.077572
v 0.152150 0.391560 -0.101259
v 0.060823 0.442396 0.072880
v 0.069548 0.753795 0.092936
v 0.066836 0.909572 0.067054
v 0.063177 1.019452 0.041061
v 0.065023 1.023436 0.030552
v 0.066627 1.033828 0.029413
v 0.067802 1.053084 0.043029
v 0.073020 1.109307 0.074412
v 0.075412 1.182261 0.075711
v 0.071522 1.188354 0.063076
v 0.070336 1.234055 0.086052
v 0.069250 1.303796 0.060826
v 0.069920 1.323776 0.096940
v 0.072489 1.404434 0.026940
v 0.085584 1.400056 0.082826
v 0.070365 0.007126 0.100708
v 0.066660 0.062664 0.103711
v 0.068894 0.103396 0.104398
v 0.071136 0.127603 0.084989
v 0.077649 0.285753 0.080912
v 0.066545 0.451673 0.072007
v 0.069708 0.765863 0.100596
v 0.068226 0.789697 0.089880
v 0.068625 0.800490 0.078989
v 0.066460 0.846697 0.083710
v 0.074663 0.858733 0.066484
v 0.066704 0.908162 0.080056
v 0.068197 0.949550 0.077380
v 0.155254 0.965849 -0.097511
v 0.072216 1.017471 0.058074
v 0.198832 1.150951 -0.111652
v 0.074024 1.203105 0.058818
v 0.068723 1.215582 0.069274
v 0.075179 1.395772 0.097953
v 0.106008 -0.010431 0.087860
v 0.085794 -0.002722 0.096754
v 0.095199 0.142810 0.083806
v 0.070240 0.182582 0.084329
v 0.080549 0.373806 0.077458
v 0.077898 0.455146 0.076062
v 0.092043 0.558853 0.072222
v 0.098182 0.628327 0.069553
v 0.081465 0.671738 0.067760
v 0.072438 0.798924 0.097880
v 0.065923 0.826840 0.097012
v 0.071276 0.820473 0.108225
v 0.075555 0.856803 0.072564
v 0.069485 0.847824 0.103924
v 0.068153 0.860204 0.085763
v 0.075906 0.861829 0.103583
v 0.068566 0.870203 0.092806
v 0.073159 0.899913 0.066508
v 0.070609 0.908550 0.093853
v 0.074253 0.934759 0.086465
v 0.072232 0.951289 0.079159
v 0.076224 0.964469 0.078786
v 0.078900 0.979210 0.070379
v 0.074019 1.022754 0.032236
v 0.072617 1.025037 0.052876
v 0.074284 1.032864 0.030079
v 0.074113 1.087561 0.064987
v 0.086500 1.312275 0.089297
v 0.082282 0.116269 0.101501
v 0.086277 0.161380 0.085924
v 0.087776 0.196323 0.082836
v 0.101555 0.306424 0.079434
v 0.090658 0.327322 0.088370
v 0.078869 0.709471 0.070316
v 0.076518 0.723277 0.084443
v 0.078335 0.745321 0.067365
v 0.072142 0.745111 0.084530
v 0.076227 0.760723 0.106924
v 0.100152 0.787793 -0.099872
v 0.079856 0.790527 0.107099
v 0.080460 0.809506 0.115702
v 0.078869 0.840847 0.114049
v 0.081580 0.884561 0.108431
v 0.083376 0.905188 0.106059
v 0.091347 0.920828 0.102218
v 0.079477 0.955954 0.090725
v 0.073306 1.003875 0.066308
v 0.130468 1.022981 -0.100281
v 0.080584 1.013420 0.075650
v 0.078059 1.037392 0.059974
v 0.072457 1.046348 0.040097
v 0.079210 1.057933 0.042934
v 0.078902 1.069332 0.038509
v 0.091842 1.185806 0.074350
v 0.078786 1.198314 0.070816
v 0.088464 1.205340 0.066722
v 0.092204 1.225828 0.076262
v 0.087940 1.238968 0.084223
v 0.075575 1.307681 0.064138
v 0.089862 1.322087 0.093620
v 0.094383 1.407672 -0.121052
v 0.095892 1.411216 -0.113025
v 0.093060 1.410105 -0.053455
v 0.092698 1.413192 -0.087794
v 0.088501 0.176622 0.092076
v 0.086763 0.253541 0.081414
v 0.092316 0.275127 0.089957
v 0.091090 0.290352 0.080487
v 0.090641 0.586444 0.078132
v 0.080397 0.704082 0.093197
v 0.087873 0.734581 0.111018
v 0.086104 0.763183 0.114768
v 0.090584 0.824536 0.119438
v 0.093912 0.857250 0.110106
v 0.086539 0.937978 0.100578
v 0.088332 0.950974 0.099129
v 0.091133 0.970697 0.088341
v 0.084913 0.974938 0.075709
v 0.082627 0.996482 0.082394
v 0.087259 1.037245 0.066275
v 0.083505 1.067294 0.035410
v 0.089872 1.126910 0.066219
v 0.089122 1.140171 0.072786
v 0.092841 1.296748 0.055175
v 0.099583 1.391208 0.089647
v 0.145846 -0.013588 0.077337
v 0.124948 0.023064 0.096658
v 0.108762 0.153615 0.082093
v 0.096072 0.261368 0.086438
v 0.095817 0.319960 0.087436
v 0.094268 0.343760 0.078470
v 0.096952 0.577031 0.079615
v 0.099495 0.596311 0.070702
v 0.093892 0.637235 0.087437
v 0.086016 0.674143 0.072350
v 0.087705 0.669820 0.097248
v 0.080467 0.685563 0.084765
v 0.093570 0.678510 0.102665
v 0.089666 0.714493 0.101326
v 0.092654 0.782024 0.112265
v 0.095932 0.805070 0.120231
v 0.096302 0.879593 0.113973
v 0.090449 0.988274 0.089456
v 0.098543 0.995922 0.091053
v 0.087914 1.077268 0.026146
v 0.100122 1.400489 0.009688
v 0.109432 0.125898 0.102065
v 0.096377 0.177274 0.091014
v 0.100069 0.634964 0.098485
v 0.097250 0.657958 0.101647
v 0.096028 0.727114 0.112536
v 0.100291 0.748767 0.116518
v 0.106910 0.905941 0.105269
v 0.097916 0.937824 0.103170
v 0.104453 0.964842 0.094987
v 0.100698 1.016128 0.080022
v 0.103807 1.055491 0.046489
v 0.100259 1.066012 0.033211
v 0.094301 1.075036 0.024399
v 0.095333 1.094895 0.025373
v 0.105308 1.181743 0.069872
v 0.099709 1.205995 0.066545
v 0.099363 1.228448 0.076128
v 0.088298 1.291328 0.055500
v 0.101075 1.280927 0.048924
v 0.098644 1.303691 0.089043
v 0.096168 1.385413 0.091331
v 0.157526 1.353035 -0.123456
v 0.116870 1.393379 -0.122564
v 0.103780 1.397197 0.049444
v 0.121101 0.139151 0.099984
v 0.106591 0.171701 0.083479
v 0.107016 0.187070 0.082066
v 0.110408 0.260645 0.080170
v 0.110450 0.331773 0.078597
v 0.111522 0.572585 0.071100
v 0.099062 0.638574 0.072570
v 0.109682 0.774671 0.108380
v 0.105717 0.832217 0.111693
v 0.111055 0.864448 0.107656
v 0.111869 0.928777 0.099406
v 0.110630 0.951087 0.098223
v 0.103977 1.043561 0.056416
v 0.099884 1.093023 0.022269
v 0.103476 1.108845 0.017917
v 0.105639 1.285376 0.054435
v 0.100303 1.410899 -0.087293
v 0.110068 0.281515 0.080014
v 0.153013 0.361734 0.076267
v 0.111201 0.620299 0.082392
v 0.110784 0.616182 0.090122
v 0.110926 0.629059 0.072547
v 0.121416 0.631265 0.100292
v 0.124456 0.669851 0.102396
v 0.104763 0.686385 0.101527
v 0.109300 0.711746 0.108389
v 0.115112 0.793640 0.112163
v 0.113592 0.813345 0.109603
v 0.112197 0.885534 0.107753
v 0.114839 0.990081 0.088092
v 0.116175 1.010615 0.075158
v 0.113144 1.057202 0.049831
v 0.111430 1.082387 0.037039
v 0.107101 1.103814 0.016481
v 0.106569 1.111398 0.009285
v 0.109577 1.169230 0.063980
v 0.110981 1.207007 0.062798
v 0.105651 1.240631 0.067486
v 0.108023 1.269120 0.046177
v 0.117117 1.326897 0.093702
v 0.113476 1.394407 0.005691
v 0.123254 0.166699 0.080936
v 0.152492 0.548755 0.070475
v 0.125028 0.630539 0.068379
v 0.116291 0.618040 0.096440
v 0.124067 0.700578 0.106030
v 0.122217 0.725485 0.102723
v 0.122248 0.843087 0.115397
v 0.151858 0.859460 -0.097993
v 0.120462 0.908600 0.109228
v 0.120395 0.965901 0.094958
v 0.119122 1.023821 0.065613
v 0.159426 1.115052 -0.108641
v 0.112427 1.115763 0.003184
v 0.116544 1.135288 0.003379
v 0.115749 1.160587 0.047668
v 0.111744 1.273538 0.045305
v 0.120077 1.276120 0.082298
v 0.127597 1.375921 0.093046
v 0.126336 1.386505 0.083145
v 0.145408 -0.012611 -0.081066
v 0.154652 -0.009727 0.089927
v 0.159191 0.187592 -0.104056
v 0.119239 0.616037 0.089417
v 0.120821 0.635752 0.072895
v 0.115827 0.747244 0.107219
v 0.158024 0.759420 -0.099124
v 0.123379 0.876080 0.104443
v 0.129866 0.901095 0.108055
v 0.122446 0.941153 0.096229
v 0.127095 1.048445 0.060376
v 0.121292 1.081037 0.040210
v 0.120072 1.126869 0.000003
v 0.121689 1.166839 0.034983
v 0.121257 1.198818 0.050753
v 0.115447 1.191525 0.060265
v 0.117352 1.221205 0.055215
v 0.118788 1.252406 0.037563
v 0.119893 1.263975 0.043143
v 0.131111 1.389756 -0.110765
v 0.128127 1.390780 -0.067231
v 0.131650 0.161501 0.084698
v 0.143466 0.173980 0.080168
v 0.160408 0.515561 0.071857
v 0.126585 0.626068 0.088372
v 0.122750 0.685032 0.101492
v 0.126677 0.758302 0.110892
v 0.139410 0.794929 -0.099231
v 0.132314 0.795366 0.113113
v 0.133255 0.822761 0.106403
v 0.131344 0.859913 0.111548
v 0.132866 0.885992 0.100729
v 0.130188 0.920975 0.107255
v 0.134937 0.940095 0.100350
v 0.129706 0.957112 0.090294
v 0.131635 0.983284 0.091777
v 0.132395 1.008012 0.081936
v 0.128803 1.095859 0.026798
v 0.129159 1.163272 -0.001716
v 0.123937 1.161720 0.002609
v 0.126202 1.227963 0.031555
v 0.119150 1.243967 0.039309
v 0.124761 1.250632 0.040972
v 0.124604 1.266384 0.079425
v 0.134054 1.271276 0.092727
v 0.134211 1.380289 0.089810
v 0.162433 -0.001687 0.094035
v 0.138805 0.147828 0.099763
v 0.158850 0.265692 0.077997
v 0.153973 0.449821 0.074750
v 0.157542 0.426947 -0.101644
v 0.133213 0.657004 0.066187
v 0.132814 0.668298 0.073466
v 0.133914 0.668994 0.094154
v 0.129637 0.687897 0.095087
v 0.134560 0.718599 0.096283
v 0.159296 0.634442 -0.100715
v 0.136867 0.757614 0.105145
v 0.160642 0.844932 -0.099952
v 0.135903 1.031455 0.063688
v 0.134861 1.082361 0.036570
v 0.134287 1.111671 0.002866
v 0.145869 1.116038 -0.000317
v 0.130511 1.196740 0.004124
v 0.130214 1.213805 0.021752
v 0.130785 1.230833 0.033450
v 0.128160 1.271241 0.090360
v 0.146176 1.376164 -0.120487
v 0.151478 1.374052 -0.040217
v 0.138767 1.381421 0.035618
v 0.159558 -0.007407 -0.094301
v 0.142981 -0.012862 0.000396
v 0.160813 0.218242 0.079529
v 0.152725 0.575144 -0.100495
v 0.154164 0.590025 0.069135
v 0.160440 0.626924 0.068255
v 0.136528 0.669866 0.082230
v 0.136564 0.703316 0.065418
v 0.134475 0.689157 0.081555
v 0.137464 0.704199 0.084119
v 0.157813 0.778237 -0.100259
v 0.141896 0.856442 0.107142
v 0.143246 0.970605 0.080828
v 0.139862 0.997280 0.085570
v 0.142341 1.048406 0.057490
v 0.142054 1.062450 0.046039
v 0.136526 1.206899 0.010045
v 0.135774 1.219186 0.030016
v 0.134709 1.230881 0.083685
v 0.155633 1.364874 0.093088
v 0.168800 0.007845 -0.103594
v 0.171818 0.122685 -0.104442
v 0.162604 0.182677 0.078520
v 0.158980 0.488388 -0.101351
v 0.144009 0.700274 0.060377
v 0.140411 0.721661 0.060523
v 0.147554 0.727420 0.074839
v 0.142536 0.722772 0.087660
v 0.139839 0.747978 0.060971
v 0.142097 0.757106 0.075928
v 0.142398 0.772354 0.100999
v 0.142642 0.803143 0.106973
v 0.143231 0.789070 0.072237
v 0.142612 0.793718 0.079724
v 0.143223 0.797324 0.058238
v 0.137397 0.799917 0.069617
v 0.141150 0.803511 0.063295
v 0.140757 0.827740 0.100860
v 0.141604 0.847728 0.056611
v 0.141235 0.843527 0.071005
v 0.136446 0.856357 0.062102
v 0.143339 0.864959 0.055582
v 0.148984 0.887039 0.060559
v 0.142372 0.897207 0.091586
v 0.145966 0.934820 0.099197
v 0.144965 0.950736 0.094145
v 0.143692 1.016870 0.075471
v 0.142199 1.071863 0.035805
v 0.141793 1.104096 0.003437
v 0.145148 1.192149 0.002712
v 0.138890 1.232266 0.090726
v 0.180813 1.311776 -0.123093
v 0.168880 1.331461 0.092529
v 0.151803 1.374212 0.082599
v 0.153655 0.159530 0.095205
v 0.164092 0.328328 0.077210
v 0.144696 0.752666 0.057856
v 0.143193 0.750264 0.094052
v 0.148022 0.762755 0.072518
v 0.144738 0.770298 0.082063
v 0.143459 0.783322 0.080489
v 0.155683 0.790647 0.059483
v 0.149924 0.815613 0.094556
v 0.155928 0.793966 -0.093972
v 0.149312 0.808319 0.089102
v 0.147677 0.813195 0.071909
v 0.145789 0.834310 0.088738
v 0.149407 0.835123 0.070722
v 0.144966 0.838969 0.079728
v 0.149032 0.853194 0.097569
v 0.152886 0.871141 0.074759
v 0.153106 0.892563 0.055141
v 0.149861 0.884710 0.090829
v 0.147364 0.907328 0.056219
v 0.147341 0.910244 0.075767
v 0.142642 0.917098 0.061091
v 0.149855 0.921778 0.095664
v 0.148931 0.925604 0.055336
v 0.145129 0.988892 0.082453
v 0.187458 1.033521 -0.099354
v 0.154775 1.031146 0.063049
v 0.147771 1.051692 0.061567
v 0.148151 1.066620 0.045954
v 0.148163 1.079515 0.026585
v 0.148492 1.105119 0.003555
v 0.148853 1.171678 -0.001964
v 0.149991 1.194927 0.084046
v 0.148370 1.211382 0.091304
v 0.151771 1.375411 -0.111194
v 0.153659 1.370552 -0.008767
v 0.161215 -0.011076 0.072940
v 0.175687 0.043213 0.094751
v 0.176966 0.116327 0.097291
v 0.159273 0.151859 0.097662
v 0.158690 0.363793 -0.101082
v 0.162702 0.766355 0.068101
v 0.159991 0.777810 0.072456
v 0.165317 0.782840 0.064594
v 0.163906 0.806662 0.052385
v 0.152353 0.823947 -0.096842
v 0.152316 0.823487 0.074538
v 0.156493 0.845528 0.054311
v 0.154073 0.872894 0.083503
v 0.154526 0.893444 0.073155
v 0.157325 0.932880 0.080586
v 0.158833 0.954441 0.060615
v 0.154197 0.945600 0.088694
v 0.154717 0.966340 0.077395
v 0.154309 0.986141 0.063507
v 0.152346 1.002732 0.075848
v 0.153139 1.023559 0.064339
v 0.152572 1.054886 0.066649
v 0.152684 1.115364 0.071532
v 0.153702 1.091230 0.072407
v 0.150302 1.087310 0.027483
v 0.150953 1.117373 0.009086
v 0.156586 1.169083 0.081280
v 0.155762 1.171148 0.003360
v 0.145346 1.197688 0.010484
v 0.151363 1.188282 0.052828
v 0.156590 1.190993 0.091288
v 0.163301 -0.008892 -0.082941
v 0.176028 0.092845 0.096025
v 0.157896 0.361636 0.072362
v 0.158756 0.367566 0.065385
v 0.157074 0.408410 -0.095398
v 0.160848 0.470851 0.066700
v 0.158937 0.471315 0.071980
v 0.160057 0.537969 -0.097427
v 0.159561 0.597929 -0.096301
v 0.160510 0.684381 0.060592
v 0.160494 0.754000 0.055879
v 0.166048 0.783671 -0.092883
v 0.163966 0.796382 -0.084787
v 0.167307 0.834602 -0.093662
v 0.161189 0.834413 0.063595
v 0.157733 0.857491 -0.094895
v 0.160165 0.857728 -0.089461
v 0.160004 0.944794 0.053066
v 0.160744 0.946199 -0.095912
v 0.159480 0.959903 0.074183
v 0.159195 0.974190 0.060723
v 0.160487 1.016213 0.060484
v 0.159964 1.085627 0.073254
v 0.158638 1.117738 0.078858
v 0.160279 1.157625 0.084987
v 0.161542 1.169316 0.091304
v 0.155079 1.178440 0.009985
v 0.167616 1.350480 -0.118639
v 0.159408 1.366447 -0.109494
v 0.169604 0.168743 0.083145
v 0.165727 0.190542 -0.100375
v 0.165931 0.193555 -0.097377
v 0.164782 0.267487 -0.100969
v 0.164097 0.289075 0.078498
v 0.165977 0.332306 -0.096794
v 0.165264 0.378734 -0.083133
v 0.160960 0.367465 0.030044
v 0.167141 0.355328 0.024516
v 0.161902 0.381167 0.006320
v 0.164317 0.409156 -0.068347
v 0.160559 0.440591 0.033001
v 0.165060 0.423727 -0.015968
v 0.167059 0.436582 -0.095014
v 0.166270 0.465701 -0.095241
v 0.165354 0.496947 0.032297
v 0.164291 0.544224 -0.076560
v 0.165250 0.530950 0.036013
v 0.158703 0.550570 0.065999
v 0.162438 0.599093 -0.084303
v 0.156092 0.572493 0.066256
v 0.165199 0.604793 -0.043868
v 0.158985 0.590478 0.067916
v 0.165124 0.597652 0.060685
v 0.166827 0.631452 -0.070300
v 0.165869 0.613679 -0.055069
v 0.166059 0.625560 0.062359
v 0.165562 0.636073 -0.095079
v 0.164451 0.654455 0.056332
v 0.165291 0.670795 0.028478
v 0.163974 0.747211 0.048151
v 0.164871 0.688918 -0.055062
v 0.164392 0.692835 0.010606
v 0.161702 0.721970 0.055354
v 0.162747 0.767376 -0.095859
v 0.164002 0.762240 -0.088462
v 0.165196 0.703047 -0.027041
v 0.165429 0.704483 -0.011663
v 0.164412 0.723963 -0.036846
v 0.164309 0.721226 -0.004344
v 0.164328 0.740339 -0.031762
v 0.164196 0.736784 -0.004657
v 0.165109 0.742637 -0.017529
v 0.163662 0.761868 -0.038966
v 0.165395 0.755571 0.046271
v 0.165994 0.762548 0.008534
v 0.166514 0.768264 -0.039011
v 0.167451 0.796012 0.045968
v 0.170970 0.805624 -0.079252
v 0.173622 0.818732 -0.075290
v 0.163016 0.846226 0.045377
v 0.165835 0.851130 -0.087952
v 0.163712 0.849080 -0.033016
v 0.160441 0.855496 -0.040015
v 0.160320 0.853591 0.049008
v 0.163298 0.936536 -0.089356
v 0.163909 0.939928 0.047735
v 0.166051 0.943938 -0.089139
v 0.166020 0.943739 0.036592
v 0.166944 0.961590 0.055722
v 0.162606 1.357553 -0.012204
v 0.161056 1.363672 0.083286
v 0.172614 -0.004642 -0.074539
v 0.173672 -0.004889 0.073707
v 0.173445 0.005165 -0.093960
v 0.173393 0.006203 0.089775
v 0.171205 0.167525 -0.102248
v 0.165706 0.193844 0.073615
v 0.166796 0.220724 -0.005726
v 0.165377 0.260248 0.072363
v 0.167707 0.278461 0.024628
v 0.167635 0.297310 -0.094753
v 0.168875 0.289457 0.072383
v 0.166793 0.361982 0.006920
v 0.168459 0.335550 0.071397
v 0.166318 0.384654 -0.022319
v 0.166745 0.415109 -0.038019
v 0.166172 0.463582 -0.017455
v 0.165681 0.529298 -0.045301
v 0.165584 0.551754 0.022992
v 0.167311 0.516480 0.065556
v 0.166257 0.587880 0.042028
v 0.165928 0.599556 -0.008828
v 0.171204 0.605723 -0.020216
v 0.170564 0.610120 0.003794
v 0.166611 0.615593 0.020589
v 0.170977 0.612047 -0.046946
v 0.171251 0.622853 -0.019692
v 0.171358 0.632696 0.026275
v 0.170864 0.626367 -0.036577
v 0.166853 0.630217 -0.033259
v 0.166697 0.632960 -0.000862
v 0.170950 0.630314 0.001348
v 0.166116 0.635281 0.031715
v 0.170791 0.638243 -0.065840
v 0.170535 0.640571 -0.047141
v 0.165627 0.661557 0.000011
v 0.171122 0.644144 0.008781
v 0.166444 0.662749 -0.034346
v 0.165801 0.665890 -0.070302
v 0.170195 0.658643 -0.065723
v 0.170832 0.659210 0.007097
v 0.171065 0.662709 -0.042043
v 0.170498 0.668494 0.024228
v 0.171241 0.683706 -0.053106
v 0.169320 0.670836 -0.027875
v 0.169798 0.671839 -0.007840
v 0.171023 0.692075 0.003676
v 0.171445 0.698055 -0.028108
v 0.170994 0.702872 -0.016268
v 0.171384 0.706831 -0.023535
v 0.171781 0.719312 -0.007913
v 0.170413 0.724536 -0.031515
v 0.176475 0.726711 -0.007794
v 0.176318 0.732874 -0.026981
v 0.178647 0.765401 0.029600
v 0.173888 0.766330 0.054866
v 0.173689 0.771201 -0.072371
v 0.175693 0.781770 -0.079749
v 0.176891 0.813289 0.044579
v 0.171858 0.842063 -0.088322
v 0.173279 0.842097 0.039130
v 0.177014 0.845657 -0.010469
v 0.172849 0.949955 0.048691
v 0.191274 1.294145 0.091881
v 0.173195 1.338492 -0.021372
v 0.175633 1.335119 0.083295
v 0.176374 0.002693 -0.057202
v 0.176230 0.001757 0.076698
v 0.178291 0.020535 -0.095157
v 0.178502 0.042956 -0.102803
v 0.173489 0.169266 -0.095033
v 0.173607 0.175600 0.069957
v 0.184125 0.601283 -0.008331
v 0.180649 0.603818 -0.039344
v 0.181595 0.620120 -0.060580
v 0.184706 0.615874 0.018275
v 0.187043 0.626773 -0.003873
v 0.181838 0.632603 0.028799
v 0.187774 0.633479 -0.043883
v 0.187168 0.638207 0.007056
v 0.181214 0.640273 -0.069655
v 0.187656 0.648193 -0.048537
v 0.180556 0.653959 0.030795
v 0.181377 0.663943 -0.066849
v 0.187580 0.660868 -0.045504
v 0.181840 0.666541 0.000647
v 0.182016 0.672578 -0.031044
v 0.181010 0.671127 0.024886
v 0.180812 0.682678 -0.055595
v 0.185957 0.673848 -0.009187
v 0.180433 0.692915 -0.043837
v 0.180475 0.689057 0.009292
v 0.184158 0.699576 -0.032111
v 0.181101 0.702900 -0.009284
v 0.190042 0.704189 -0.031213
v 0.179711 0.732935 -0.016742
v 0.183148 0.766811 0.000449
v 0.177846 0.772401 -0.047676
v 0.175264 0.797249 -0.067303
v 0.176042 0.797389 0.025799
v 0.178434 0.809223 -0.063892
v 0.173566 0.827735 0.053022
v 0.176771 0.833681 -0.079654
v 0.176166 0.844113 -0.059946
v 0.186973 0.965294 -0.094886
v 0.188267 1.018381 0.060302
v 0.222997 1.175065 -0.120497
v 0.211414 1.232971 0.091306
v 0.174879 1.330801 0.090248
v 0.181115 0.043667 0.089210
v 0.181676 0.047101 -0.001925
v 0.181274 0.049723 -0.095632
v 0.181242 0.082842 -0.095440
v 0.180910 0.106679 0.046184
v 0.178890 0.117196 -0.100744
v 0.181220 0.114550 0.090145
v 0.173428 0.169633 -0.043540
v 0.176915 0.139962 0.085808
v 0.186983 0.622332 -0.023704
v 0.186683 0.649827 0.009443
v 0.193862 0.670382 -0.018681
v 0.176046 0.777354 0.053080
v 0.191238 0.781632 -0.017677
v 0.182305 0.788509 -0.057515
v 0.180259 0.800405 -0.039691
v 0.182711 0.798070 -0.007339
v 0.176114 0.802954 0.033572
v 0.183584 0.812597 -0.020390
v 0.183216 0.812414 0.021614
v 0.182715 0.825224 -0.056800
v 0.181851 0.828571 0.037210
v 0.182319 0.837659 -0.044485
v 0.189540 0.960179 0.047883
v 0.187588 0.965645 0.054677
v 0.193967 1.058340 0.068378
v 0.191582 0.602795 -0.024228
v 0.188843 0.616922 -0.056339
v 0.189209 0.627631 0.024529
v 0.188528 0.643383 -0.068118
v 0.189478 0.652404 0.028000
v 0.189296 0.670721 -0.059108
v 0.188624 0.673355 -0.039521
v 0.189343 0.664662 0.006877
v 0.188951 0.677293 0.014540
v 0.191502 0.679844 -0.032155
v 0.189805 0.680628 -0.005402
v 0.188719 0.690916 -0.002682
v 0.190668 0.718300 -0.026527
v 0.189800 0.774040 -0.006159
v 0.189401 0.776409 0.012081
v 0.186481 0.788388 0.014939
v 0.190686 0.790506 -0.013481
v 0.188993 0.826846 0.003851
v 0.185143 0.837135 0.007907
v 0.188779 0.960163 -0.089240
v 0.199301 1.099792 0.075582
v 0.198432 1.112766 -0.107366
v 0.204123 1.155122 0.085094
v 0.221449 1.168179 0.090299
v 0.195756 0.613560 -0.039168
v 0.194934 0.625584 0.016829
v 0.194733 0.618419 -0.032155
v 0.195161 0.632264 -0.052919
v 0.194688 0.618434 -0.006459
v 0.194580 0.634687 -0.060271
v 0.194751 0.633659 0.013215
v 0.193400 0.656102 0.021135
v 0.192212 0.666869 0.013544
v 0.193348 0.661159 -0.056844
v 0.189482 0.685929 -0.039066
v 0.199285 0.676314 -0.026105
v 0.200895 0.677475 -0.013818
v 0.194089 0.698627 -0.009250
v 0.192325 0.719855 -0.017378
v 0.194313 0.967191 -0.089524
v 0.194645 0.966972 0.048542
v 0.195143 0.972593 -0.015703
v 0.196297 1.003262 0.055927
v 0.195508 1.012235 -0.096517
v 0.196225 1.029341 0.059098
v 0.196043 1.032229 -0.095179
v 0.198041 1.076423 -0.101849
v 0.184736 1.316543 -0.118865
v 0.192198 1.304275 0.082826
v 0.196035 0.613324 -0.001992
v 0.203899 0.678128 -0.019836
v 0.200565 0.695887 -0.026356
v 0.201682 0.701192 -0.016511
v 0.198398 1.017623 -0.010761
v 0.199138 1.014370 0.050316
v 0.198839 1.017685 -0.089206
v 0.196225 1.030551 -0.001855
v 0.200873 1.073843 0.064988
v 0.200252 1.072469 -0.095125
v 0.209102 1.234078 -0.121975
v 0.203849 1.269350 0.090451
v 0.202359 1.278071 -0.120214
v 0.197017 1.295754 -0.110861
v 0.206972 1.144377 -0.102867
v 0.205878 1.126000 -0.019577
v 0.206456 1.124671 0.072715
v 0.208972 1.150992 0.079622
v 0.208400 1.150854 -0.106763
v 0.203574 1.279953 -0.016287
v 0.205774 1.276043 0.082505
v 0.208041 1.150798 0.024680
v 0.221580 1.160581 -0.111415
v 0.211802 1.154858 -0.072512
v 0.213041 1.156226 0.076618
v 0.207243 1.271595 -0.111161
v 0.223523 1.162665 0.082776
v 0.221896 1.204642 -0.119991
v 0.214716 1.233691 -0.118926
v 0.227486 1.166866 -0.079514
v 0.220577 1.203189 0.089733
v 0.218948 1.225588 0.082904
v 0.214900 1.241806 -0.112186
v 0.230199 1.170221 -0.112807
v 0.229337 1.169298 0.082680
v 0.232060 1.177267 -0.115905
v 0.230160 1.190399 -0.113420
v 0.230347 1.187698 0.073077
v 0.216887 1.232304 -0.011886
v 0.231420 1.177309 0.001319
v 0.231281 1.177014 0.083382
vn -0.9524 -0.3049 0.0068
vn -0.8751 -0.4838 -0.0069
vn -0.7892 -0.0775 -0.6092
vn -1.0000 0.0049 0.0086
vn -0.9981 -0.0610 -0.0011
vn -0.8912 0.1207 -0.4372
vn -0.9858 0.1678 -0.0022
vn -0.5700 -0.6409 -0.5142
vn -0.7926 -0.6094 0.0210
vn -0.7280 -0.6856 0.0052
vn -0.7805 -0.6251 -0.0053
vn -0.7993 -0.6009 -0.0021
vn -0.6701 -0.4506 0.5898
vn -0.6740 -0.1259 0.7279
vn -0.5425 -0.2023 -0.8153
vn -0.5898 -0.0249 0.8071
vn -0.9600 0.2798 0.0069
vn -0.9606 0.2779 -0.0013
vn -0.9651 0.2619 0.0060
vn -0.8005 0.2225 0.5565
vn -0.5527 -0.8330 0.0254
vn -0.5862 -0.8102 0.0019
vn -0.5429 -0.8398 -0.0033
vn -0.8509 0.2237 -0.4753
vn -0.7958 0.2238 0.5627
vn -0.4051 -0.7597 -0.5087
vn -0.5778 -0.8153 0.0381
vn -0.3988 -0.8662 0.3011
vn -0.3637 -0.7095 0.6035
vn -0.0474 -0.1002 -0.9938
vn -0.0255 -0.0363 -0.9990
vn -0.1139 0.0146 0.9934
vn -0.0967 0.0028 0.9953
vn -0.4340 0.1323 -0.8912
vn -0.8798 0.2473 -0.4060
vn -0.9667 0.2559 -0.0052
vn -0.8068 0.1884 0.5599
vn -0.8331 0.2196 0.5077
vn -0.9635 0.2674 0.0134
vn -0.9958 -0.0909 -0.0064
vn -0.9967 -0.0813 -0.0085
vn -0.9626 -0.2709 -0.0011
vn -0.3243 -0.7480 -0.5791
vn -0.7104 -0.7038 0.0004
vn -0.7342 -0.6790 0.0015
vn -0.6984 -0.1110 0.7071
vn -0.0912 -0.0092 0.9958
vn -0.4530 0.0783 -0.8881
vn -0.9000 0.2433 -0.3616
vn -0.8786 0.1993 0.4340
vn -0.9647 0.2630 0.0117
vn -0.9642 0.2650 -0.0084
vn -0.9331 0.0605 -0.3546
vn -0.9831 -0.1132 0.1440
vn -0.9951 -0.0990 -0.0046
vn -0.8219 -0.1687 0.5441
vn -0.9972 -0.0703 -0.0268
vn -0.9950 -0.0997 -0.0009
vn -0.9949 -0.1003 -0.0038
vn -0.9941 -0.1082 -0.0073
vn -0.8608 -0.1888 0.4727
vn -0.6697 -0.1787 0.7208
vn -0.4976 -0.1103 -0.8604
vn -0.7202 -0.0938 -0.6874
vn -0.9672 -0.2513 0.0364
vn -0.9952 -0.0968 -0.0124
vn -0.0241 -0.4485 -0.8935
vn -0.0194 -0.2683 -0.9631
vn -0.8893 0.2705 -0.3687
vn -0.9217 0.3879 0.0040
vn -0.9145 0.4046 0.0010
vn -0.8396 0.3765 0.3915
vn -0.9016 -0.4291 0.0539
vn -0.9960 0.0826 0.0325
vn -0.9913 -0.1293 0.0248
vn -0.9794 0.1929 -0.0604
vn -1.0000 -0.0052 0.0040
vn -0.9962 -0.0573 0.0649
vn -0.9788 0.1786 -0.1001
vn -0.9992 0.0395 -0.0084
vn -0.6066 -0.7876 0.1079
vn -0.6547 -0.0326 -0.7552
vn -0.6887 0.0228 0.7247
vn -0.6974 0.0067 0.7167
vn -0.9117 0.3613 -0.1956
vn -0.8519 0.4116 0.3240
vn -0.6594 0.2198 0.7190
vn -0.9965 -0.0838 -0.0014
vn -0.9965 -0.0836 0.0061
vn -0.9961 -0.0883 -0.0052
vn -0.8267 -0.1242 0.5487
vn -0.9074 -0.0736 -0.4137
vn -0.9960 -0.0885 0.0095
vn -0.7445 -0.0943 0.6609
vn -0.8914 0.0316 -0.4522
vn -0.9688 0.2480 0.0003
vn -0.9763 0.2163 0.0030
vn -0.7782 -0.0439 0.6265
vn -0.9761 0.2174 -0.0048
vn -0.9844 0.1757 -0.0059
vn -0.8066 -0.0932 -0.5837
vn -0.8179 -0.1565 0.5537
vn -0.9941 -0.1086 -0.0056
vn -0.7274 -0.2032 0.6554
vn -0.6231 -0.1370 -0.7700
vn -0.8772 -0.1988 -0.4371
vn -0.7405 -0.2103 0.6383
vn -0.1799 -0.1722 0.9685
vn -0.1351 -0.1888 0.9727
vn -0.0087 -0.3948 0.9187
vn -0.0496 0.0049 0.9988
vn -0.1925 0.0748 0.9784
vn -0.5235 0.2776 -0.8055
vn -0.8946 0.4468 -0.0102
vn -0.8115 0.3826 0.4417
vn -0.8976 0.4406 0.0124
vn -0.8933 0.4492 0.0111
vn -0.5984 -0.7534 -0.2726
vn -0.6833 -0.7002 0.2070
vn -0.7937 -0.4776 -0.3767
vn -0.5444 -0.6795 0.4918
vn -0.5624 -0.5184 -0.6442
vn -0.4460 0.7960 0.4092
vn -0.6955 0.7183 0.0193
vn -0.5648 0.8209 -0.0838
vn -0.6852 0.6311 -0.3636
vn -0.5326 0.6034 -0.5935
vn -0.6982 -0.4255 0.5757
vn -0.7069 -0.4285 0.5627
vn -0.7510 0.4948 0.4373
vn -0.7218 0.3704 -0.5847
vn -0.6642 -0.1728 -0.7274
vn -0.8146 0.0020 -0.5800
vn -0.6327 0.2548 0.7312
vn -0.8659 0.0462 0.4981
vn -0.7015 0.0454 -0.7112
vn -0.7613 -0.0018 0.6484
vn -0.7191 0.0625 -0.6921
vn -0.9832 0.0489 -0.1761
vn -0.8948 0.1164 0.4310
vn -0.6970 0.2384 -0.6763
vn -0.8975 -0.0978 0.4301
vn -0.8634 -0.2791 -0.4202
vn -0.8960 -0.2817 -0.3434
vn -0.8697 -0.1728 0.4624
vn -0.7559 0.3320 0.5642
vn -0.9332 0.2879 -0.2153
vn -0.3589 -0.8528 -0.3793
vn -0.3805 -0.7977 0.4678
vn -0.9332 0.3246 0.1541
vn -0.8985 -0.3506 0.2642
vn -0.9374 -0.0715 -0.3407
vn -0.4945 -0.2254 -0.8395
vn -0.5590 -0.2646 0.7858
vn -0.7721 -0.4873 -0.4080
vn -0.9380 0.3029 0.1686
vn -0.9943 -0.0452 0.0962
vn -0.4040 0.1700 -0.8988
vn -0.3435 0.1785 0.9220
vn -0.4129 0.2031 0.8878
vn -0.7629 0.4080 -0.5015
vn -0.6109 -0.4971 -0.6162
vn -0.7792 -0.6267 0.0025
vn -0.8018 -0.5976 -0.0019
vn -0.7959 -0.6054 -0.0034
vn -0.6455 -0.5163 0.5627
vn -0.6749 -0.1952 0.7116
vn -0.1555 -0.0635 -0.9858
vn -0.5865 -0.1321 -0.7991
vn -0.4879 0.0805 -0.8692
vn -0.4336 -0.1696 -0.8850
vn -0.2678 -0.1341 -0.9541
vn -0.1548 0.0372 -0.9872
vn -0.2185 0.0971 0.9710
vn -0.5349 0.2359 -0.8113
vn -0.6176 0.3153 -0.7205
vn -0.8667 0.4823 -0.1277
vn -0.9939 -0.1105 0.0040
vn -0.9937 -0.1121 0.0055
vn -0.9918 -0.1276 0.0001
vn -0.9792 -0.0844 -0.1846
vn -0.9966 -0.0827 -0.0037
vn -0.9970 -0.0777 -0.0027
vn -0.9119 0.0075 -0.4104
vn -0.9999 0.0132 0.0008
vn -0.7453 0.0034 0.6667
vn -0.9325 0.0024 -0.3610
vn -0.9999 0.0137 0.0009
vn -0.8611 -0.0072 0.5084
vn -0.8655 0.1159 0.4874
vn -0.1151 -0.9158 -0.3848
vn -0.3253 -0.9003 -0.2894
vn -0.1020 -0.9945 -0.0245
vn -0.3842 -0.8977 0.2160
vn 0.1405 -0.8698 0.4731
vn -0.1422 -0.6860 -0.7136
vn -0.2250 -0.4754 0.8505
vn -0.0312 0.2270 0.9734
vn -0.4671 -0.0136 0.8841
vn -0.2966 -0.4161 0.8596
vn -0.0791 0.1504 0.9855
vn -0.4988 0.3304 -0.8013
vn -0.0525 -0.5288 -0.8471
vn -0.5039 0.4388 0.7440
vn -0.3015 0.5473 -0.7808
vn -0.1103 -0.9596 -0.2589
vn -0.3690 0.5577 0.7435
vn -0.7097 0.5806 -0.3992
vn -0.6612 0.6689 -0.3397
vn -0.5046 0.6757 0.5375
vn -0.6780 0.6450 -0.3525
vn -0.5109 0.6699 0.5387
vn -0.1357 0.1199 -0.9835
vn -0.3627 0.0793 -0.9285
vn -0.2970 0.2170 0.9299
vn -0.6820 0.6896 -0.2434
vn -0.7433 0.6427 0.1857
vn -0.9222 -0.3703 -0.1118
vn -0.9199 -0.3774 -0.1064
vn -0.9896 -0.0798 0.1201
vn -0.9385 0.2859 -0.1933
vn -0.9860 0.1361 0.0964
vn -0.9370 0.3357 0.0963
vn -0.9831 -0.1828 0.0008
vn -0.9935 0.1115 -0.0229
vn -0.9991 0.0398 -0.0117
vn -0.4345 -0.6280 -0.6456
vn -0.5777 -0.8163 -0.0028
vn -0.5199 -0.8380 0.1660
vn -0.4294 -0.6586 0.6179
vn -0.0842 -0.0734 0.9937
vn -0.1009 -0.0634 -0.9929
vn -0.0233 -0.1053 -0.9942
vn -0.0232 -0.1072 -0.9940
vn 0.0043 -0.1373 0.9905
vn 0.0201 -0.4652 0.8850
vn -0.8794 0.4761 -0.0078
vn -0.9000 -0.4359 -0.0026
vn -0.9320 -0.3624 0.0022
vn -0.8612 -0.4230 -0.2819
vn -0.9519 -0.2936 -0.0880
vn -0.3561 -0.1278 -0.9257
vn -0.8404 -0.2511 -0.4802
vn -0.9209 -0.2176 0.3233
vn -0.5360 -0.1223 0.8353
vn -0.5114 -0.1059 0.8528
vn -0.4289 -0.8365 0.3409
vn -0.2679 -0.0066 -0.9634
vn -0.3305 -0.0014 -0.9438
vn -0.3126 -0.0385 0.9491
vn -0.7793 0.1450 0.6096
vn -0.9944 0.1059 -0.0039
vn -0.4353 0.0518 -0.8988
vn -0.9760 0.1137 -0.1855
vn -0.9945 0.1046 -0.0043
vn -0.9589 0.1032 -0.2645
vn -0.9945 0.1051 -0.0042
vn -0.7885 0.2917 0.5415
vn -0.8502 0.3080 0.4271
vn -0.9653 0.2612 -0.0054
vn 0.1811 -0.8615 0.4744
vn 0.3284 -0.7577 0.5640
vn 0.0890 -0.5251 0.8464
vn 0.0428 0.9991 -0.0068
vn -0.1249 0.9271 -0.3535
vn 0.1027 0.7325 0.6730
vn 0.0241 0.8529 -0.5215
vn -0.1003 0.3828 0.9184
vn -0.0941 0.5509 -0.8292
vn 0.0292 -0.0112 -0.9995
vn 0.0692 -0.1854 0.9802
vn -0.1668 -0.8429 0.5116
vn -0.1463 -0.9104 0.3870
vn -0.2360 -0.5988 -0.7653
vn 0.5743 0.0384 -0.8177
vn -0.8614 -0.4851 -0.1505
vn -0.5804 -0.8143 0.0094
vn -0.5596 -0.8111 0.1702
vn -0.9176 -0.3373 0.2102
vn -0.8409 0.4389 -0.3167
vn -0.8428 0.4740 -0.2551
vn -0.8781 0.4251 -0.2195
vn -0.9277 -0.1584 0.3381
vn -0.9301 0.3032 0.2074
vn -0.9714 -0.1638 -0.1719
vn -0.9701 -0.1895 -0.1519
vn -0.9944 -0.0795 0.0697
vn -0.8837 0.4079 -0.2294
vn -0.8083 0.5833 0.0798
vn -0.7434 0.6688 0.0030
vn -0.9746 -0.0180 -0.2234
vn -0.9384 -0.3093 0.1538
vn -0.8193 -0.5240 -0.2327
vn -0.9446 0.2243 0.2399
vn -0.8522 -0.4894 0.1848
vn -0.8534 -0.4681 0.2291
vn -0.9320 0.2588 -0.2539
vn -0.9417 -0.0734 0.3284
vn -0.9473 0.1553 0.2802
vn -0.8193 0.5297 -0.2195
vn -0.8060 0.5917 -0.0162
vn -0.8049 0.5931 -0.0202
vn -0.7882 0.6149 -0.0250
vn -0.8491 0.4642 0.2520
vn -0.1316 -0.1618 -0.9780
vn -0.0026 -0.0223 -0.9997
vn -0.0200 -0.1444 0.9893
vn -0.0039 -0.2132 0.9770
vn 0.0058 -0.1799 0.9837
vn -0.0067 -0.5084 -0.8611
vn -0.0152 -0.0166 0.9997
vn -0.3811 0.1777 -0.9073
vn -0.2568 0.0843 0.9628
vn -0.8796 0.4755 0.0125
vn -0.8063 0.4356 0.4001
vn -0.8107 0.4442 0.3812
vn -0.4565 -0.8897 -0.0062
vn -0.5065 -0.8623 -0.0025
vn -0.4418 -0.8853 0.1451
vn -0.5294 -0.6592 -0.5341
vn -0.6811 -0.6193 -0.3906
vn -0.6989 -0.6113 0.3713
vn -0.6948 -0.6234 0.3586
vn -0.4895 -0.4110 0.7691
vn -0.3921 -0.1592 0.9061
vn -0.2002 -0.1291 -0.9712
vn -0.2179 0.0631 -0.9739
vn -0.8747 0.2747 -0.3993
vn -0.5947 0.5545 0.5821
vn -0.5960 0.5848 0.5503
vn -0.8740 0.2735 -0.4016
vn -0.9455 0.3253 -0.0095
vn -0.7607 0.2743 0.5883
vn -0.9178 0.3970 -0.0039
vn -0.9804 0.1972 -0.0009
vn -1.0000 -0.0067 0.0023
vn -1.0000 -0.0062 0.0030
vn -0.9999 -0.0101 0.0095
vn -0.9987 -0.0518 -0.0010
vn -0.9997 0.0220 0.0116
vn -1.0000 0.0027 0.0035
vn -0.9998 0.0047 -0.0213
vn -0.9997 0.0249 0.0086
vn -0.9997 0.0053 -0.0251
vn -0.9997 -0.0200 -0.0108
vn 0.3583 -0.9336 -0.0058
vn 0.5044 -0.8518 0.1418
vn 0.3765 -0.8829 -0.2805
vn 0.5132 -0.7968 -0.3189
vn 0.4875 -0.6833 -0.5436
vn 0.2257 -0.6334 -0.7402
vn -0.1848 0.9377 0.2943
vn 0.2772 -0.1993 -0.9399
vn 0.4106 -0.2749 -0.8694
vn 0.0160 0.4488 -0.8935
vn 0.5286 -0.0979 0.8432
vn -0.0555 -0.1471 -0.9876
vn 0.1163 0.1362 0.9838
vn 0.1759 0.2225 -0.9589
vn 0.1540 -0.5647 -0.8108
vn 0.4216 0.3567 -0.8337
vn -0.2441 -0.7663 0.5944
vn -0.1057 -0.7781 -0.6192
vn 0.0286 -0.9994 0.0215
vn 0.3921 0.5215 0.7578
vn 0.0786 0.5752 -0.8142
vn 0.2337 0.6023 0.7633
vn 0.3530 0.7959 -0.4918
vn 0.2662 0.8421 -0.4690
vn 0.0891 0.8308 0.5494
vn 0.2890 0.7608 0.5811
vn 0.2812 0.4780 -0.8321
vn 0.4652 0.5496 0.6939
vn 0.2937 -0.2893 0.9111
vn 0.7146 0.4327 -0.5496
vn -0.1655 -0.3374 -0.9267
vn -0.2697 0.5146 -0.8139
vn -0.5619 0.6927 0.4522
vn -0.3043 0.4393 0.8452
vn -0.6195 0.7283 -0.2929
vn -0.5143 0.8564 -0.0455
vn -0.5326 -0.8461 0.0202
vn -0.4633 -0.8858 -0.0267
vn -0.8671 -0.3938 -0.3052
vn -0.5287 -0.8304 0.1757
vn -0.8692 0.0691 -0.4896
vn -0.6246 -0.7209 0.3002
vn -0.8332 -0.3376 0.4379
vn -0.8737 -0.2156 0.4360
vn -0.8517 0.1466 -0.5031
vn -0.9804 0.1684 0.1019
vn -0.8367 0.5462 -0.0399
vn -0.7849 0.5809 0.2156
vn -0.7595 -0.4312 -0.4871
vn -0.7607 -0.4234 -0.4921
vn -0.8397 -0.2163 -0.4981
vn -0.8327 0.5116 -0.2119
vn -0.4563 -0.6415 -0.6167
vn -0.5739 -0.8189 -0.0019
vn -0.3470 -0.5940 0.7258
vn -0.0641 -0.1187 0.9909
vn -0.0870 -0.0784 0.9931
vn -0.5748 0.3305 -0.7486
vn -0.8806 0.4739 -0.0070
vn -0.0848 -0.0075 0.9964
vn -0.1848 0.5761 0.7962
vn -0.3109 0.0727 -0.9477
vn -0.4022 0.4089 0.8192
vn -0.9996 -0.0265 -0.0032
vn -0.8249 -0.0547 0.5626
vn -0.9832 -0.1777 0.0405
vn -0.8854 0.0004 0.4647
vn -1.0000 -0.0062 0.0020
vn -0.9509 -0.0066 -0.3094
vn -0.7506 0.0468 0.6591
vn -0.9999 0.0032 0.0124
vn -0.3409 0.0168 -0.9400
vn -0.7385 -0.0321 0.6735
vn -0.6453 -0.0641 0.7612
vn -0.6942 0.0277 -0.7192
vn -0.7058 0.0271 -0.7079
vn -0.5177 0.0412 0.8546
vn -0.9999 0.0026 -0.0169
vn -0.9998 0.0098 0.0192
vn -0.7997 0.0868 -0.5942
vn -0.5658 0.0349 0.8238
vn -0.9912 0.0716 -0.1109
vn -0.4260 -0.0074 0.9047
vn -0.9991 -0.0411 0.0045
vn -0.9412 0.2728 -0.1996
vn -0.9998 0.0206 -0.0004
vn -0.8954 0.4451 -0.0147
vn -0.5533 0.2872 0.7819
vn -0.6850 0.4099 -0.6023
vn -0.9716 0.2263 0.0697
vn -0.9396 0.3419 0.0191
vn -0.9545 0.2455 0.1691
vn -0.9935 -0.0256 0.1112
vn -0.9944 -0.0614 0.0857
vn -0.9757 -0.1268 -0.1787
vn -0.9979 0.0639 0.0068
vn -0.9997 0.0205 0.0153
vn -0.7231 0.0147 -0.6906
vn -0.9499 -0.2551 0.1808
vn -0.9995 0.0265 0.0171
vn -0.9964 -0.0829 -0.0188
vn -0.8155 0.0654 -0.5750
vn -0.9998 0.0183 -0.0071
vn -0.9994 0.0206 -0.0264
vn -0.9967 0.0710 -0.0383
vn -0.6625 0.0693 0.7458
vn -0.9920 0.0873 -0.0909
vn -0.9959 0.0389 0.0816
vn -0.9984 0.0138 -0.0552
vn -0.9985 0.0445 0.0304
vn -0.9990 0.0215 -0.0398
vn -0.9996 0.0227 -0.0144
vn -0.5194 -0.8495 -0.0929
vn -0.8780 -0.4463 -0.1730
vn -0.8919 -0.4451 0.0799
vn -0.8361 -0.4445 0.3216
vn -0.9969 -0.0690 0.0371
vn -0.1159 -0.7918 -0.5997
vn -0.9016 -0.2899 -0.3210
vn -0.5535 -0.6094 0.5676
vn -0.9972 -0.0598 0.0447
vn -0.9946 -0.0664 -0.0802
vn -0.9949 -0.0966 -0.0308
vn -0.7406 0.6351 0.2196
vn -0.9763 0.2088 -0.0575
vn -0.9481 0.2825 -0.1458
vn -0.9108 -0.1132 -0.3971
vn -0.9050 0.1723 0.3890
vn -0.7877 0.2653 -0.5560
vn -0.9564 0.0493 0.2879
vn -0.6023 -0.0037 0.7983
vn -0.8334 -0.0479 0.5506
vn -0.9989 0.0297 -0.0372
vn -0.3032 0.0562 -0.9513
vn -0.9989 0.0301 0.0354
vn -0.9986 0.0516 0.0081
vn -0.7219 -0.0846 -0.6868
vn -0.9990 0.0298 0.0348
vn -0.8557 -0.1121 0.5052
vn -0.9991 0.0336 0.0262
vn -0.9012 -0.2146 -0.3765
vn -0.9989 0.0294 -0.0369
vn -0.8668 0.2019 -0.4560
vn -0.6466 -0.5993 0.4720
vn -0.8905 -0.4491 0.0727
vn -0.8446 -0.5343 0.0334
vn -0.7946 -0.4610 -0.3951
vn -0.8290 0.3075 0.4671
vn -0.9983 0.0575 -0.0127
vn -0.4570 0.5899 -0.6658
vn -0.7626 0.5402 -0.3558
vn -0.5626 0.5539 0.6137
vn -0.6142 0.7177 -0.3282
vn -0.7009 0.5972 0.3901
vn -0.5634 0.4450 -0.6961
vn -0.7055 0.5917 0.3899
vn -0.8397 -0.0595 -0.5398
vn -0.3029 -0.3192 0.8980
vn -0.3883 -0.3449 0.8545
vn -0.7334 -0.1967 -0.6507
vn -0.4319 0.1567 -0.8882
vn -0.8046 0.2766 -0.5254
vn -0.6139 0.4758 0.6298
vn -0.5504 0.8346 -0.0247
vn -0.7174 -0.6954 0.0430
vn -0.8712 -0.3857 -0.3037
vn -0.4406 -0.8864 0.1421
vn -0.6127 -0.7826 0.1099
vn -0.8181 0.0047 0.5750
vn -0.7578 -0.0622 -0.6495
vn -0.7862 -0.1938 -0.5868
vn -0.6439 0.5863 0.4915
vn -0.7783 -0.0024 -0.6278
vn -0.6964 0.6638 0.2726
vn -0.9188 -0.2341 0.3177
vn -0.9148 -0.2570 0.3114
vn -0.6282 -0.7118 0.3142
vn -0.8563 -0.1390 0.4975
vn -0.7376 0.0260 -0.6747
vn -0.8000 0.4865 -0.3512
vn -0.7052 0.6395 0.3063
vn -0.6831 0.5030 0.5295
vn -0.4199 0.9050 -0.0691
vn -0.4389 0.8984 0.0122
vn -0.3400 0.9393 0.0464
vn -0.3001 0.9523 -0.0557
vn -0.2819 0.9582 -0.0492
vn -0.4339 0.8886 0.1486
vn -0.0269 -0.1782 0.9836
vn -0.0021 -0.1838 0.9830
vn 0.0186 -0.1515 0.9883
vn -0.0058 -0.0251 -0.9997
vn 0.0057 -0.0015 1.0000
vn -0.0062 -0.0060 1.0000
vn -0.8393 0.3348 0.4284
vn -0.4483 0.2409 0.8608
vn -0.5326 0.2210 -0.8170
vn -0.8692 0.4658 -0.1658
vn -0.8810 0.4729 0.0141
vn -0.8900 0.4557 -0.0142
vn -0.2224 -0.9749 -0.0030
vn -0.2895 -0.9501 0.1166
vn -0.2591 -0.7835 -0.5648
vn -0.0816 -0.0208 0.9965
vn -0.1925 0.5585 0.8069
vn -0.6871 0.1921 -0.7007
vn -0.8661 0.4009 -0.2988
vn -0.9520 -0.1321 -0.2760
vn -0.8633 -0.4350 -0.2559
vn -0.9754 0.2197 0.0180
vn -0.8623 -0.4386 -0.2533
vn -0.9912 0.0887 0.0981
vn -0.4206 -0.3086 -0.8532
vn -0.9923 0.0979 0.0757
vn -0.9398 -0.1459 0.3091
vn -0.3337 -0.0098 -0.9426
vn -0.9063 -0.3618 0.2185
vn -0.8824 -0.3864 0.2685
vn -0.7491 -0.3355 0.5712
vn -0.8554 0.0556 -0.5150
vn -0.4192 0.0929 0.9031
vn -0.8647 0.0585 -0.4989
vn -0.5252 0.0527 0.8494
vn -0.8123 0.1067 0.5734
vn -0.6700 -0.0259 -0.7419
vn -0.9910 -0.0724 -0.1124
vn -0.8425 -0.1022 0.5289
vn -0.7906 -0.0760 0.6077
vn -0.7294 0.0841 0.6789
vn -0.7973 0.0903 0.5968
vn -0.6610 0.0177 -0.7502
vn -0.9986 0.0517 0.0124
vn -0.9974 0.0436 -0.0572
vn -0.9987 0.0258 0.0445
vn -0.9997 0.0233 -0.0120
vn -0.8008 0.0574 0.5962
vn -1.0000 0.0052 -0.0042
vn -0.7995 0.0573 0.5980
vn -0.9999 0.0109 0.0003
vn -0.9930 -0.0337 0.1134
vn -0.9997 0.0088 -0.0232
vn -1.0000 0.0023 0.0037
vn -0.6858 0.0131 -0.7276
vn -0.9913 0.1119 -0.0699
vn -1.0000 0.0072 -0.0033
vn -0.9375 0.0389 -0.3459
vn -0.9988 -0.0451 -0.0209
vn -0.9916 -0.0999 0.0816
vn -0.9995 0.0324 0.0068
vn -0.9417 0.1613 0.2953
vn -0.7875 0.0798 0.6112
vn -0.5345 -0.0200 -0.8449
vn -0.8258 -0.4030 -0.3945
vn -0.6951 -0.6781 0.2388
vn -0.6495 0.3411 -0.6796
vn -0.6318 -0.5995 0.4913
vn -0.7050 0.3224 -0.6316
vn -0.5462 0.5297 -0.6489
vn -0.7481 0.0845 0.6582
vn -0.6271 -0.0100 -0.7789
vn -0.4448 0.2754 -0.8523
vn -0.7991 0.4888 -0.3500
vn -0.7978 0.4893 -0.3523
vn -0.8079 0.5891 -0.0164
vn -0.7492 0.6623 0.0078
vn -0.9385 0.3399 0.0606
vn -0.8773 0.4760 -0.0608
vn -0.7204 0.6935 -0.0063
vn -0.8869 -0.3689 0.2782
vn -0.9125 -0.0351 -0.4075
vn -0.9987 -0.0499 0.0047
vn -0.9988 -0.0485 0.0028
vn -0.9994 -0.0352 -0.0034
vn -0.9983 -0.0453 0.0352
vn -0.6700 -0.0273 0.7419
vn -0.9259 -0.0384 -0.3758
vn -0.7240 -0.0423 0.6884
vn -0.7014 -0.2456 -0.6691
vn -0.9275 -0.3738 -0.0001
vn -0.9600 -0.2799 -0.0066
vn -0.9511 -0.1858 0.2467
vn -0.8390 -0.3013 0.4532
vn -0.4325 0.0715 0.8988
vn -0.2864 -0.0490 0.9569
vn -0.0315 -0.1017 -0.9943
vn 0.3409 -0.1383 0.9299
vn -0.0037 -0.0015 1.0000
vn -0.8504 0.4686 -0.2393
vn -0.8405 0.4777 -0.2557
vn -0.8411 0.5404 0.0231
vn -0.8421 0.5390 -0.0185
vn -0.1134 -0.9485 -0.2958
vn -0.2062 -0.9785 -0.0047
vn -0.0512 -0.0421 0.9978
vn 0.0236 0.7127 0.7011
vn -0.0355 0.0294 0.9989
vn -0.4819 0.1779 -0.8580
vn -0.5365 0.1195 -0.8354
vn -0.9564 0.1734 -0.2349
vn -0.7207 0.2380 0.6511
vn -0.5796 0.1328 0.8040
vn -0.9927 0.0948 0.0739
vn -0.9504 0.1283 0.2832
vn -0.6203 0.0364 0.7835
vn -0.6661 -0.3373 0.6652
vn -0.3309 0.0546 -0.9421
vn -0.3051 -0.0377 -0.9516
vn -0.1290 0.0923 0.9873
vn -0.1826 0.0241 -0.9829
vn -0.2346 -0.1161 -0.9651
vn -0.2255 0.1372 0.9645
vn -0.6680 -0.0459 0.7427
vn -0.5194 0.5227 0.6760
vn -0.5057 0.6619 0.5533
vn -0.6621 0.4986 0.5594
vn -0.6120 0.1715 -0.7721
vn -0.6558 -0.4883 0.5758
vn -0.4091 -0.3208 -0.8542
vn -0.4724 -0.5358 -0.6998
vn -0.6838 0.0824 0.7250
vn -0.4391 0.2760 -0.8550
vn -0.2995 0.4563 0.8379
vn -0.9853 -0.1004 -0.1378
vn -0.9884 -0.0182 0.1507
vn -0.9922 -0.0106 0.1238
vn -0.4699 -0.0053 -0.8827
vn -0.7561 -0.0073 0.6544
vn -0.1124 -0.0119 0.9936
vn -0.2712 -0.0157 -0.9624
vn -0.9839 -0.1682 -0.0610
vn -0.9263 0.0141 0.3765
vn -0.8214 -0.3122 0.4774
vn -0.8050 -0.2983 -0.5128
vn -0.9138 0.0068 0.4061
vn -0.9758 -0.1577 -0.1513
vn -0.8752 0.2687 0.4022
vn -0.9459 0.3013 0.1204
vn -0.8491 0.5270 -0.0347
vn -0.8222 0.1236 0.5556
vn -0.9387 -0.1330 0.3181
vn -0.5163 0.3363 0.7876
vn -0.0405 -0.0642 -0.9971
vn 0.2463 -0.2259 0.9425
vn 0.3678 -0.1323 0.9205
vn 0.5884 -0.0054 0.8086
vn 0.6667 -0.1756 0.7243
vn -0.0023 -0.0809 -0.9967
vn 0.8716 -0.0215 0.4897
vn 0.7381 -0.0261 0.6742
vn 0.9940 -0.0872 0.0667
vn 0.9996 0.0259 -0.0126
vn 0.8202 -0.2182 0.5288
vn 0.9742 -0.2255 0.0097
vn 0.8184 -0.2222 0.5300
vn 0.9971 -0.0669 -0.0366
vn -0.0012 -0.0151 0.9999
vn -0.0311 -0.0243 0.9992
vn -0.2160 0.1461 -0.9654
vn -0.2239 0.1614 -0.9611
vn -0.8370 0.5469 -0.0199
vn -0.4621 0.2294 0.8567
vn -0.7424 0.6392 -0.2007
vn -0.7488 0.6626 0.0160
vn -0.0446 -0.0046 0.9990
vn 0.0639 0.8160 0.5745
vn -0.0061 0.1816 0.9834
vn -0.0350 -0.0103 0.9993
vn -0.3628 0.1341 -0.9222
vn -0.6401 -0.3137 -0.7013
vn 0.0076 0.0544 0.9985
vn -0.0636 0.0143 -0.9979
vn -0.0235 -0.0306 0.9993
vn -0.0537 0.1136 0.9921
vn -0.1371 0.0571 0.9889
vn -0.0955 0.0953 0.9909
vn -0.0853 0.0877 0.9925
vn -0.0466 0.4676 0.8827
vn -0.3170 -0.5850 0.7465
vn -0.4897 -0.6376 0.5948
vn -0.1533 -0.8630 0.4813
vn -0.5688 -0.2610 0.7800
vn -0.9432 -0.3318 0.0148
vn -0.5843 0.4753 0.6578
vn -0.9247 -0.0099 0.3807
vn -0.9626 0.0584 -0.2646
vn -0.6259 -0.3774 0.6825
vn -0.9572 0.1791 -0.2276
vn -0.9533 0.2225 0.2042
vn -0.5696 0.2380 0.7867
vn -0.2921 0.7659 0.5727
vn -0.9729 -0.2227 0.0625
vn -0.2591 0.5087 0.8210
vn -0.2115 -0.0143 0.9773
vn -0.2270 -0.0092 0.9739
vn -0.8302 -0.1883 0.5247
vn -0.7585 -0.2074 0.6178
vn -0.8283 -0.1703 -0.5337
vn -0.9405 -0.0761 -0.3312
vn -0.8927 0.3030 0.3337
vn -0.7036 0.3664 0.6088
vn -0.9203 0.3728 -0.1185
vn -0.8975 0.3723 0.2364
vn -0.7598 0.3211 0.5653
vn -0.8782 -0.3839 -0.2852
vn -0.9026 -0.3817 0.1989
vn -0.8811 -0.4206 -0.2160
vn -0.8363 -0.4077 -0.3665
vn -0.8502 -0.3436 0.3988
vn -0.7439 0.1029 0.6603
vn -0.5119 0.3376 0.7899
vn -0.5052 0.5235 0.6861
vn -0.4925 0.5189 0.6987
vn -0.5131 0.4556 0.7274
vn -0.9022 -0.0725 0.4252
vn -0.8235 -0.3381 0.4556
vn -0.7107 0.2628 0.6526
vn -0.5188 0.3926 0.7594
vn 0.7342 0.0360 0.6780
vn 0.7595 -0.1081 0.6415
vn 0.9554 0.2414 0.1699
vn 0.8996 -0.0169 0.4364
vn 0.9382 0.2637 0.2241
vn 0.9977 0.0662 -0.0133
vn 0.9974 0.0715 0.0109
vn 0.9554 0.0161 0.2948
vn 0.9924 0.0396 0.1165
vn 0.9394 0.1113 0.3243
vn 0.6318 0.0588 0.7729
vn 0.9956 0.0894 0.0291
vn 0.5682 -0.2963 0.7677
vn 0.8264 -0.3933 0.4030
vn 0.9433 -0.3318 0.0032
vn 0.8154 -0.2599 0.5173
vn -0.0383 -0.0232 0.9990
vn -0.0241 -0.0017 0.9997
vn -0.5590 0.7254 -0.4016
vn -0.6229 0.7817 0.0303
vn -0.6007 0.7994 -0.0135
vn -0.0429 -0.9627 -0.2672
vn -0.0075 -0.9999 -0.0088
vn -0.0243 -0.9206 0.3898
vn -0.0300 -0.5680 -0.8225
vn -0.0461 -0.0828 0.9955
vn -0.0627 0.0556 0.9965
vn -0.0798 -0.0344 0.9962
vn -0.0156 0.0323 0.9994
vn -0.0219 0.0050 0.9997
vn -0.0312 0.0523 0.9981
vn -0.0538 0.0346 0.9980
vn -0.7865 -0.2833 0.5488
vn -0.9258 -0.1133 -0.3605
vn -0.9954 -0.0879 0.0394
vn -0.7277 -0.3624 0.5823
vn -0.4676 0.0351 0.8832
vn -0.9388 0.0777 -0.3356
vn -0.9709 0.1851 -0.1522
vn -0.9754 -0.2143 0.0511
vn -0.0398 0.5561 0.8301
vn -0.8637 0.0402 -0.5023
vn -0.8708 -0.0103 -0.4916
vn -0.9292 -0.0379 0.3676
vn 0.0285 -0.0384 -0.9989
vn -0.9578 0.2347 0.1657
vn -0.8936 0.0423 -0.4469
vn -0.9665 -0.2385 -0.0946
vn -0.9599 -0.2651 -0.0918
vn -0.9650 -0.1941 0.1762
vn -0.2119 0.4517 -0.8666
vn -0.2703 -0.1052 -0.9570
vn -0.7162 0.0989 0.6909
vn -0.2634 -0.0845 -0.9610
vn -0.6104 0.2311 0.7576
vn -0.9473 -0.2571 0.1912
vn -0.8354 0.3497 0.4241
vn -0.0757 -0.1261 -0.9891
vn -0.9275 0.3701 -0.0524
vn -0.9262 -0.3016 0.2264
vn -0.9717 0.1818 -0.1510
vn -0.7704 -0.2149 0.6003
vn -0.7538 0.0678 -0.6536
vn -0.9191 -0.2612 -0.2951
vn -0.7804 -0.3621 -0.5097
vn -0.6903 0.0611 0.7210
vn -0.7274 0.1177 0.6761
vn -0.7507 -0.3257 0.5747
vn -0.7356 -0.3371 -0.5876
vn -0.5338 0.3552 0.7674
vn -0.5267 0.2473 0.8133
vn -0.7888 0.3162 0.5270
vn -0.9255 0.3636 -0.1064
vn -0.9420 -0.3251 0.0829
vn -0.7868 -0.2901 0.5448
vn -0.6525 -0.0242 0.7574
vn -0.8488 -0.1456 0.5083
vn -0.6646 0.2333 0.7098
vn -0.3046 0.6852 0.6616
vn -0.2198 0.3037 0.9271
vn 0.2768 0.0735 0.9581
vn 0.6955 0.4850 0.5301
vn 0.1483 0.8067 0.5720
vn -0.1121 0.7030 0.7023
vn -0.1022 0.7027 0.7041
vn 0.2252 0.4682 0.8544
vn -0.0668 0.3001 0.9516
vn 0.2727 0.0655 0.9599
vn -0.0626 -0.0792 0.9949
vn 0.3040 -0.2898 0.9075
vn 0.8527 -0.5195 0.0546
vn 0.9132 -0.4042 0.0517
vn 0.7900 -0.3480 0.5047
vn 0.2831 -0.1108 0.9527
vn -0.1779 0.2275 0.9574
vn -0.6661 0.7458 -0.0000
vn -0.5683 0.8223 0.0290
vn -0.0374 -0.9993 0.0054
vn -0.0044 -0.5698 0.8218
vn -0.0296 -0.7054 0.7082
vn -0.0256 0.0129 0.9996
vn -0.0361 0.0243 0.9991
vn -0.0035 0.0164 -0.9999
vn -0.0243 0.0093 0.9997
vn 0.0056 -0.0261 -0.9996
vn -0.0311 0.0501 0.9983
vn -0.0115 0.0527 0.9985
vn -0.9930 0.1092 0.0448
vn -0.6728 -0.0277 0.7393
vn -0.8992 -0.3970 -0.1839
vn -0.9148 -0.3050 0.2647
vn -0.9325 -0.1503 0.3284
vn -0.8071 -0.0118 0.5903
vn -0.7612 -0.3579 0.5409
vn -0.6271 -0.1958 0.7540
vn -0.7029 -0.1042 0.7036
vn -0.9041 -0.1505 0.4000
vn -0.9458 -0.0221 -0.3241
vn -0.9839 -0.1566 -0.0864
vn -0.7733 -0.3458 0.5315
vn -0.5773 -0.1931 0.7934
vn -0.5755 -0.0851 0.8133
vn -0.2091 -0.0577 -0.9762
vn -0.3258 0.3341 0.8845
vn -0.6037 -0.3518 0.7153
vn 0.0030 0.1492 -0.9888
vn -0.9920 0.0857 -0.0932
vn -0.9308 -0.2602 -0.2566
vn -0.8205 -0.2326 0.5222
vn -0.1162 0.3894 0.9137
vn 0.0219 0.4626 0.8863
vn -0.0242 0.5538 0.8323
vn -0.6316 -0.0975 0.7691
vn -0.6171 -0.1473 0.7730
vn -0.3944 0.0636 0.9167
vn -0.3157 0.2959 0.9015
vn -0.3158 0.2960 0.9015
vn -0.0695 0.6017 0.7957
vn -0.2072 0.3252 0.9227
vn -0.1396 0.3530 0.9252
vn -0.1174 0.5276 0.8413
vn -0.4367 0.6099 0.6613
vn -0.4354 0.5131 0.7397
vn -0.7517 0.4686 0.4640
vn -0.5567 0.6559 0.5098
vn -0.1569 0.2969 0.9419
vn -0.0086 -0.2626 -0.9649
vn 0.0254 0.0336 0.9991
vn 0.1342 -0.4900 0.8613
vn 0.5991 -0.6929 0.4013
vn 0.9257 -0.3722 0.0670
vn 0.8243 -0.3418 0.4513
vn -0.0634 0.0403 -0.9972
vn -0.1967 0.1887 -0.9621
vn -0.3133 0.4716 -0.8243
vn -0.3686 0.8190 0.4397
vn -0.2191 0.4473 0.8671
vn -0.0225 0.0041 -0.9997
vn -0.0259 0.0386 0.9989
vn -0.0180 0.0275 0.9995
vn -0.0232 0.0119 -0.9997
vn -0.0242 -0.0010 -0.9997
vn -0.0028 0.0149 -0.9999
vn -0.9732 -0.2120 0.0894
vn -0.9209 -0.1686 0.3515
vn -0.8569 -0.1974 0.4762
vn -0.8683 -0.1399 0.4759
vn -0.8083 -0.2408 0.5373
vn -0.9900 -0.0566 0.1292
vn -0.8880 0.0545 -0.4567
vn -0.9304 0.2212 0.2924
vn -0.8600 0.1499 0.4878
vn -0.9417 -0.2438 0.2317
vn -0.2953 0.1285 0.9467
vn -0.1341 0.3070 0.9422
vn -0.4677 -0.2973 0.8324
vn -0.2693 0.1328 0.9538
vn -0.5230 -0.1865 0.8317
vn -0.2165 -0.4767 0.8520
vn -0.5411 -0.6052 0.5839
vn 0.0004 -0.8590 0.5120
vn 0.6330 -0.4169 0.6523
vn 0.8907 -0.4439 0.0984
vn 0.7894 -0.2135 0.5756
vn -0.0069 -0.0137 -0.9999
vn -0.0046 0.0068 1.0000
vn -0.0611 -0.0503 0.9969
vn 0.1340 0.2856 0.9489
vn 0.3376 0.6605 0.6707
vn 0.1709 0.3289 0.9288
vn 0.3389 0.6503 0.6799
vn -0.0404 0.0188 0.9990
vn -0.0227 0.0264 0.9994
vn -0.0486 0.0674 0.9965
vn -0.1385 0.0262 0.9900
vn -0.9004 -0.4321 0.0510
vn -0.8117 -0.3677 -0.4538
vn -0.4723 -0.1182 0.8735
vn -0.6115 -0.2069 0.7637
vn -0.8499 -0.2941 -0.4373
vn -0.8801 -0.3463 -0.3248
vn -0.4430 0.0790 0.8930
vn -0.5779 0.1905 0.7936
vn -0.7448 -0.3009 0.5955
vn -0.5865 -0.1707 0.7918
vn -0.6015 -0.0143 0.7988
vn 0.0006 0.0081 -1.0000
vn -0.1808 -0.2904 0.9397
vn 0.0438 0.1427 0.9888
vn 0.0725 0.2366 0.9689
vn -0.1577 0.1259 0.9794
vn -0.0605 -0.0339 -0.9976
vn -0.3157 -0.2805 0.9064
vn -0.1883 0.0140 0.9820
vn 0.1507 0.3702 0.9167
vn -0.0165 0.0028 -0.9999
vn -0.2436 0.1195 0.9625
vn 0.1821 0.4737 0.8617
vn -0.4614 0.0852 0.8831
vn -0.4449 -0.1030 0.8896
vn 0.2900 0.5752 0.7649
vn 0.1647 0.2459 0.9552
vn 0.0527 0.5351 0.8431
vn -0.1672 0.6212 0.7656
vn -0.2710 0.7308 0.6265
vn -0.9789 -0.1938 0.0650
vn -0.6343 -0.1805 0.7517
vn -0.9797 -0.1439 0.1394
vn -0.9717 -0.1384 0.1914
vn -0.9522 -0.0797 0.2950
vn -0.9428 0.0452 0.3304
vn -0.3393 -0.5293 0.7776
vn -0.1053 -0.2651 0.9585
vn 0.9428 -0.3247 0.0749
vn 0.9649 -0.2453 0.0941
vn 0.8205 -0.1981 0.5362
vn -0.0073 -0.0086 -0.9999
vn 0.8238 -0.5018 0.2636
vn 0.4013 -0.1854 0.8970
vn -0.5349 0.8418 0.0724
vn -0.4740 0.8805 -0.0097
vn -0.5464 0.8374 -0.0140
vn -0.0005 0.0094 -1.0000
vn -0.0024 -0.0048 -1.0000
vn -0.0136 0.0141 0.9998
vn -0.0128 0.0374 0.9992
vn 0.0029 0.0014 -1.0000
vn -0.5696 -0.3103 0.7611
vn -0.6410 -0.4578 -0.6161
vn -0.6531 -0.4516 0.6079
vn -0.4414 -0.1215 0.8891
vn -0.3679 0.1490 0.9178
vn -0.4144 -0.0300 0.9096
vn 0.0714 -0.1502 0.9861
vn 0.0687 -0.1556 0.9854
vn 0.1422 -0.1673 0.9756
vn -0.0079 0.1433 -0.9896
vn -0.3143 -0.4463 0.8379
vn 0.3248 0.4358 0.8394
vn -0.3243 0.0596 0.9441
vn 0.0867 0.2755 0.9574
vn 0.1551 0.4900 0.8578
vn 0.2464 0.4052 0.8804
vn 0.2135 0.5477 0.8090
vn 0.0615 0.5859 0.8080
vn -0.0739 0.4215 0.9038
vn -0.1412 0.1773 0.9740
vn -0.1318 0.1022 0.9860
vn -0.6331 -0.1827 0.7522
vn -0.8782 0.1766 0.4444
vn -0.9269 0.1401 0.3482
vn 0.0640 -0.2768 0.9588
vn -0.0042 -0.0163 -0.9999
vn 0.0501 -0.3016 0.9521
vn 0.9355 -0.3247 0.1395
vn 0.7907 -0.5802 0.1952
vn -0.3273 0.4610 -0.8248
vn -0.3925 0.9192 0.0306
vn -0.3613 0.9292 0.0775
vn -0.3446 0.8687 0.3558
vn -0.0060 -0.9999 -0.0084
vn -0.1094 0.1330 0.9851
vn -0.0053 0.0326 0.9995
vn -0.0142 -0.7648 -0.6441
vn -0.0796 -0.8512 0.5188
vn -0.2430 -0.7205 0.6495
vn -0.1753 -0.4066 0.8966
vn 0.0257 -0.0383 0.9989
vn 0.2067 -0.0743 0.9756
vn -0.2250 -0.3384 0.9137
vn 0.1751 -0.0577 0.9829
vn 0.1520 0.0875 0.9845
vn 0.2506 0.2137 0.9442
vn -0.2463 0.0273 0.9688
vn 0.2451 0.0371 0.9688
vn 0.1981 0.1622 0.9667
vn 0.3538 0.2845 0.8910
vn -0.3192 0.0172 0.9475
vn 0.3824 0.3437 0.8577
vn 0.3362 0.4407 0.8323
vn 0.3096 0.4300 0.8481
vn 0.0949 0.5843 0.8060
vn 0.2374 0.6313 0.7383
vn 0.0692 0.8352 0.5456
vn -0.0507 0.7335 0.6778
vn -0.9534 -0.2851 0.0991
vn -0.9225 -0.3329 0.1952
vn -0.8588 -0.1121 0.4999
vn -0.6978 0.0322 0.7156
vn -0.8436 0.2513 0.4745
vn -0.0738 -0.3068 0.9489
vn -0.1232 -0.1352 0.9831
vn -0.3455 0.5439 -0.7647
vn -0.4984 0.8098 -0.3095
vn -0.5344 0.8235 -0.1902
vn -0.6736 0.1587 0.7219
vn -0.0712 0.0189 0.9973
vn -0.0390 0.0428 0.9983
vn 0.1927 -0.3946 0.8984
vn 0.1892 -0.7211 -0.6665
vn 0.1428 -0.2258 0.9637
vn 0.0916 -0.2816 0.9552
vn 0.1007 -0.2443 0.9644
vn 0.0125 -0.0395 0.9991
vn -0.1695 -0.2673 0.9486
vn -0.5473 -0.0667 0.8343
vn -0.5505 -0.0089 0.8348
vn -0.1191 -0.2191 0.9684
vn -0.4415 0.1755 0.8799
vn 0.0527 0.2761 0.9597
vn -0.1970 0.1061 0.9746
vn -0.3132 0.4572 0.8324
vn -0.3678 0.3983 0.8403
vn -0.3425 0.5416 0.7677
vn -0.4671 0.5499 0.6924
vn -0.2014 0.4648 0.8622
vn -0.6409 0.3742 0.6702
vn -0.6818 0.1350 0.7189
vn -0.8989 -0.4230 0.1142
vn -0.9121 -0.3501 0.2134
vn -0.8018 -0.3018 0.5158
vn -0.6911 0.0208 0.7225
vn -0.5762 0.1886 0.7953
vn -0.4882 -0.4642 0.7391
vn -0.7690 -0.0466 0.6375
vn -0.7872 0.1401 0.6005
vn -0.8513 0.2490 0.4618
vn -0.0994 -0.1264 0.9870
vn 0.2844 -0.5987 0.7488
vn 0.7347 -0.6546 0.1778
vn 0.1873 -0.2000 0.9617
vn -0.0090 0.0313 0.9995
vn 0.0401 0.0239 0.9989
vn -0.1074 0.3689 0.9232
vn -0.2062 0.7913 0.5756
vn 0.0332 -0.9869 0.1581
vn 0.1386 0.2871 0.9478
vn 0.3921 0.6022 0.6954
vn -0.0538 -0.0660 0.9964
vn -0.3978 -0.2522 0.8821
vn -0.4021 -0.0929 0.9108
vn -0.5092 0.3814 0.7715
vn -0.5072 -0.1195 0.8535
vn -0.4444 0.0185 0.8956
vn -0.0432 0.0382 0.9983
vn 0.2684 -0.4483 0.8527
vn 0.7090 -0.6152 -0.3448
vn 0.7439 -0.5700 0.3488
vn 0.7381 -0.6132 0.2815
vn 0.4882 -0.3268 0.8092
vn 0.0029 -0.0578 0.9983
vn 0.0011 0.0645 0.9979
vn -0.4147 0.1374 0.8995
vn -0.2553 0.0234 0.9666
vn 0.0023 -0.0258 -0.9997
vn -0.0158 -0.1057 0.9943
vn -0.0970 -0.4766 0.8737
vn 0.0007 -0.0855 -0.9963
vn -0.5666 0.0938 0.8186
vn -0.2015 0.0987 0.9745
vn -0.3840 -0.2029 0.9008
vn -0.4792 0.0777 0.8743
vn -0.2342 0.2891 0.9282
vn -0.0695 0.0236 0.9973
vn -0.1984 0.0226 0.9799
vn -0.2144 0.0401 0.9759
vn 0.6594 0.3312 0.6749
vn 0.6457 0.2923 0.7054
vn 0.4441 0.5583 0.7008
vn -0.4083 0.1737 0.8962
vn -0.4538 0.4419 0.7738
vn -0.8897 -0.3690 0.2690
vn -0.8235 -0.3882 0.4137
vn -0.5126 -0.1015 0.8526
vn -0.4384 -0.3003 0.8471
vn -0.5238 -0.2071 0.8263
vn -0.7746 0.3415 0.5323
vn -0.3684 -0.0613 0.9276
vn -0.2641 -0.4335 0.8616
vn -0.0060 -0.0090 -0.9999
vn 0.7492 -0.6327 0.1961
vn 0.6490 -0.6094 0.4554
vn 0.3306 -0.2661 0.9055
vn -0.3842 0.9228 0.0290
vn -0.4105 0.9061 0.1024
vn -0.0154 -0.9998 0.0101
vn -0.0799 -0.0538 0.9953
vn -0.0766 -0.0411 0.9962
vn 0.1564 0.3426 0.9264
vn 0.3985 0.5705 0.7182
vn -0.4172 -0.2509 0.8735
vn -0.4999 -0.3223 0.8039
vn -0.4323 0.3784 0.8185
vn -0.0531 0.0171 0.9984
vn -0.3556 -0.4162 0.8368
vn -0.2717 0.3843 0.8823
vn -0.0879 0.5914 0.8016
vn -0.0325 0.0218 0.9992
vn -0.2308 -0.3134 0.9211
vn -0.3104 -0.1623 0.9366
vn -0.0516 0.0415 0.9978
vn -0.3633 0.5473 0.7540
vn 0.8040 -0.4302 -0.4106
vn 0.3070 -0.1401 0.9413
vn 0.5850 -0.2013 0.7856
vn -0.0550 -0.0366 0.9978
vn 0.0298 -0.2568 0.9660
vn 0.0712 -0.1129 0.9910
vn -0.3424 0.1328 0.9301
vn -0.3818 0.1353 0.9143
vn -0.3159 0.2761 0.9077
vn 0.0014 0.1279 -0.9918
vn -0.0273 0.0639 0.9976
vn -0.1218 0.2987 0.9466
vn -0.1779 0.2227 0.9585
vn 0.0318 0.3328 0.9425
vn 0.5125 -0.1041 0.8524
vn 0.2774 0.1015 0.9554
vn 0.2789 0.1786 0.9435
vn -0.0086 0.4330 0.9014
vn 0.0688 0.4896 0.8692
vn -0.1569 0.5938 0.7891
vn -0.7362 0.0692 0.6733
vn -0.6494 -0.2417 0.7211
vn -0.1920 0.2241 0.9555
vn -0.5249 -0.2214 0.8219
vn -0.6695 0.1621 0.7249
vn -0.6078 0.0455 0.7928
vn -0.6168 0.3731 0.6931
vn -0.6459 0.3915 0.6554
vn -0.0788 -0.3614 0.9291
vn -0.2290 -0.0356 0.9728
vn 0.3102 -0.6287 0.7131
vn 0.6376 -0.7240 0.2633
vn 0.2279 -0.4313 0.8729
vn 0.1998 -0.1841 0.9624
vn -0.3477 0.5515 0.7582
vn -0.2778 0.9569 0.0851
vn -0.1353 0.4034 -0.9050
vn -0.3497 0.9311 0.1038
vn -0.3697 0.9291 0.0142
vn -0.2923 0.9544 0.0604
vn -0.0055 -0.9299 -0.3677
vn -0.0157 -0.9999 -0.0036
vn 0.4119 0.6033 0.6830
vn 0.0213 -0.5973 0.8017
vn -0.1455 0.0393 0.9886
vn -0.0047 0.0420 0.9991
vn -0.0315 -0.0440 0.9985
vn -0.0409 0.0145 0.9991
vn -0.0507 0.0359 0.9981
vn 0.9146 -0.3227 -0.2436
vn 0.9065 -0.3065 0.2905
vn 0.6724 -0.1913 0.7150
vn 0.6744 -0.1327 0.7264
vn 0.3941 0.0122 0.9190
vn 0.3501 -0.1901 0.9172
vn 0.5437 -0.3608 0.7577
vn 0.0116 0.2628 0.9648
vn -0.0178 -0.1036 0.9945
vn 0.1827 -0.2653 0.9467
vn 0.0615 -0.0494 0.9969
vn 0.0485 -0.0591 0.9971
vn -0.0368 0.2761 0.9604
vn 0.3113 -0.0414 0.9494
vn 0.2736 0.4124 0.8689
vn 0.3094 0.4747 0.8240
vn -0.0008 -0.0782 -0.9969
vn -0.0204 0.7238 0.6897
vn 0.0509 0.6940 0.7182
vn -0.0704 0.7993 0.5968
vn 0.0644 0.2828 0.9570
vn -0.5096 -0.2560 0.8214
vn -0.8598 -0.3448 0.3767
vn -0.8502 -0.3180 0.4195
vn -0.8255 -0.3863 0.4114
vn -0.0018 -0.0826 -0.9966
vn -0.3134 -0.0228 0.9494
vn -0.2135 0.2365 0.9479
vn -0.6406 0.4024 0.6540
vn 0.5466 -0.7989 0.2509
vn -0.0667 0.1332 -0.9888
vn -0.2871 0.9536 0.0906
vn 0.2036 -0.5171 0.8313
vn -0.0750 0.0198 0.9970
vn -0.0379 0.0164 0.9991
vn 0.1331 -0.8073 -0.5749
vn 0.2392 -0.4657 0.8520
vn 0.2600 0.2713 0.9267
vn 0.2002 0.5692 0.7975
vn 0.0151 -0.5346 0.8449
vn -0.0372 0.0390 0.9985
vn 0.5150 -0.1547 0.8431
vn 0.9489 -0.2896 0.1252
vn 0.5251 -0.1786 0.8321
vn 0.9162 -0.2903 -0.2764
vn 0.4561 -0.0704 0.8871
vn 0.6921 -0.2774 0.6663
vn 0.3873 -0.0989 0.9166
vn 0.3621 0.0409 0.9313
vn -0.0009 0.0377 -0.9993
vn 0.0990 0.3311 0.9384
vn 0.5355 0.3386 0.7737
vn 0.6144 0.0719 0.7857
vn 0.5805 -0.0010 0.8142
vn -0.0011 0.0108 -0.9999
vn 0.6679 0.5691 0.4795
vn -0.0012 -0.0095 -1.0000
vn 0.8906 -0.2276 0.3938
vn 0.0016 -0.0225 -0.9997
vn 0.4496 0.2791 0.8485
vn -0.0007 -0.0783 -0.9969
vn 0.3221 0.4296 0.8436
vn -0.2579 0.5593 0.7878
vn -0.8143 0.0990 0.5719
vn -0.8843 -0.2653 0.3843
vn -0.6439 -0.2598 0.7197
vn -0.1300 0.4181 0.8990
vn 0.0770 -0.4919 0.8672
vn -0.4611 0.0127 0.8872
vn -0.3593 -0.5529 0.7518
vn -0.1591 -0.3150 0.9357
vn -0.1973 0.9797 0.0357
vn -0.2561 0.9652 0.0528
vn -0.1674 0.9774 0.1290
vn 0.0456 -0.6744 0.7370
vn 0.0775 -0.7556 0.6504
vn 0.0421 -0.4746 0.8792
vn -0.0771 -0.0504 0.9957
vn -0.0621 -0.0319 0.9976
vn 0.0347 -0.0829 0.9960
vn 0.0212 -0.1403 0.9899
vn 0.3640 0.4089 0.8369
vn -0.0515 0.0300 0.9982
vn 0.3910 -0.3303 0.8591
vn 0.3553 -0.0489 0.9335
vn 0.4499 0.2685 0.8518
vn 0.4251 0.0974 0.8999
vn -0.0474 0.0365 0.9982
vn 0.3563 -0.0170 0.9342
vn 0.3672 -0.0066 0.9301
vn 0.2034 0.5203 0.8294
vn -0.0330 0.0411 0.9986
vn -0.0021 0.0146 -0.9999
vn -0.0180 0.0591 0.9981
vn 0.7190 -0.1435 0.6800
vn 0.9672 -0.1915 -0.1668
vn 0.7193 -0.1447 0.6795
vn 0.9879 -0.1547 -0.0098
vn 0.9799 -0.1584 0.1216
vn 0.9009 -0.0929 0.4241
vn 0.8101 0.0226 0.5858
vn 0.7959 -0.2143 0.5663
vn 0.8939 -0.3001 0.3330
vn 0.9710 0.1357 -0.1970
vn 0.7494 -0.2726 0.6034
vn 0.4383 0.2660 0.8586
vn 0.6285 -0.3465 0.6964
vn 0.3877 0.0466 0.9206
vn 0.2705 0.3628 0.8917
vn 0.2492 0.3338 0.9091
vn 0.5127 -0.1376 0.8475
vn 0.5238 -0.1211 0.8432
vn 0.3709 0.2630 0.8907
vn -0.2439 0.1139 0.9631
vn 0.7036 0.5496 0.4504
vn 0.0043 0.5402 0.8415
vn 0.7552 -0.3476 0.5557
vn 0.8789 -0.1026 0.4658
vn 0.8725 0.0110 0.4885
vn 0.5309 0.4293 0.7306
vn 0.4779 0.6076 0.6344
vn 0.4838 0.6024 0.6349
vn -0.2602 -0.0391 0.9648
vn 0.1284 0.3984 0.9082
vn 0.0942 0.3725 0.9232
vn 0.2810 0.8421 0.4604
vn 0.4150 -0.4980 0.7614
vn 0.1012 -0.4675 0.8782
vn 0.1215 -0.6899 0.7136
vn 0.3053 -0.8979 0.3171
vn 0.2878 -0.9067 0.3084
vn 0.1442 -0.6650 0.7328
vn -0.1551 -0.2054 0.9663
vn -0.2034 0.9738 0.1021
vn -0.1491 0.9881 -0.0385
vn 0.0009 -0.0311 -0.9995
vn 0.0013 -0.0111 -0.9999
vn -0.0394 0.1039 0.9938
vn 0.2233 0.1267 -0.9665
vn -0.0313 0.0597 0.9977
vn 0.5619 0.8060 -0.1862
vn -0.0028 -0.0071 -1.0000
vn -0.0351 0.0124 0.9993
vn 0.4756 0.2777 0.8347
vn 0.0251 -0.0249 0.9994
vn -0.0468 0.0374 0.9982
vn -0.0458 0.0417 0.9981
vn 0.3442 -0.0281 0.9385
vn 0.9377 -0.0930 0.3349
vn 0.9837 -0.1796 -0.0049
vn 0.9481 -0.1129 0.2972
vn 0.8031 0.0879 -0.5894
vn 0.9484 -0.1269 0.2906
vn 0.3222 0.0937 0.9420
vn 0.9723 0.1782 0.1514
vn 0.4830 0.0747 0.8724
vn 0.9559 -0.2654 -0.1255
vn 0.9498 -0.2380 0.2033
vn 0.1644 -0.4161 0.8944
vn 0.8330 -0.3944 -0.3880
vn 0.9369 -0.3445 -0.0601
vn 0.3569 -0.9341 -0.0132
vn 0.7645 0.0784 0.6398
vn 0.7394 -0.2348 0.6309
vn 0.7468 -0.1390 0.6503
vn 1.0000 -0.0067 -0.0037
vn 0.9000 0.3055 -0.3110
vn 0.6372 0.3354 0.6939
vn 0.4020 0.0050 0.9156
vn 0.6346 0.2266 0.7389
vn 0.8657 0.1223 0.4854
vn -0.2192 0.1146 0.9689
vn 0.7765 -0.0844 0.6245
vn 0.9105 0.2327 0.3417
vn 0.8232 0.2470 0.5111
vn 0.9915 0.0337 -0.1257
vn 0.9065 0.2233 0.3583
vn 0.9822 -0.1129 0.1502
vn 0.9977 -0.0673 -0.0124
vn 0.9316 0.0904 0.3520
vn -0.4552 0.0569 0.8886
vn -0.5710 -0.1177 0.8125
vn -0.8170 -0.4093 0.4062
vn -0.4691 -0.2211 0.8550
vn -0.0966 0.5690 0.8167
vn 0.8234 0.3970 0.4055
vn 0.8490 0.1274 0.5128
vn 0.5010 -0.4120 0.7611
vn -0.0234 -0.8640 0.5030
vn -0.1400 -0.5445 0.8270
vn -0.4271 0.1724 0.8876
vn -0.4527 0.4044 0.7947
vn -0.4246 0.4248 0.7995
vn -0.0444 -0.3430 0.9383
vn -0.0417 -0.3581 0.9327
vn -0.2070 -0.0048 0.9783
vn -0.2669 0.0178 0.9636
vn -0.4358 0.6168 0.6555
vn -0.3501 0.3644 0.8630
vn -0.0893 0.5610 -0.8230
vn -0.1476 0.9205 -0.3619
vn 0.0384 -0.9862 0.1613
vn 0.1807 0.3702 0.9112
vn 0.3303 0.6555 0.6791
vn 0.3246 0.6539 0.6834
vn 0.1843 0.2012 0.9621
vn 0.1565 -0.1776 0.9716
vn 0.0053 -0.1498 0.9887
vn -0.0556 0.0218 0.9982
vn -0.0700 0.0585 0.9958
vn 0.4047 -0.0969 0.9093
vn -0.1278 -0.0127 0.9917
vn 0.3577 0.2983 0.8849
vn 0.2251 -0.2567 0.9399
vn 0.3283 -0.9440 0.0326
vn 0.7786 -0.4394 0.4480
vn 0.8796 -0.4570 0.1322
vn 0.6842 -0.0116 0.7292
vn 0.6749 0.1091 0.7298
vn 0.6471 0.0768 0.7585
vn -0.0007 -0.0890 -0.9960
vn 0.9302 0.2572 0.2619
vn 0.7253 -0.2327 0.6479
vn 0.9561 -0.1749 0.2352
vn 0.8657 -0.0702 0.4956
vn 0.8332 0.1357 0.5361
vn 0.8820 0.1699 0.4395
vn 0.8510 0.3400 0.4003
vn 0.7158 0.6290 -0.3031
vn 0.9139 0.2668 0.3059
vn 0.8788 -0.1678 -0.4467
vn 0.9984 -0.0018 0.0572
vn 0.9259 -0.0263 0.3769
vn 0.8359 -0.2334 0.4969
vn 0.9157 -0.2657 -0.3014
vn 0.3868 -0.0124 0.9221
vn 0.9195 -0.0308 -0.3918
vn 0.4385 -0.0323 0.8981
vn 0.9212 -0.0275 -0.3881
vn 0.9978 -0.0262 0.0613
vn 0.3962 -0.1845 0.8994
vn 0.8488 -0.5286 -0.0073
vn 0.8773 0.2197 0.4268
vn 0.7511 0.0574 0.6577
vn 0.5966 0.2480 0.7633
vn 0.1712 -0.2224 0.9598
vn -0.4275 0.3681 0.8257
vn 0.2738 0.5603 0.7817
vn 0.7161 0.6905 -0.1020
vn 0.4224 0.2527 0.8705
vn -0.2155 -0.5225 0.8250
vn -0.1982 -0.5211 0.8302
vn -0.0012 -0.0946 -0.9955
vn -0.2737 -0.1165 0.9547
vn 0.2186 -0.8990 0.3795
vn -0.1027 -0.4015 0.9101
vn -0.4855 0.4477 0.7509
vn 0.2978 -0.9051 0.3036
vn -0.3686 0.9270 0.0687
vn -0.3599 0.9024 0.2368
vn -0.2311 0.9681 0.0968
vn -0.1424 0.9374 -0.3179
vn -0.1170 0.9915 0.0569
vn 0.0732 -0.9653 0.2508
vn 0.0014 -0.0256 -0.9997
vn 0.4325 -0.1492 0.8892
vn 0.0020 -0.0089 -1.0000
vn 0.2268 0.0075 0.9739
vn -0.0745 0.0214 0.9970
vn -0.1569 0.5922 0.7904
vn 0.3885 -0.4924 0.7788
vn -0.0288 0.0008 0.9996
vn -0.3842 0.0486 0.9220
vn -0.4714 -0.1424 0.8704
vn -0.0331 0.0399 0.9987
vn -0.0340 0.0468 0.9983
vn -0.0446 -0.3998 0.9155
vn -0.1606 -0.9605 0.2271
vn -0.1068 -0.9930 -0.0512
vn -0.1492 -0.9152 0.3745
vn 0.1651 0.1052 0.9807
vn 0.4778 0.4957 0.7252
vn 0.3797 0.3175 0.8689
vn 0.0018 0.0207 -0.9998
vn 0.4112 -0.5434 0.7318
vn 0.1033 -0.6740 0.7314
vn 0.6016 -0.2461 0.7599
vn 0.3064 0.1589 0.9385
vn 0.3612 0.1826 0.9144
vn 0.6610 0.6740 0.3298
vn -0.6151 -0.4861 0.6208
vn 0.6808 -0.7322 0.0203
vn 0.2862 0.0919 0.9537
vn -0.4487 -0.3915 0.8033
vn -0.6147 -0.5577 0.5578
vn -0.6286 -0.1090 0.7701
vn -0.3418 0.2445 0.9074
vn -0.3480 0.3048 0.8866
vn -0.1094 0.8145 0.5698
vn 0.1423 0.9791 0.1451
vn -0.6376 -0.4339 0.6365
vn -0.7326 -0.4608 0.5010
vn -0.4580 -0.1675 0.8730
vn -0.1922 -0.0111 0.9813
vn 0.2902 0.6933 0.6596
vn 0.3183 0.7362 0.5973
vn 0.2820 -0.8861 0.3677
vn -0.3428 0.0898 0.9351
vn -0.3605 0.4365 0.8243
vn 0.0192 -0.0581 -0.9981
vn 0.4476 -0.7271 0.5205
vn 0.8100 -0.1144 0.5751
vn 0.7725 -0.1097 0.6255
vn 0.7652 -0.0349 0.6428
vn 0.4703 0.3902 0.7915
vn 0.3512 -0.1465 0.9248
vn 0.5270 -0.0203 0.8496
vn 0.4843 -0.4459 0.7527
vn -0.3572 -0.0443 0.9330
vn -0.0904 0.0462 0.9948
vn 0.1221 -0.0918 0.9883
vn -0.1015 0.0300 0.9944
vn -0.0753 0.0460 0.9961
vn -0.0062 -0.0017 -1.0000
vn -0.0911 -0.7744 0.6261
vn -0.1344 -0.5462 0.8268
vn -0.0336 0.0266 0.9991
vn -0.1122 0.4023 0.9086
vn 0.1174 0.9813 0.1526
vn -0.1189 0.0920 0.9886
vn -0.2682 -0.2351 0.9342
vn -0.2632 -0.2601 0.9290
vn -0.7916 -0.4827 0.3745
vn -0.1595 0.5789 0.7997
vn -0.1154 0.9202 0.3741
vn 0.0143 0.6500 0.7598
vn 0.2182 0.9550 0.2011
vn -0.4505 0.6036 0.6578
vn -0.7956 -0.4451 0.4109
vn -0.6950 -0.3504 0.6278
vn -0.0020 -0.0967 -0.9953
vn -0.1995 0.3673 0.9085
vn 0.0276 0.9781 0.2063
vn 0.2510 0.1913 0.9489
vn 0.2436 0.2097 0.9469
vn 0.2753 -0.2523 0.9277
vn -0.3028 0.4280 0.8516
vn -0.1359 -0.3893 0.9110
vn -0.1446 -0.3109 0.9394
vn 0.1611 -0.4672 0.8693
vn -0.0046 -0.0034 1.0000
vn -0.2989 0.9542 0.0118
vn -0.3251 0.9452 -0.0302
vn 0.7270 -0.4194 0.5437
vn 0.0012 -0.1892 -0.9819
vn 0.8770 -0.0732 0.4748
vn 0.8919 -0.0142 0.4520
vn 0.8883 -0.0122 0.4592
vn 0.7984 0.4054 0.4453
vn 0.4968 0.3513 0.7936
vn -0.3557 0.5715 0.7395
vn -0.2843 0.7390 0.6108
vn 0.0267 -0.1290 0.9913
vn 0.3767 -0.4963 0.7822
vn 0.3714 -0.5714 0.7318
vn 0.3063 0.1911 0.9326
vn 0.3766 0.2866 0.8809
vn -0.4060 -0.3364 0.8497
vn -0.3134 -0.2264 0.9222
vn -0.0253 0.0254 0.9994
vn -0.0430 0.1547 0.9870
vn 0.0267 0.0333 0.9991
vn -0.0341 0.0418 0.9985
vn -0.5920 0.0384 0.8050
vn -0.2090 -0.6840 0.6989
vn -0.1436 -0.4175 0.8973
vn -0.1652 -0.2839 0.9445
vn 0.1214 0.9766 0.1776
vn 0.0151 0.7855 0.6187
vn 0.0004 -0.0021 -1.0000
vn -0.1899 0.0299 0.9814
vn -0.4724 -0.7476 0.4669
vn -0.3834 0.3180 0.8671
vn -0.3994 0.3543 0.8456
vn 0.2432 0.9527 0.1824
vn -0.5192 0.2123 0.8279
vn -0.1614 0.5090 0.8455
vn -0.6764 -0.2998 0.6727
vn 0.1714 -0.5282 0.8317
vn 0.0195 -0.9976 0.0669
vn -0.1059 -0.4039 0.9087
vn -0.0790 -0.8388 0.5387
vn 0.1517 -0.2784 0.9484
vn -0.0855 0.5536 -0.8284
vn -0.3236 0.9453 0.0424
vn -0.1282 0.9915 0.0218
vn -0.2311 0.9645 0.1277
vn 0.0004 -1.0000 -0.0028
vn 0.0006 -0.7263 -0.6874
vn 0.1446 -0.7214 0.6772
vn 0.5717 -0.0952 0.8149
vn 0.5728 -0.0956 0.8141
vn 0.7238 -0.0101 0.6899
vn 0.1116 -0.0651 0.9916
vn 0.6035 0.0564 0.7953
vn 0.1192 0.3743 0.9196
vn -0.7528 -0.0526 0.6562
vn -0.7524 -0.0704 0.6550
vn -0.8075 -0.1322 0.5749
vn -0.6917 -0.3974 0.6030
vn -0.1867 -0.1085 0.9764
vn -0.0028 0.0138 -0.9999
vn -0.0424 0.0520 0.9977
vn -0.0735 0.0456 0.9963
vn 0.5417 -0.0388 0.8397
vn 0.6437 -0.3714 0.6691
vn 0.5072 -0.1320 0.8517
vn -0.0532 0.0372 0.9979
vn -0.2603 0.5589 0.7874
vn -0.0417 0.0742 0.9964
vn -0.0459 0.0693 0.9965
vn -0.0921 -0.9923 0.0827
vn -0.0567 -0.3951 0.9169
vn 0.0229 0.3058 0.9518
vn -0.1131 0.7807 0.6145
vn -0.0448 0.1573 0.9865
vn 0.0346 0.7178 0.6954
vn -0.1136 0.0175 0.9934
vn -0.2400 -0.2344 0.9420
vn -0.0014 0.0115 -0.9999
vn -0.1163 0.0198 0.9930
vn 0.0683 0.9044 0.4212
vn -0.7076 -0.5794 0.4045
vn -0.5217 -0.2457 0.8170
vn -0.2637 -0.1052 0.9588
vn -0.2668 -0.1165 0.9567
vn -0.2992 -0.1094 0.9479
vn -0.2126 0.4418 0.8716
vn -0.2918 0.8868 0.3585
vn -0.1582 0.5088 0.8462
vn 0.0032 -0.9586 -0.2847
vn -0.2067 -0.1496 0.9669
vn -0.5050 -0.0511 0.8616
vn -0.8290 0.0228 0.5588
vn 0.0023 0.0064 -1.0000
vn -0.3910 -0.0412 0.9195
vn -0.4885 -0.1482 0.8599
vn 0.4893 -0.3045 0.8172
vn 0.0412 -0.0053 0.9991
vn 0.1122 0.4247 0.8984
vn 0.0776 0.4960 0.8648
vn 0.4100 -0.3900 0.8245
vn -0.2287 -0.3476 0.9093
vn -0.2026 -0.3871 0.8995
vn -0.0389 0.1071 0.9935
vn -0.1662 -0.2296 0.9590
vn -0.3308 0.3504 0.8762
vn -0.5202 -0.7325 0.4392
vn -0.1120 -0.0065 0.9937
vn -0.4847 -0.5916 0.6443
vn -0.3823 -0.0942 0.9192
vn -0.2659 0.6365 0.7240
vn 0.0629 0.9408 0.3332
vn -0.3976 -0.3313 0.8556
vn 0.6888 0.7183 0.0980
vn -0.1717 -0.0681 0.9828
vn -0.1516 -0.0286 0.9880
vn -0.1820 0.3664 0.9125
vn -0.3796 0.8872 0.2622
vn -0.2618 0.9637 0.0520
vn -0.0985 0.7363 0.6695
vn -0.1572 0.3860 0.9090
vn -0.0685 -0.6019 0.7956
vn -0.2031 -0.7945 0.5722
vn -0.1836 -0.9587 0.2171
vn -0.0403 -0.5650 0.8241
vn -0.1886 -0.9287 0.3192
vn -0.2080 -0.8950 0.3947
vn -0.2445 -0.6179 0.7473
vn -0.2718 0.4005 0.8751
vn 0.1583 -0.2498 0.9553
vn 0.1891 -0.6385 0.7460
vn 0.3045 -0.9023 0.3051
vn -0.0911 0.3837 0.9189
vn -0.3372 0.9408 -0.0340
vn -0.2013 -0.1642 0.9657
vn -0.5238 -0.0714 0.8489
vn -0.5820 -0.0358 0.8124
vn -0.5215 -0.0133 0.8531
vn 0.0094 0.0460 0.9989
vn -0.0253 0.7922 0.6098
vn -0.0388 0.6979 0.7151
vn -0.0233 0.0333 0.9992
vn 0.1594 -0.3805 0.9109
vn 0.0964 0.4900 0.8664
vn -0.0430 0.0883 0.9952
vn -0.3298 0.3420 0.8799
vn -0.0873 0.0117 0.9961
vn -0.0694 0.3352 0.9396
vn 0.1560 0.6145 0.7733
vn -0.4424 -0.6876 0.5758
vn -0.3586 -0.5520 0.7527
vn -0.4316 -0.5253 0.7333
vn -0.4659 -0.7969 0.3845
vn -0.4274 -0.8527 0.3003
vn -0.4073 -0.5511 0.7282
vn -0.2783 0.2592 0.9249
vn -0.2710 0.5935 0.7578
vn 0.5990 0.7853 -0.1565
vn -0.5627 -0.6810 0.4687
vn -0.3391 -0.0537 0.9392
vn -0.3387 0.8698 0.3588
vn -0.4077 0.1975 0.8915
vn -0.1725 0.2480 0.9533
vn -0.1776 0.4333 0.8836
vn 0.3039 -0.8631 0.4033
vn 0.1308 -0.4844 0.8650
vn 0.0960 -0.2783 0.9557
vn 0.0005 0.0001 -1.0000
vn -0.3098 0.8257 0.4715
vn -0.3115 0.9501 0.0193
vn -0.3074 0.9506 0.0426
vn 0.0116 0.0428 0.9990
vn 0.0331 0.7180 0.6953
vn -0.4131 -0.4328 0.8013
vn -0.3539 -0.3511 0.8669
vn 0.0138 -0.0064 0.9999
vn 0.0988 0.4312 0.8968
vn -0.2356 -0.4087 0.8817
vn 0.0015 0.0083 1.0000
vn 0.3138 0.4862 0.8156
vn -0.2297 0.2001 0.9525
vn -0.2531 0.5842 0.7712
vn -0.3372 -0.5504 0.7638
vn 0.3121 0.1829 0.9323
vn 0.4502 0.8465 -0.2841
vn 0.3454 0.9328 0.1032
vn -0.1672 -0.0360 0.9853
vn -0.4367 -0.3919 0.8098
vn -0.1208 -0.0143 0.9926
vn -0.8203 0.5381 0.1937
vn -0.5430 0.1851 0.8191
vn -0.7889 -0.2692 0.5525
vn -0.5787 -0.8145 -0.0411
vn -0.3200 -0.4300 0.8442
vn -0.1254 0.4464 0.8860
vn 0.3330 -0.9063 0.2604
vn 0.0297 0.0249 0.9992
vn -0.2603 0.5046 0.8232
vn 0.0085 -0.0114 0.9999
vn 0.1082 0.2824 0.9532
vn -0.3814 0.0059 0.9244
vn -0.3976 0.0339 0.9169
vn 0.6779 -0.2506 0.6912
vn 0.0180 0.0678 0.9975
vn 0.5095 -0.1594 0.8456
vn -0.0000 0.1221 -0.9925
vn -0.0397 -0.0939 0.9948
vn -0.2298 0.5089 0.8296
vn -0.4872 -0.7752 0.4022
vn -0.4387 -0.4543 0.7753
vn -0.4321 -0.3862 0.8149
vn -0.4564 0.2277 0.8601
vn -0.3666 0.0296 0.9299
vn -0.1867 0.3092 0.9325
vn -0.9015 0.4233 0.0904
vn -0.8696 -0.3104 0.3840
vn -0.3021 -0.4230 0.8543
vn -0.5073 -0.7796 0.3672
vn -0.4897 -0.5250 0.6961
vn 0.1676 -0.2678 0.9488
vn -0.1392 0.4102 0.9013
vn 0.2950 -0.6507 0.6997
vn 0.3349 -0.5893 0.7352
vn 0.3670 -0.9002 0.2344
vn 0.0427 0.0253 0.9988
vn -0.1761 0.4063 -0.8966
vn -0.1938 0.6066 -0.7710
vn -0.3437 0.9157 -0.2083
vn 0.0089 -0.9927 0.1204
vn 0.0024 -0.9377 0.3476
vn -0.0033 0.0163 0.9999
vn -0.0331 0.0450 0.9984
vn -0.0002 0.0003 -1.0000
vn 0.0012 0.0635 0.9980
vn 0.0027 0.0569 0.9984
vn -0.1868 -0.4230 0.8867
vn -0.1367 0.2221 0.9654
vn -0.2925 -0.8448 0.4480
vn 0.3013 0.9133 -0.2740
vn 0.4179 0.8431 -0.3386
vn -0.7942 -0.4864 0.3643
vn -0.8015 -0.3352 0.4952
vn -0.8451 0.1308 0.5184
vn -0.5140 0.0328 0.8572
vn -0.0007 -0.0434 -0.9991
vn -0.5633 0.3959 0.7253
vn -0.5295 0.3540 0.7709
vn -0.5943 -0.3001 0.7461
vn -0.5075 -0.7795 0.3671
vn -0.3390 -0.4124 0.8456
vn -0.0041 0.2700 0.9628
vn 0.0029 0.4639 0.8859
vn -0.0687 0.4047 0.9119
vn -0.4325 0.9015 0.0127
vn 0.0003 -1.0000 0.0037
vn 0.0004 -1.0000 0.0033
vn 0.0037 -0.2309 0.9730
vn 0.0132 0.0438 0.9990
vn -0.0003 0.0135 -0.9999
vn 0.0002 0.0140 -0.9999
vn -0.2425 0.3400 0.9086
vn 0.0257 -0.0515 0.9983
vn -0.1077 0.1118 0.9879
vn -0.0248 0.0322 0.9992
vn -0.0151 0.0369 0.9992
vn -0.0088 -0.9436 0.3309
vn -0.0277 -0.8951 0.4451
vn -0.0111 -0.9843 0.1761
vn -0.0363 -0.8012 0.5973
vn -0.0130 -0.6812 0.7320
vn -0.0336 -0.4320 0.9012
vn 0.0061 0.1346 0.9909
vn -0.0813 -0.5261 0.8466
vn -0.0002 -0.3877 0.9218
vn -0.1692 -0.3541 0.9198
vn -0.1769 -0.7054 0.6864
vn -0.1971 -0.4907 0.8487
vn 0.1712 0.9851 0.0147
vn 0.1733 0.8842 0.4339
vn -0.2328 -0.0167 0.9724
vn -0.9150 -0.3280 0.2351
vn -0.8856 0.1198 0.4488
vn -0.9713 0.1345 0.1961
vn -0.7436 0.0170 0.6684
vn -0.7255 0.1712 0.6666
vn -0.5282 0.3992 0.7494
vn -0.8423 -0.3820 0.3803
vn -0.8061 -0.4959 0.3231
vn -0.2417 0.8020 0.5462
vn -0.1115 0.3436 0.9325
vn -0.3228 0.9462 0.0224
vn -0.3322 0.9431 0.0116
vn 0.0005 -1.0000 -0.0030
vn -0.0012 -0.6089 0.7932
vn 0.0022 -0.0852 0.9964
vn -0.0255 -0.0680 0.9974
vn -0.0004 0.0145 0.9999
vn 0.0011 -0.0015 -1.0000
vn -0.0787 0.1670 0.9828
vn -0.1419 0.4095 0.9012
vn -0.1909 -0.4129 0.8905
vn 0.2216 0.9566 0.1891
vn 0.1584 0.6197 0.7687
vn -0.0489 -0.0042 0.9988
vn -0.2943 -0.8463 0.4441
vn -0.3020 -0.5573 0.7734
vn -0.0636 0.0021 0.9980
vn -0.2370 -0.8562 0.4591
vn -0.2246 -0.8768 0.4253
vn -0.1967 -0.5442 0.8156
vn -0.0814 0.1786 0.9806
vn 0.2700 0.7020 0.6591
vn 0.3770 0.9256 -0.0319
vn -0.2975 -0.8586 0.4175
vn -0.2280 -0.7158 0.6601
vn -0.2683 0.2225 0.9373
vn -0.2365 0.1650 0.9575
vn -0.5203 -0.5004 0.6920
vn -0.4320 -0.8597 0.2726
vn -0.6171 -0.7182 0.3214
vn -0.6773 -0.2953 0.6738
vn -0.7780 0.2060 0.5936
vn -0.8199 0.2124 0.5317
vn -0.9518 0.1661 0.2580
vn -0.9674 0.0789 0.2405
vn -0.9312 0.0354 0.3629
vn -0.4935 -0.1872 0.8494
vn 0.0790 0.3415 0.9365
vn -0.0014 0.4795 0.8775
vn 0.2804 -0.5038 0.8170
vn -0.3378 0.9411 0.0167
vn -0.3282 0.9445 0.0127
vn -0.2436 0.7906 0.5618
vn 0.0054 -0.0932 0.9956
vn 0.3897 -0.1337 0.9112
vn -0.0527 0.0146 0.9985
vn -0.0535 0.0070 0.9985
vn -0.0902 0.3007 0.9494
vn 0.3688 -0.1892 0.9101
vn -0.0200 0.0443 0.9988
vn -0.0006 0.0006 -1.0000
vn -0.0286 -0.9927 -0.1174
vn -0.0927 -0.8960 0.4343
vn -0.0107 -0.2672 0.9636
vn -0.0449 0.2804 0.9588
vn 0.1683 0.7674 0.6186
vn 0.1443 0.6691 0.7291
vn 0.2060 0.7829 0.5870
vn 0.2685 0.9624 0.0420
vn -0.0699 0.0205 0.9973
vn -0.1492 -0.3948 0.9066
vn -0.0835 0.1812 0.9799
vn -0.1953 -0.8508 0.4879
vn -0.1152 0.0220 0.9931
vn -0.1916 -0.1055 0.9758
vn -0.1382 -0.6388 0.7568
vn -0.1663 -0.5987 0.7835
vn -0.2624 -0.7658 0.5871
vn -0.4398 0.3709 0.8179
vn -0.6057 0.2846 0.7431
vn -0.3874 0.2630 0.8836
vn -0.6279 0.2155 0.7478
vn -0.6064 0.2137 0.7659
vn -0.4806 -0.1837 0.8575
vn 0.0307 0.4172 0.9083
vn 0.3124 -0.8625 0.3981
vn 0.1014 -0.2719 0.9570
vn 0.0570 0.0208 0.9982
vn -0.1688 0.5973 -0.7841
vn 0.0085 -0.7912 0.6115
vn -0.0019 0.0291 0.9996
vn -0.0944 0.2932 0.9514
vn 0.4738 0.0048 0.8806
vn 0.5635 -0.3282 0.7581
vn -0.0018 0.0531 0.9986
vn -0.0029 0.0592 0.9982
vn -0.0008 -0.0888 -0.9961
vn -0.4847 -0.7306 0.4809
vn -0.5195 -0.5494 0.6544
vn 0.0621 0.3996 0.9146
vn -0.0821 0.0678 0.9943
vn -0.1015 -0.7391 0.6659
vn 0.0986 0.9014 -0.4215
vn 0.0804 0.9601 0.2677
vn -0.1721 -0.8580 0.4839
vn -0.0700 -0.4139 0.9076
vn -0.1447 -0.6303 0.7627
vn -0.1279 -0.9529 0.2748
vn -0.0604 -0.2248 0.9725
vn -0.4729 0.2360 0.8489
vn 0.1840 0.3187 0.9298
vn 0.1620 0.3285 0.9305
vn 0.0003 -0.0186 -0.9998
vn 0.0625 0.4487 0.8915
vn 0.2552 -0.5223 0.8137
vn 0.3290 -0.9205 0.2108
vn 0.3358 -0.7931 0.5081
vn -0.1539 0.7812 0.6050
vn -0.0519 -0.0104 0.9986
vn 0.0094 0.3850 0.9229
vn 0.3084 -0.1774 0.9346
vn 0.2518 -0.2971 0.9210
vn -0.0329 0.3422 0.9390
vn -0.0302 0.4244 0.9050
vn -0.0012 0.0685 0.9977
vn 0.1749 0.7046 0.6878
vn -0.0771 0.6770 -0.7319
vn 0.0787 0.9078 -0.4119
vn -0.0006 0.5731 0.8195
vn 0.0172 0.9941 -0.1069
vn -0.0643 -0.0075 0.9979
vn -0.0233 -0.0966 0.9951
vn -0.0256 0.3041 0.9523
vn -0.0284 0.2849 0.9581
vn -0.0646 0.3567 0.9320
vn 0.0778 -0.2361 0.9686
vn 0.2436 -0.9315 0.2699
vn -0.0307 0.9770 -0.2112
vn -0.0931 0.9956 0.0124
vn -0.0847 0.9963 0.0107
vn -0.1083 0.9941 0.0008
vn 0.0016 0.0047 1.0000
vn 0.0168 -0.1466 0.9890
vn -0.4998 -0.4176 0.7588
vn 0.1802 -0.5975 0.7814
vn 0.4488 -0.6880 0.5703
vn 0.4549 -0.6701 0.5865
vn 0.0334 -0.0963 0.9948
vn 0.0256 -0.0140 0.9996
vn 0.1631 -0.9047 0.3935
vn 0.0066 0.3231 0.9463
vn 0.0079 0.5252 0.8509
vn 0.2000 0.2217 0.9544
vn 0.0074 -0.9402 0.3405
vn 0.0228 0.3355 0.9418
vn 0.0764 0.2630 0.9618
vn -0.1761 -0.9644 0.1972
vn -0.3402 -0.6707 0.6591
vn 0.0450 0.4983 0.8658
vn 0.0673 0.9977 0.0109
vn 0.0008 0.0047 -1.0000
vn 0.0007 0.0411 0.9992
vn 0.0041 0.0296 0.9996
vn 0.0056 0.4201 0.9075
vn 0.0031 0.4281 0.9037
vn 0.0142 -0.1345 0.9908
vn 0.0008 -0.0066 -1.0000
vn 0.1155 0.3954 0.9112
vn -0.4414 -0.3218 0.8376
vn 0.0538 -0.0064 0.9985
vn -0.5851 -0.1261 0.8011
vn -0.0000 0.0163 -0.9999
vn -0.0261 -0.1160 0.9929
vn -0.2435 -0.6832 0.6884
vn -0.1667 -0.2081 0.9638
vn 0.0559 0.3164 0.9470
vn 0.0822 0.0106 0.9966
vn -0.2329 0.8824 -0.4088
vn 0.1660 -0.8500 0.4999
vn 0.0779 0.0293 0.9965
vn 0.1537 -0.1102 0.9819
vn 0.1642 -0.8416 0.5146
vn 0.4546 0.2544 0.8536
vn -0.1672 0.3432 0.9243
vn -0.0372 0.4056 0.9133
vn -0.0490 0.4222 0.9052
vn 0.0089 0.4734 0.8808
vn -0.3524 -0.9031 0.2454
vn -0.0018 -0.0002 -1.0000
vn 0.0329 0.2607 -0.9649
vn 0.2158 0.9759 0.0314
vn 0.2111 0.9774 0.0078
vn 0.0202 -0.0056 0.9998
vn 0.0398 -0.0190 0.9990
vn 0.0489 0.0238 0.9985
vn 0.0456 0.0090 0.9989
vn 0.1629 0.1524 0.9748
vn 0.0185 0.0358 0.9992
vn 0.2908 -0.4678 0.8346
vn 0.0446 0.6366 0.7699
vn -0.0223 0.9915 -0.1284
vn 0.0328 0.1965 0.9800
vn 0.0494 -0.0125 0.9987
vn 0.2528 -0.4967 0.8303
vn 0.1537 -0.3850 0.9100
vn 0.0735 0.1132 0.9909
vn 0.0919 -0.4364 0.8950
vn -0.1879 0.9374 -0.2933
vn -0.1498 0.9056 0.3967
vn 0.2410 -0.8598 0.4502
vn 0.1469 -0.1437 0.9787
vn 0.1719 -0.6933 0.6998
vn 0.1393 -0.6443 0.7520
vn 0.2089 0.2086 0.9554
vn 0.3743 -0.5475 0.7484
vn 0.3044 -0.9157 0.2624
vn 0.6932 -0.1027 0.7134
vn 0.6358 0.2796 0.7194
vn -0.0001 -0.1960 -0.9806
vn -0.0001 -0.0605 -0.9982
vn 0.6276 0.2031 0.7515
vn 0.1840 0.0820 0.9795
vn -0.0153 0.4645 0.8855
vn -0.3036 -0.4501 0.8398
vn -0.0401 0.0080 0.9992
vn -0.0014 0.0071 -1.0000
vn 0.3242 0.9459 0.0151
vn 0.0057 -0.1541 0.9880
vn -0.0029 -0.1694 0.9855
vn -0.2160 -0.1671 0.9620
vn -0.7149 0.3476 0.6067
vn -0.2391 -0.9301 0.2788
vn -0.1967 -0.5724 0.7960
vn -0.0916 0.4976 0.8626
vn -0.0936 0.5110 0.8545
vn 0.3335 -0.0781 0.9395
vn 0.0117 0.9077 0.4195
vn 0.0249 0.9992 0.0313
vn 0.2712 -0.7398 0.6158
vn 0.2850 -0.5316 0.7976
vn 0.1230 -0.2151 0.9688
vn 0.1290 -0.8187 0.5596
vn 0.2247 -0.8487 0.4787
vn -0.3529 0.8877 -0.2959
vn 0.2311 -0.7160 0.6588
vn 0.2183 -0.6089 0.7626
vn 0.5979 -0.7292 0.3329
vn 0.7337 0.2252 0.6410
vn 0.9456 0.1755 0.2741
vn 0.0014 -0.2500 -0.9682
vn 0.9674 0.1038 0.2309
vn 0.9286 0.0399 0.3688
vn 0.9076 -0.1034 0.4070
vn 0.8337 -0.4357 0.3393
vn 0.1938 -0.0667 0.9788
vn -0.2953 -0.5007 0.8137
vn -0.3452 -0.9082 0.2365
vn -0.1887 -0.5039 0.8429
vn 0.0255 0.1549 -0.9876
vn 0.1974 0.5944 -0.7796
vn 0.2695 0.8836 -0.3828
vn 0.3246 0.9457 0.0154
vn 0.3294 0.4676 0.8203
vn -0.1031 -0.0112 0.9946
vn 0.0190 0.0323 0.9993
vn -0.0134 0.0542 0.9984
vn -0.4621 0.2273 0.8572
vn 0.0030 0.0869 0.9962
vn -0.2124 -0.9067 0.3643
vn -0.2290 -0.9669 -0.1125
vn -0.2193 -0.9654 -0.1410
vn -0.2320 -0.9214 0.3118
vn -0.1827 -0.0927 0.9788
vn 0.0580 -0.0019 0.9983
vn 0.0578 0.7209 0.6906
vn 0.0492 -0.0134 0.9987
vn 0.2560 -0.7152 0.6504
vn 0.1617 -0.1964 0.9671
vn 0.1066 0.1580 0.9817
vn -0.2745 0.6722 0.6876
vn 0.1157 0.5766 0.8088
vn 0.3797 -0.8114 0.4444
vn 0.2555 -0.2449 0.9353
vn 0.1930 -0.0228 0.9809
vn 0.4048 0.2355 0.8836
vn 0.9162 -0.3302 0.2272
vn 0.9675 0.1394 0.2111
vn 0.7221 0.0596 0.6892
vn 0.5486 0.3459 0.7612
vn 0.4189 -0.1179 0.9003
vn -0.0153 0.0409 0.9990
vn 0.3189 0.9476 0.0202
vn 0.3122 0.9498 0.0173
vn 0.3005 0.7491 0.5904
vn -0.0138 -0.2825 0.9592
vn 0.0148 0.0477 0.9988
vn -0.0108 0.6236 0.7817
vn 0.0012 -0.0099 1.0000
vn 0.0175 0.0347 0.9992
vn -0.3166 -0.4166 0.8522
vn -0.2749 0.5403 0.7953
vn -0.2397 -0.5939 0.7680
vn 0.0799 0.8136 0.5759
vn 0.2265 -0.3970 0.8894
vn 0.0959 -0.4443 0.8907
vn 0.0749 0.1390 0.9875
vn 0.0471 0.3698 0.9279
vn -0.0798 0.9231 0.3762
vn 0.0824 0.0110 0.9965
vn 0.1246 0.1799 0.9758
vn 0.1191 0.8051 0.5811
vn 0.3848 -0.8074 0.4472
vn 0.7327 -0.6369 0.2399
vn 0.6442 0.1354 0.7528
vn 0.0005 -0.4830 -0.8756
vn 0.6338 0.0576 0.7714
vn 0.7210 0.0080 0.6929
vn 0.6833 -0.6277 0.3729
vn 0.6347 -0.6917 0.3445
vn 0.1661 -0.4001 0.9013
vn -0.0359 0.4056 0.9133
vn 0.1195 0.4249 0.8973
vn -0.0415 0.0167 0.9990
vn 0.3379 0.9402 -0.0427
vn -0.0043 0.0441 0.9990
vn 0.3286 0.4568 0.8266
vn 0.2643 -0.2366 0.9350
vn 0.0196 0.0265 0.9995
vn -0.0572 0.0595 0.9966
vn -0.0000 -0.3756 0.9268
vn 0.0681 0.4312 0.8997
vn -0.1165 -0.5925 0.7971
vn 0.2490 -0.4321 0.8668
vn 0.4255 -0.7321 0.5319
vn 0.2984 -0.4526 0.8403
vn -0.4956 0.8023 -0.3329
vn 0.0126 0.7204 0.6935
vn 0.1279 -0.4216 0.8977
vn 0.5286 -0.0809 0.8450
vn 0.3726 0.0091 0.9279
vn 0.1533 0.3715 0.9157
vn 0.5533 0.7266 0.4074
vn 0.8659 0.4748 0.1576
vn 0.8641 0.4817 0.1463
vn 0.4815 0.4784 0.7344
vn 0.8733 -0.3341 0.3546
vn 0.3781 -0.4218 0.8241
vn 0.3647 -0.2936 0.8836
vn 0.4117 -0.8422 0.3482
vn 0.1377 0.4097 0.9018
vn -0.3061 -0.6080 0.7326
vn -0.3149 -0.5169 0.7960
vn -0.3421 -0.9096 0.2357
vn -0.2973 -0.8783 0.3744
vn -0.1963 -0.5635 0.8025
vn -0.0384 -0.0056 0.9992
vn 0.1858 0.5346 0.8244
vn 0.3928 0.9194 0.0229
vn 0.3954 0.9184 -0.0129
vn 0.2545 0.8789 0.4034
vn -0.0069 0.0422 0.9991
vn -0.0085 0.7938 0.6081
vn 0.4678 -0.5328 0.7051
vn 0.2586 -0.2172 0.9412
vn 0.3873 0.3196 0.8648
vn 0.3752 -0.2935 0.8793
vn 0.0217 0.0379 0.9990
vn -0.0947 -0.9907 -0.0978
vn -0.0652 -0.5195 0.8520
vn 0.4335 -0.0519 0.8997
vn -0.1017 0.9562 0.2746
vn 0.1510 0.0569 0.9869
vn 0.2667 -0.5482 0.7927
vn 0.3317 -0.8688 0.3676
vn 0.2288 0.2072 0.9512
vn 0.4567 -0.6119 0.6458
vn -0.3618 0.2954 0.8842
vn -0.3265 0.9333 0.1496
vn -0.1963 0.9366 -0.2903
vn 0.5161 -0.7361 0.4379
vn 0.5794 -0.6650 0.4712
vn 0.5540 -0.4388 0.7075
vn 0.2913 0.0225 0.9564
vn 0.1089 -0.0161 0.9939
vn 0.7267 0.4356 0.5312
vn 0.4780 -0.0411 0.8774
vn 0.4852 -0.1286 0.8649
vn 0.6629 -0.7487 -0.0044
vn 0.2983 -0.9144 0.2737
vn 0.4216 -0.5011 0.7558
vn 0.0017 0.0051 1.0000
vn -0.0495 0.6475 0.7605
vn -0.2165 -0.3466 0.9127
vn -0.0666 -0.0120 0.9977
vn -0.0007 0.0006 -1.0000
vn -0.0549 0.0473 0.9974
vn 0.0576 0.0394 0.9976
vn 0.2653 -0.4260 0.8649
vn -0.0179 0.0759 0.9970
vn 0.0102 -0.7179 0.6960
vn -0.1042 -0.9273 0.3595
vn -0.0084 -0.0782 0.9969
vn -0.0178 -0.0298 0.9994
vn 0.3290 -0.6125 0.7188
vn -0.0010 0.0201 -0.9998
vn -0.0940 0.9277 0.3613
vn 0.4190 -0.7569 0.5015
vn 0.0742 -0.0658 0.9951
vn 0.3134 -0.4723 0.8238
vn 0.4159 -0.4613 0.7837
vn 0.2752 0.2624 0.9249
vn 0.1235 0.4410 0.8890
vn 0.1181 0.4382 0.8911
vn 0.2498 0.9567 -0.1494
vn 0.2760 0.9608 0.0258
vn 0.2369 0.9705 0.0439
vn 0.0021 -0.9609 -0.2768
vn 0.1017 0.8893 0.4459
vn 0.0190 0.5141 0.8575
vn -0.6650 -0.3943 0.6343
vn -0.3889 0.1455 0.9097
vn 0.0962 -0.2273 0.9691
vn -0.0946 -0.0028 0.9955
vn -0.5090 -0.4353 0.7426
vn 0.6239 0.3408 0.7033
vn 0.1189 -0.1203 0.9856
vn -0.0552 -0.9582 0.2806
vn 0.0094 0.4318 0.9019
vn 0.0178 0.8282 0.5602
vn 0.0805 0.9226 0.3773
vn 0.2060 0.1294 0.9700
vn 0.4488 -0.7521 0.4825
vn 0.3990 -0.1256 0.9083
vn 0.0677 -0.0416 0.9968
vn -0.6710 0.7402 -0.0431
vn -0.3749 0.9174 0.1336
vn 0.7164 -0.5595 0.4168
vn 0.5875 -0.3073 0.7486
vn 0.1945 -0.2020 0.9599
vn 0.2949 -0.1092 0.9493
vn 0.2911 0.0042 0.9567
vn 0.3780 0.9257 0.0091
vn 0.2434 0.7026 0.6687
vn 0.0775 0.7076 0.7024
vn 0.0867 0.3558 0.9305
vn 0.1256 -0.6220 0.7729
vn 0.1583 -0.9657 0.2058
vn 0.1876 -0.7571 0.6257
vn 0.3133 -0.0027 0.9496
vn -0.3500 -0.5222 0.7777
vn -0.2965 -0.8817 0.3671
vn 0.0011 -0.7229 -0.6910
vn -0.5495 -0.2018 0.8107
vn -0.4516 -0.1250 0.8834
vn -0.3412 -0.1572 0.9267
vn -0.2314 -0.0662 0.9706
vn 0.0586 0.0541 0.9968
vn -0.3577 0.1473 0.9222
vn 0.1575 -0.0595 0.9857
vn 0.0003 -0.0080 -1.0000
vn 0.2157 -0.2117 0.9532
vn -0.0144 0.1290 0.9915
vn 0.0198 0.5029 0.8641
vn 0.0398 0.0590 0.9975
vn 0.0367 0.0419 0.9984
vn -0.0594 -0.8725 0.4850
vn -0.0507 -0.9383 -0.3421
vn 0.2364 0.2525 0.9383
vn 0.2457 -0.6702 0.7003
vn 0.2616 0.3712 0.8909
vn 0.0712 0.7204 0.6899
vn 0.0519 0.8400 0.5401
vn 0.1205 0.0740 0.9899
vn 0.3763 -0.2130 0.9017
vn 0.5236 -0.7605 0.3841
vn 0.1429 0.0110 0.9897
vn 0.3393 0.3019 0.8909
vn 0.2444 0.6321 0.7353
vn 0.2224 0.7459 0.6278
vn 0.4555 0.4675 0.7576
vn -0.3576 0.9100 0.2097
vn 0.5316 0.2302 0.8151
vn 0.7671 -0.4837 0.4215
vn 0.7122 -0.3322 0.6183
vn 0.1805 -0.0656 0.9814
vn 0.1638 -0.0292 0.9861
vn 0.1942 0.9623 0.1907
vn 0.1029 0.6630 0.7415
vn -0.1278 -0.5101 0.8506
vn 0.1321 -0.4357 0.8904
vn 0.0233 -0.6182 0.7857
vn -0.2986 -0.9069 0.2973
vn 0.1877 0.6586 -0.7287
vn 0.2899 0.8759 0.3858
vn 0.1759 0.5208 0.8354
vn -0.4042 -0.7013 0.5872
vn -0.5256 -0.2421 0.8156
vn -0.6413 -0.5671 0.5168
vn -0.8504 -0.0023 0.5261
vn -0.7459 -0.0580 0.6635
vn -0.4977 0.4880 0.7170
vn 0.0397 0.0051 0.9992
vn 0.3341 0.6026 0.7247
vn 0.1137 0.6038 0.7890
vn -0.4667 -0.5625 0.6825
vn -0.2877 0.2410 0.9269
vn 0.0250 0.0670 0.9974
vn 0.0442 0.0527 0.9976
vn 0.0263 0.4638 0.8856
vn 0.0509 0.5944 0.8026
vn 0.2258 0.2252 0.9478
vn 0.2292 -0.6547 0.7203
vn 0.3042 -0.4136 0.8581
vn -0.0007 0.0181 -0.9998
vn -0.0804 0.9522 0.2945
vn 0.2621 -0.1310 0.9561
vn 0.5426 -0.7401 0.3973
vn 0.4694 -0.3846 0.7948
vn 0.0969 0.0213 0.9951
vn 0.3747 -0.2019 0.9049
vn 0.5804 -0.7264 0.3682
vn 0.3759 0.3528 0.8569
vn -0.4335 0.8588 0.2732
vn 0.2336 -0.1196 0.9650
vn 0.1590 0.8080 0.5673
vn 0.0589 -0.9937 0.0957
vn -0.4737 0.5026 0.7232
vn 0.0534 -0.6876 0.7241
vn 0.1053 -0.2813 0.9538
vn 0.3060 -0.0285 0.9516
vn 0.0030 -0.0058 -1.0000
vn 0.3219 0.9455 0.0480
vn 0.3261 0.9448 -0.0331
vn 0.1564 0.9874 0.0231
vn 0.0009 -0.7251 -0.6886
vn 0.0004 -0.1609 -0.9870
vn -0.8138 -0.0968 0.5730
vn -0.8405 -0.0767 0.5364
vn 0.4344 0.1540 0.8874
vn 0.3978 -0.0802 0.9140
vn 0.2794 -0.0148 0.9601
vn 0.1874 0.0305 0.9818
vn 0.2093 0.0513 0.9765
vn 0.2886 0.4351 0.8529
vn 0.1145 0.4659 0.8774
vn -0.3027 0.2399 0.9224
vn 0.0014 -0.0089 -1.0000
vn -0.3052 0.2836 0.9091
vn 0.4049 -0.1590 0.9004
vn 0.4031 -0.1640 0.9003
vn 0.3557 -0.0088 0.9346
vn 0.2461 -0.1097 0.9630
vn 0.0360 0.0350 0.9987
vn 0.0270 0.0279 0.9992
vn 0.0003 0.0161 -0.9999
vn 0.0426 0.0482 0.9979
vn 0.0983 -0.9026 0.4191
vn 0.1384 -0.5753 0.8061
vn 0.1203 0.0642 0.9907
vn 0.5600 -0.7346 0.3831
vn 0.0644 -0.0003 0.9979
vn 0.7320 -0.4380 0.5219
vn 0.4731 0.3569 0.8055
vn 0.1496 0.7399 0.6558
vn 0.3521 0.8530 0.3852
vn 0.0670 0.4431 0.8940
vn -0.0746 0.9678 0.2402
vn 0.5937 -0.0035 0.8047
vn 0.7944 -0.4585 0.3985
vn 0.7161 -0.3253 0.6175
vn 0.3552 -0.1495 0.9228
vn 0.0853 0.3626 0.9280
vn -0.0318 0.9857 0.1652
vn -0.2202 0.6902 0.6893
vn 0.0010 -0.0203 -0.9998
vn 0.0713 -0.9019 0.4259
vn 0.0965 -0.9390 0.3302
vn 0.1830 -0.7051 0.6851
vn 0.2906 0.4323 0.8536
vn 0.3299 0.4411 0.8346
vn 0.2535 0.1596 0.9541
vn -0.1337 -0.7316 0.6685
vn -0.1391 -0.5233 0.8407
vn 0.2993 0.9541 0.0046
vn -0.4540 -0.1146 0.8836
vn -0.2671 -0.0698 0.9611
vn -0.3656 -0.0109 0.9307
vn -0.3002 0.0004 0.9539
vn -0.3165 0.5709 0.7576
vn -0.2628 0.7035 0.6603
vn 0.0502 0.3614 0.9311
vn 0.1780 0.0287 0.9836
vn 0.0980 0.0304 0.9947
vn 0.0767 0.0226 0.9968
vn 0.0726 0.0282 0.9970
vn 0.0777 0.0683 0.9946
vn -0.0087 -0.0236 0.9997
vn -0.3128 0.2784 0.9081
vn 0.1693 -0.5298 0.8311
vn 0.1003 -0.1134 0.9885
vn 0.1660 0.0689 0.9837
vn -0.4866 0.6868 0.5399
vn -0.2654 0.2346 0.9352
vn -0.5529 0.6019 0.5762
vn 0.0003 -0.0859 -0.9963
vn -0.2590 -0.5264 0.8098
vn -0.2144 -0.6106 0.7624
vn -0.6819 0.2009 0.7033
vn -0.1993 0.5491 0.8116
vn -0.5832 0.6896 0.4294
vn -0.4267 0.8986 0.1023
vn 0.0518 0.0240 0.9984
vn 0.1257 0.1103 0.9859
vn 0.2287 -0.3310 0.9155
vn -0.7509 -0.6557 -0.0787
vn 0.7226 -0.3580 0.5913
vn -0.1751 0.0698 0.9821
vn 0.1313 0.0006 0.9913
vn 0.5174 -0.6317 0.5772
vn 0.6891 -0.3200 0.6502
vn -0.1570 0.9679 0.1961
vn 0.7099 -0.4349 0.5539
vn 0.0012 -0.0773 -0.9970
vn 0.1805 -0.0110 0.9835
vn -0.2333 0.8459 0.4797
vn -0.3043 0.0009 0.9526
vn -0.3042 0.0042 0.9526
vn -0.2969 -0.9084 0.2945
vn -0.1469 -0.5862 0.7967
vn 0.0452 -0.0792 0.9958
vn 0.0856 0.0370 0.9956
vn 0.3420 0.9233 0.1749
vn -0.0500 -0.9738 0.2220
vn -0.0625 -0.9639 0.2587
vn -0.1299 -0.7962 0.5909
vn -0.1064 -0.5096 0.8538
vn -0.2474 0.4504 0.8579
vn -0.0971 0.2290 0.9686
vn 0.0198 0.0899 0.9958
vn 0.0649 0.0255 0.9976
vn 0.0675 0.0165 0.9976
vn -0.0519 0.0991 0.9937
vn -0.0725 0.4265 0.9016
vn -0.4071 -0.5343 0.7408
vn 0.0399 0.0076 0.9992
vn -0.3960 0.2698 0.8777
vn -0.2573 -0.2489 0.9337
vn 0.0588 0.0339 0.9977
vn 0.0238 0.0376 0.9990
vn 0.0464 0.0478 0.9978
vn 0.0474 -0.9471 0.3173
vn 0.0171 -0.9647 -0.2627
vn -0.5210 -0.6689 0.5302
vn 0.1540 0.6111 0.7765
vn -0.9454 0.2482 0.2114
vn -0.9599 -0.2185 0.1756
vn -0.9234 -0.2054 0.3242
vn -0.5895 -0.4963 0.6373
vn -0.9003 0.0095 0.4352
vn -0.0002 0.1229 -0.9924
vn -0.6830 0.7237 0.0989
vn -0.9827 0.1206 0.1404
vn -0.7136 0.6306 0.3050
vn -0.8365 0.1834 -0.5164
vn -0.9782 0.1452 -0.1488
vn -0.9887 0.0320 0.1462
vn -0.6520 0.3157 0.6894
vn -0.8788 -0.1140 -0.4635
vn -0.4808 -0.0181 0.8766
vn -0.9171 -0.0743 -0.3917
vn -0.9984 0.0537 -0.0176
vn -0.9622 0.0033 0.2723
vn -0.4037 -0.3129 0.8597
vn -0.8365 -0.5438 -0.0675
vn -0.9613 0.0522 0.2706
vn -0.4945 0.2988 0.8162
vn -0.4903 0.3015 0.8177
vn -0.1777 -0.4711 0.8640
vn 0.5690 -0.1494 0.8087
vn 0.3492 0.2292 0.9086
vn 0.4910 0.3626 0.7921
vn -0.0391 0.5153 0.8561
vn 0.0044 0.9348 0.3551
vn -0.3823 0.9152 -0.1272
vn -0.8038 0.3652 0.4696
vn -0.1726 0.1336 0.9759
vn -0.0586 0.2097 0.9760
vn -0.1441 -0.6027 0.7849
vn -0.2858 -0.5416 0.7906
vn 0.8077 -0.4148 0.4191
vn 0.6464 -0.3337 0.6862
vn 0.6370 -0.2794 0.7184
vn -0.4215 0.3168 0.8497
vn -0.3268 -0.8393 0.4344
vn -0.0593 -0.8255 0.5613
vn -0.1119 -0.5330 0.8387
vn -0.2964 -0.9085 0.2946
vn 0.2036 0.4397 0.8748
vn 0.1310 0.9845 -0.1169
vn -0.0874 -0.8425 0.5316
vn -0.0015 -0.1140 0.9935
vn -0.0304 -0.0913 0.9954
vn 0.0474 0.0166 0.9987
vn -0.5144 -0.0078 0.8575
vn 0.0571 0.0631 0.9964
vn -0.6739 -0.0960 0.7326
vn -0.9925 -0.1045 -0.0631
vn -0.9722 -0.1000 0.2115
vn -0.4399 0.0208 0.8978
vn -0.6691 0.0511 0.7415
vn -0.9801 -0.1965 0.0289
vn -0.9397 -0.0420 -0.3395
vn -0.1317 -0.9500 0.2831
vn -0.4799 -0.8579 -0.1837
vn -0.4673 -0.6830 0.5614
vn -0.7783 -0.3291 0.5347
vn -0.6954 0.0027 0.7187
vn -0.6124 0.0699 0.7875
vn -0.7851 0.3462 0.5136
vn -0.8211 -0.1107 0.5599
vn 0.0011 -0.0882 -0.9961
vn -0.8543 -0.2617 0.4491
vn -0.7702 -0.2428 0.5898
vn -0.6245 0.0095 0.7809
vn -0.7096 0.0639 0.7017
vn -0.5937 0.2905 0.7504
vn -0.9903 -0.0362 0.1339
vn -0.8161 0.0277 0.5773
vn -0.7568 0.0499 0.6517
vn -0.6642 0.1422 0.7339
vn -0.5037 0.2985 0.8106
vn -0.8619 0.1131 0.4943
vn -0.8610 0.2729 0.4292
vn -0.8364 0.1127 0.5364
vn -0.8634 0.2088 0.4592
vn -0.8632 0.2094 0.4593
vn -0.9970 -0.0451 -0.0627
vn -0.9859 -0.0097 -0.1668
vn -0.9269 0.2447 0.2847
vn -0.9150 0.2025 0.3491
vn -0.8291 0.3837 0.4065
vn 0.1404 -0.3119 0.9397
vn -0.1431 0.3548 0.9239
vn 0.7954 -0.4224 0.4347
vn 0.0030 -0.1656 -0.9862
vn 0.0103 0.3165 0.9486
vn -0.8516 0.2736 0.4472
vn -0.8584 0.3060 0.4118
vn -0.4405 -0.2264 0.8688
vn -0.3676 -0.8185 0.4414
vn -0.0381 -0.5221 0.8520
vn 0.3546 -0.0108 0.9350
vn 0.4407 0.4144 0.7963
vn 0.2145 -0.0147 0.9766
vn 0.0435 0.4470 -0.8935
vn 0.1517 0.8933 -0.4230
vn 0.1585 0.9870 0.0265
vn 0.1043 0.9936 0.0434
vn 0.1435 0.9858 0.0871
vn -0.4505 -0.2768 0.8488
vn -0.2420 0.4047 0.8818
vn 0.0551 0.0415 0.9976
vn -0.4686 0.1003 0.8777
vn -0.1490 0.5136 0.8450
vn 0.0697 0.0200 0.9974
vn -0.4244 0.2044 0.8821
vn -0.6813 -0.0960 0.7256
vn -0.9275 -0.1578 0.3388
vn -0.9499 -0.2057 -0.2353
vn -0.7412 0.1488 0.6546
vn -0.8221 -0.2977 0.4853
vn -0.8337 -0.2986 0.4646
vn 0.0037 0.0015 -1.0000
vn -0.9345 -0.1885 0.3019
vn -0.5940 -0.1406 0.7921
vn -0.6313 0.0723 0.7722
vn -0.3839 0.0292 0.9229
vn -0.2162 0.4112 0.8855
vn -0.5509 0.4529 0.7010
vn -0.7306 -0.1410 0.6681
vn -0.6259 0.1712 0.7609
vn -0.7594 0.0569 0.6481
vn -0.5994 0.5655 0.5666
vn -0.3369 0.5119 0.7903
vn -0.5871 0.6349 0.5022
vn -0.7390 -0.2700 0.6173
vn -0.8823 -0.1252 0.4537
vn -0.0038 -0.0501 -0.9987
vn 0.0027 -0.0786 -0.9969
vn -0.5041 0.4348 0.7462
vn -0.4521 0.5844 0.6739
vn 0.6204 0.2984 0.7253
vn 0.6257 0.3642 0.6899
vn 0.8496 -0.3500 0.3946
vn 0.6394 -0.2785 0.7167
vn 0.6550 -0.3053 0.6913
vn 0.3806 -0.1505 0.9124
vn 0.0171 0.2884 0.9574
vn -0.3802 0.7971 0.4691
vn -0.0933 -0.4062 0.9090
vn -0.2427 -0.1017 0.9648
vn 0.2164 -0.4535 0.8646
vn 0.2608 -0.6786 0.6867
vn 0.4876 0.4173 0.7669
vn 0.2005 -0.1096 0.9736
vn -0.0078 -0.6414 0.7672
vn 0.1595 -0.0546 0.9857
vn 0.4082 0.8668 0.2865
vn 0.3600 0.5395 0.7612
vn 0.1999 0.9750 0.0973
vn 0.1412 0.9882 -0.0595
vn 0.0878 -0.0479 0.9950
vn 0.1551 -0.0381 0.9872
vn -0.2475 -0.2975 0.9221
vn -0.2478 -0.3030 0.9202
vn -0.1102 -0.5400 0.8344
vn -0.2438 -0.2883 0.9260
vn -0.1456 0.5337 0.8330
vn 0.0524 0.0663 0.9964
vn 0.0927 0.0201 0.9955
vn 0.0023 0.0040 -1.0000
vn -0.2141 -0.3178 0.9237
vn -0.2709 -0.0300 0.9622
vn -0.0527 0.6304 0.7744
vn 0.0251 0.0369 0.9990
vn -0.9466 -0.2725 -0.1724
vn -0.9405 -0.2484 0.2320
vn -0.6402 -0.0459 0.7668
vn -0.6331 -0.0399 0.7730
vn -0.2426 0.2102 0.9471
vn -0.5353 -0.3345 0.7756
vn -0.3398 -0.2637 0.9028
vn -0.2915 -0.0412 0.9557
vn -0.0528 0.2789 0.9589
vn -0.3626 -0.1069 0.9258
vn -0.3843 -0.1174 0.9157
vn -0.3088 0.1352 0.9415
vn -0.4489 0.4770 0.7556
vn -0.9031 -0.2118 0.3736
vn -0.7090 -0.0721 0.7015
vn -0.4480 0.2982 0.8428
vn -0.4507 0.2828 0.8467
vn -0.3164 0.4228 0.8492
vn -0.2637 0.6749 0.6892
vn 0.8486 -0.3522 0.3948
vn 0.0391 -0.4276 0.9031
vn 0.1861 -0.4642 0.8660
vn -0.3806 -0.8663 0.3235
vn 0.0704 -0.4222 0.9038
vn 0.0943 -0.5357 0.8391
vn 0.3028 0.0043 0.9530
vn 0.3340 0.0760 0.9395
vn 0.2058 0.9782 0.0284
vn 0.1651 0.9776 0.1304
vn 0.0021 -1.0000 -0.0023
vn 0.0689 -0.0206 0.9974
vn -0.1469 0.3601 0.9213
vn -0.3665 0.6330 0.6819
vn 0.1546 -0.3891 0.9081
vn 0.0862 0.4256 0.9008
vn 0.0489 0.0185 0.9986
vn 0.0118 0.0577 0.9983
vn 0.0384 0.0512 0.9979
vn -0.8834 -0.3261 -0.3366
vn -0.6299 -0.2264 0.7430
vn -0.5704 -0.1866 0.7999
vn -0.8595 -0.2900 0.4210
vn -0.5878 -0.1805 0.7886
vn -0.5523 -0.1396 0.8219
vn -0.5150 -0.4094 0.7531
vn -0.3055 -0.1423 0.9415
vn -0.2483 -0.1277 0.9602
vn 0.0085 0.1288 0.9916
vn 0.0222 0.3055 0.9519
vn 0.0255 0.2262 0.9738
vn -0.2216 0.0311 0.9747
vn -0.2182 0.1378 0.9661
vn -0.2058 0.4919 0.8460
vn -0.1224 0.4856 0.8656
vn 0.0385 0.7183 0.6946
vn 0.1385 0.7939 0.5921
vn 0.1430 0.7382 0.6592
vn 0.3908 0.5278 0.7542
vn 0.2437 -0.0602 0.9680
vn 0.8947 -0.3653 0.2572
vn 0.8134 -0.3845 0.4366
vn 0.3873 -0.0865 0.9179
vn 0.3171 -0.0294 0.9479
vn 0.3128 -0.0104 0.9498
vn 0.0682 0.3366 0.9392
vn -0.0169 0.5207 0.8536
vn -0.5542 -0.7917 0.2573
vn -0.2148 -0.3311 0.9188
vn 0.0541 0.0765 -0.9956
vn 0.0882 0.2411 -0.9665
vn 0.1805 0.9814 0.0647
vn -0.3448 0.6311 0.6949
vn 0.1482 -0.0579 0.9873
vn 0.3393 -0.4755 0.8116
vn 0.2637 0.4786 0.8375
vn 0.0286 0.0792 0.9964
vn 0.2493 -0.7154 0.6527
vn 0.2644 0.5246 0.8092
vn 0.4053 0.1701 0.8982
vn 0.3172 0.4372 0.8416
vn 0.3528 -0.4327 0.8297
vn 0.3313 0.3596 0.8723
vn 0.0699 0.0447 0.9966
vn -0.6165 -0.3260 0.7168
vn 0.2947 0.1875 0.9370
vn 0.3917 0.1446 0.9087
vn 0.3518 0.2235 0.9090
vn 0.2162 -0.1889 0.9579
vn 0.0398 0.2404 0.9699
vn 0.1821 -0.1250 0.9753
vn 0.0369 0.3180 0.9474
vn 0.0381 0.2451 0.9688
vn -0.4711 -0.0741 0.8790
vn -0.2587 0.0727 0.9632
vn 0.2088 0.6234 0.7535
vn 0.2056 0.6277 0.7508
vn -0.6355 0.2823 0.7187
vn 0.5425 -0.0693 0.8372
vn 0.5859 0.0886 0.8056
vn 0.8869 -0.3697 0.2770
vn 0.0019 -0.5181 -0.8553
vn 0.6934 -0.2879 0.6606
vn 0.5862 -0.1727 0.7916
vn 0.1581 -0.3856 0.9090
vn 0.6686 0.1687 0.7243
vn 0.6179 0.3749 0.6911
vn 0.7102 0.3828 0.5908
vn 0.5263 0.1137 0.8427
vn -0.4114 -0.5120 0.7541
vn 0.3109 -0.2049 0.9281
vn -0.6333 -0.7296 0.2581
vn 0.3658 0.9253 0.1000
vn 0.2908 0.9560 -0.0381
vn 0.2826 0.9556 0.0829
vn 0.0063 -1.0000 0.0070
vn -0.1071 0.2456 0.9634
vn 0.6122 0.0556 0.7887
vn 0.0554 0.0232 0.9982
vn 0.3920 -0.1261 0.9113
vn 0.4847 0.0144 0.8746
vn 0.6158 -0.1909 0.7644
vn 0.5473 0.2906 0.7848
vn -0.7035 -0.6108 -0.3634
vn -0.7608 -0.5712 0.3081
vn -0.2067 -0.2600 0.9432
vn -0.5189 -0.6458 -0.5601
vn -0.7100 -0.6351 -0.3041
vn -0.1089 -0.1485 0.9829
vn 0.0053 0.0199 -0.9998
vn -0.0054 -0.0504 0.9987
vn 0.0350 0.0940 0.9950
vn -0.0007 -0.2611 0.9653
vn 0.0792 -0.1954 0.9775
vn 0.5177 0.0799 0.8518
vn 0.1221 -0.2276 0.9661
vn 0.1822 -0.3443 0.9210
vn 0.4772 0.1025 0.8728
vn 0.0961 0.1080 0.9895
vn 0.3722 -0.0244 0.9278
vn 0.2952 0.1904 0.9363
vn 0.3084 0.4303 0.8484
vn 0.4121 0.4663 0.7828
vn 0.4234 0.5613 0.7111
vn -0.3535 0.6849 0.6371
vn -0.6197 0.3215 0.7160
vn -0.6896 0.2637 0.6745
vn -0.3455 0.6124 0.7111
vn 0.5055 0.1202 0.8544
vn 0.7899 0.4503 0.4162
vn 0.2934 0.1961 0.9357
vn 0.3648 0.2087 0.9074
vn 0.3229 -0.3673 0.8722
vn 0.2875 -0.0533 0.9563
vn -0.2170 -0.6639 0.7157
vn -0.7544 -0.6308 0.1814
vn -0.0096 0.0371 0.9993
vn 0.0070 -0.0056 -1.0000
vn 0.4637 0.7750 -0.4294
vn 0.4364 0.8945 0.0968
vn 0.0091 -0.9999 -0.0098
vn -0.0315 -0.9839 0.1760
vn 0.0845 -0.0528 0.9950
vn -0.0027 -0.0118 -0.9999
vn 0.1330 -0.0598 0.9893
vn 0.1753 0.0853 0.9808
vn 0.0424 0.0378 0.9984
vn 0.0238 0.0445 0.9987
vn 0.0194 0.0178 0.9997
vn 0.0321 0.0280 0.9991
vn 0.0348 0.0358 0.9988
vn 0.0344 0.0329 0.9989
vn 0.0406 0.0375 0.9985
vn -0.5237 -0.5776 0.6262
vn -0.1221 -0.2336 0.9646
vn -0.0191 -0.2786 0.9602
vn -0.0382 -0.2546 0.9663
vn 0.4696 -0.0788 0.8794
vn 0.5114 -0.0273 0.8589
vn 0.4576 0.1491 0.8766
vn 0.0067 0.1451 -0.9894
vn -0.3205 0.1698 0.9319
vn -0.3213 0.3003 0.8981
vn 0.3002 0.0671 0.9515
vn -0.0131 0.2235 0.9746
vn -0.0065 0.1244 0.9922
vn 0.2795 0.3212 0.9048
vn 0.2112 0.5412 0.8140
vn 0.0106 0.4290 0.9033
vn -0.3655 0.5923 0.7180
vn 0.0033 -0.0958 -0.9954
vn 0.7684 -0.1682 0.6175
vn 0.9166 -0.3253 0.2322
vn 0.8013 -0.3473 0.4872
vn 0.7236 -0.0762 0.6860
vn 0.6527 0.0648 0.7548
vn 0.7593 0.0068 0.6507
vn 0.7667 0.0579 0.6394
vn 0.8299 0.2882 0.4777
vn 0.4252 -0.1830 0.8864
vn -0.7056 -0.6286 0.3271
vn -0.5031 -0.4271 0.7513
vn -0.0474 0.0235 0.9986
vn 0.0271 0.2641 0.9641
vn 0.2677 0.8172 0.5105
vn 0.0192 -0.9677 -0.2513
vn 0.0014 -0.9563 0.2923
vn -0.0158 -0.7730 0.6342
vn 0.0773 -0.0263 0.9967
vn -0.0026 0.0058 -1.0000
vn -0.3708 0.5804 0.7250
vn 0.0242 0.0433 0.9988
vn 0.0407 0.0374 0.9985
vn -0.0543 -0.8800 -0.4718
vn 0.0067 -0.9609 0.2768
vn 0.2967 -0.6273 -0.7201
vn 0.0780 -0.9930 -0.0888
vn 0.2947 -0.4787 0.8271
vn 0.4641 -0.6552 -0.5960
vn -0.0038 -0.0542 0.9985
vn 0.0064 0.0602 0.9982
vn 0.2629 0.1461 0.9537
vn -0.2328 -0.0931 0.9681
vn -0.2557 -0.1182 0.9595
vn 0.0341 -0.0984 -0.9946
vn -0.1164 -0.1572 0.9807
vn 0.0075 -0.0095 -0.9999
vn 0.2690 -0.0190 0.9630
vn 0.1390 -0.1767 0.9744
vn -0.2877 0.0419 0.9568
vn 0.2179 0.0637 0.9739
vn -0.4353 0.3199 0.8415
vn -0.3414 0.4498 0.8253
vn -0.2227 0.4294 0.8752
vn -0.1425 0.6701 0.7285
vn 0.2223 0.6792 0.6994
vn 0.5236 -0.1188 0.8436
vn 0.0031 -0.0870 -0.9962
vn 0.9176 -0.3458 0.1958
vn 0.9582 -0.2648 0.1084
vn 0.9014 -0.3557 0.2468
vn 0.9219 -0.1613 0.3523
vn 0.8913 -0.1626 0.4234
vn 0.8929 -0.1653 0.4187
vn 0.6852 0.0792 0.7240
vn 0.8639 0.2409 0.4424
vn 0.8882 0.1293 0.4408
vn -0.2389 -0.4032 0.8833
vn -0.7206 -0.6612 0.2085
vn -0.7888 -0.5748 0.2178
vn -0.3514 -0.3210 0.8795
vn 0.0001 -0.0175 0.9998
vn 0.4231 0.9054 0.0360
vn 0.3136 0.9453 0.0900
vn 0.5015 0.7847 -0.3644
vn 0.5224 0.8490 -0.0791
vn 0.5762 0.8171 0.0203
vn -0.2988 0.6308 0.7161
vn -0.2152 0.3200 0.9227
vn 0.0450 -0.0195 0.9988
vn 0.0140 0.0281 0.9995
vn 0.6363 -0.5249 -0.5654
vn 0.7413 -0.4957 0.4525
vn 0.7407 -0.4359 0.5113
vn -0.0670 0.1234 0.9901
vn 0.2753 -0.2604 0.9254
vn -0.1195 0.2823 0.9518
vn -0.0976 0.3597 0.9279
vn 0.5761 -0.2612 0.7745
vn 0.0570 -0.0840 0.9948
vn -0.2455 0.3378 0.9087
vn -0.2230 0.3797 0.8978
vn -0.2487 0.4347 0.8655
vn 0.3224 0.1976 0.9257
vn 0.3997 -0.0619 0.9145
vn -0.1109 0.2478 0.9624
vn 0.0293 0.5314 0.8466
vn -0.3100 0.3598 0.8800
vn -0.2231 0.6032 0.7657
vn -0.0868 0.6922 0.7164
vn -0.0382 0.7508 0.6594
vn 0.5540 -0.0993 0.8266
vn 0.6576 -0.1625 0.7356
vn 0.9642 -0.1066 0.2427
vn 0.8394 0.0384 0.5422
vn 0.9246 0.0874 0.3708
vn 0.8963 0.2043 0.3936
vn 0.1674 -0.3691 0.9142
vn -0.4524 0.1620 0.8770
vn -0.5397 -0.3234 0.7773
vn -0.9219 -0.3597 0.1436
vn -0.8803 -0.4519 0.1443
vn -0.7472 -0.4824 0.4572
vn 0.1369 0.4474 0.8838
vn 0.4225 0.9056 0.0359
vn 0.2629 0.8407 0.4734
vn 0.0379 -0.3206 0.9465
vn 0.0727 0.0044 0.9973
vn -0.3003 0.6310 0.7153
vn 0.0440 0.0082 0.9990
vn 0.0018 0.0139 -0.9999
vn 0.0092 0.0171 0.9998
vn 0.0259 0.0477 0.9985
vn 0.8605 -0.2095 0.4645
vn 0.6417 -0.1360 0.7548
vn 0.8209 -0.2939 -0.4896
vn 0.9857 -0.1620 -0.0469
vn 0.6494 -0.0923 0.7548
vn 0.8009 -0.3042 0.5159
vn 0.6586 0.1123 0.7441
vn 0.6496 0.1177 0.7511
vn 0.7132 -0.2514 0.6544
vn -0.0028 0.0044 -1.0000
vn 0.5219 0.1502 0.8397
vn 0.0192 0.0129 -0.9997
vn 0.1705 -0.1511 0.9737
vn 0.3639 -0.5951 0.7165
vn -0.0498 -0.0522 0.9974
vn 0.0514 -0.0720 -0.9961
vn 0.0449 0.2362 0.9707
vn 0.0138 0.1419 -0.9898
vn 0.1529 0.0373 0.9875
vn -0.2487 0.4350 0.8654
vn 0.0054 0.0017 -1.0000
vn 0.0206 0.2016 0.9793
vn 0.1684 0.5402 0.8245
vn 0.0009 -0.0907 -0.9959
vn 0.1456 0.6222 0.7692
vn 0.1592 0.8065 0.5694
vn 0.0585 0.2374 0.9696
vn 0.1417 0.3096 0.9402
vn 0.6571 -0.1553 0.7376
vn 0.9774 -0.1877 0.0975
vn 0.9796 -0.1360 0.1482
vn 0.9470 0.0485 0.3175
vn 0.0141 -0.5665 0.8239
vn -0.1345 -0.3874 0.9120
vn -0.9329 -0.3345 0.1332
vn -0.9614 -0.2646 0.0754
vn -0.8987 -0.2096 0.3853
vn 0.4147 0.9099 0.0111
vn 0.0447 -0.9451 -0.3238
vn 0.0193 -0.9998 -0.0025
vn -0.0113 -0.0253 -0.9996
vn 0.0501 -0.0052 0.9987
vn 0.0423 0.0238 0.9988
vn -0.0035 -0.0103 -0.9999
vn 0.0273 0.0413 0.9988
vn 0.0358 0.0062 -0.9993
vn 0.0297 0.0400 0.9988
vn 0.3648 -0.9310 0.0119
vn 0.9847 -0.0686 0.1603
vn 0.9691 0.1109 0.2206
vn 0.9121 0.0830 -0.4014
vn 0.9944 -0.0963 0.0442
vn 0.9186 0.1907 0.3462
vn 0.9813 -0.1884 -0.0383
vn 0.9219 -0.2356 0.3077
vn 0.9004 -0.1601 0.4045
vn 0.7993 -0.1508 0.5817
vn 0.3479 -0.2272 0.9096
vn 0.4810 -0.1251 0.8678
vn 0.0043 0.0661 -0.9978
vn 0.4617 -0.1377 0.8763
vn 0.3860 0.0024 0.9225
vn -0.0412 0.3849 0.9220
vn 0.5108 0.0873 0.8552
vn 0.5449 -0.2034 0.8135
vn 0.0757 0.3667 0.9273
vn -0.1051 0.6703 0.7346
vn -0.1644 0.5653 0.8084
vn 0.1794 0.2770 0.9440
vn 0.1464 0.6269 0.7652
vn 0.3106 0.4974 0.8100
vn 0.5420 0.6387 0.5462
vn 0.0291 0.0399 0.9988
vn 0.4593 -0.6343 0.6218
vn 0.0431 -0.8502 0.5247
vn -0.5784 -0.4486 0.6813
vn -0.9091 -0.4105 0.0714
vn -0.8190 -0.2205 0.5297
vn -0.3706 -0.0934 0.9241
vn 0.0065 -0.0051 -1.0000
vn 0.0255 -0.0097 0.9996
vn 0.1965 0.2191 -0.9557
vn 0.4928 0.7966 -0.3502
vn 0.5307 0.8451 0.0646
vn 0.5512 0.8315 0.0694
vn 0.0405 -0.8344 -0.5496
vn 0.1164 0.0533 0.9918
vn 0.0343 -0.0446 0.9984
vn -0.0024 0.0055 -1.0000
vn -0.1251 0.4410 0.8887
vn 0.0277 0.0334 0.9991
vn 0.0241 0.0280 0.9993
vn 0.0299 0.0352 0.9989
vn 0.0014 -0.0061 -1.0000
vn 0.0333 0.0311 0.9990
vn 0.0058 0.0229 0.9997
vn 0.0115 0.0790 0.9968
vn 0.5531 -0.0262 0.8327
vn 0.5839 0.0927 0.8065
vn 0.9132 -0.4067 -0.0248
vn 0.9203 -0.2993 0.2517
vn 0.7678 -0.3159 0.5573
vn 0.8995 -0.2785 -0.3367
vn 0.7625 -0.1638 0.6260
vn 0.7996 -0.1776 0.5737
vn 0.7514 -0.6076 0.2573
vn 0.8140 -0.1474 0.5619
vn -0.0167 -0.0603 -0.9980
vn 0.7851 -0.1239 0.6068
vn 0.5652 -0.1045 0.8183
vn 0.8086 0.5071 0.2985
vn 0.8828 0.4283 -0.1928
vn 0.8780 -0.0901 0.4701
vn 0.3795 0.2078 0.9016
vn 0.4645 0.2469 0.8505
vn 0.6606 -0.1854 0.7275
vn 0.8877 0.4353 0.1498
vn 0.7056 -0.0288 0.7080
vn 0.8296 -0.3159 0.4604
vn 0.4369 0.3162 0.8421
vn 0.4526 0.3190 0.8327
vn 0.8266 -0.3277 0.4576
vn 0.6653 -0.2146 0.7150
vn 0.5068 0.0265 0.8617
vn 0.5085 -0.0806 0.8573
vn 0.0037 0.0127 -0.9999
vn 0.2310 0.2792 0.9320
vn 0.2431 0.3073 0.9200
vn -0.0054 0.5075 0.8616
vn 0.0238 0.5580 0.8295
vn 0.6000 -0.1319 0.7891
vn 0.5564 0.0409 0.8299
vn 0.1763 0.4236 0.8885
vn 0.7439 0.4866 0.4581
vn 0.7388 0.4821 0.4708
vn 0.5834 0.6178 0.5273
vn 0.1713 0.2418 0.9551
vn 0.0869 -0.1746 0.9808
vn 0.0257 -0.2182 0.9756
vn -0.6560 -0.6067 0.4490
vn -0.0639 -0.4740 0.8782
vn -0.6812 -0.6347 0.3649
vn -0.9018 -0.4310 0.0324
vn -0.9106 -0.4072 0.0707
vn 0.1627 0.4163 0.8945
vn 0.4644 0.8856 -0.0082
vn 0.4350 0.9003 0.0175
vn 0.4196 0.8559 0.3023
vn 0.0376 -0.4833 0.8747
vn -0.0013 -0.1835 -0.9830
vn -0.0072 -0.0072 -0.9999
vn -0.2841 0.6390 0.7148
vn -0.3116 0.5708 0.7596
vn 0.0191 0.0043 -0.9998
vn 0.0157 0.0110 -0.9998
vn 0.0244 -0.0064 -0.9997
vn -0.0697 -0.0185 0.9974
vn 0.5158 0.0344 0.8560
vn 0.8901 0.0271 -0.4550
vn 0.9383 -0.0994 0.3312
vn 0.9492 0.1838 -0.2555
vn 0.9835 0.1805 0.0087
vn 0.9830 -0.1439 -0.1138
vn 0.7404 -0.6203 0.2589
vn 0.7152 -0.4073 0.5680
vn 0.9924 -0.0029 0.1229
vn 0.9878 0.1103 0.1101
vn 0.8963 -0.0913 0.4340
vn 0.9960 0.0834 0.0306
vn 0.9831 -0.1776 -0.0441
vn 0.3801 0.7969 0.4696
vn 0.7980 0.0207 -0.6023
vn 0.8872 -0.3217 0.3307
vn 0.2989 -0.0704 -0.9517
vn 0.7769 -0.6202 0.1087
vn 0.6762 -0.4190 -0.6059
vn 0.9327 -0.3138 -0.1777
vn 0.7314 0.2167 0.6466
vn 0.7926 0.3340 0.5101
vn 0.2214 -0.2279 -0.9482
vn 0.7167 0.6951 0.0566
vn 0.7037 0.6770 0.2156
vn 0.9320 -0.2720 0.2395
vn 0.9335 0.1121 -0.3407
vn 0.7625 -0.1671 0.6251
vn 0.7298 -0.2762 -0.6253
vn 0.7448 -0.3335 -0.5779
vn 0.8818 -0.3063 0.3586
vn 0.8138 0.1010 0.5724
vn 0.5612 0.2894 0.7754
vn 0.0133 0.0041 -0.9999
vn 0.7259 0.4012 0.5587
vn 0.8846 0.4613 -0.0678
vn 0.9528 -0.2989 0.0529
vn 0.6928 -0.0246 0.7207
vn 0.8846 -0.1308 0.4476
vn 0.5925 0.0739 0.8022
vn 0.0233 -0.0383 -0.9990
vn 0.4903 0.3217 0.8100
vn 0.2913 0.6905 0.6621
vn 0.0360 0.1600 0.9865
vn -0.5456 -0.1262 0.8285
vn 0.0373 0.3306 0.9430
vn -0.6941 0.4463 0.5648
vn -0.4391 0.6547 0.6153
vn -0.4445 0.6625 0.6030
vn -0.2069 0.8144 0.5421
vn 0.1757 0.6987 0.6935
vn -0.1145 0.6652 0.7379
vn -0.0654 0.3195 0.9453
vn -0.0000 0.0296 0.9996
vn -0.9196 -0.3904 0.0427
vn -0.7674 -0.3206 0.5553
vn -0.7783 -0.3386 0.5287
vn -0.2322 -0.0785 0.9695
vn 0.0094 -0.0134 -0.9999
vn 0.0331 -0.0158 0.9993
vn 0.0035 0.0126 0.9999
vn 0.6600 0.7503 0.0377
vn 0.5447 0.8383 -0.0225
vn 0.4576 0.7405 0.4922
vn 0.5463 0.7947 -0.2646
vn 0.5705 0.8211 0.0198
vn 0.5683 0.8226 0.0181
vn 0.0981 -0.9952 -0.0001
vn 0.1570 -0.9875 -0.0152
vn 0.0497 -0.0306 0.9983
vn 0.0196 -0.0546 0.9983
vn 0.0949 0.0368 0.9948
vn 0.0327 0.3265 0.9446
vn 0.0320 -0.0286 0.9991
vn 0.0078 0.0169 -0.9998
vn 0.0138 0.0328 0.9994
vn 0.7942 -0.0125 0.6075
vn 0.0563 0.1191 0.9913
vn 0.3599 -0.6678 0.6516
vn 0.4724 0.1513 0.8683
vn 0.4071 0.6189 0.6717
vn 0.4811 0.7255 0.4921
vn 0.4325 -0.4794 0.7636
vn 0.3698 -0.7441 0.5564
vn 0.3439 -0.0488 -0.9377
vn 0.9952 -0.0105 -0.0976
vn 0.9151 -0.4002 -0.0481
vn 0.9358 0.2754 0.2202
vn 0.8961 0.3236 0.3037
vn 0.9118 0.3927 0.1198
vn 0.9504 -0.2321 -0.2069
vn 0.9772 -0.2004 0.0696
vn 0.9649 -0.2500 -0.0809
vn 0.1587 0.0429 0.9864
vn 0.0787 -0.0119 0.9968
vn 0.9069 0.0652 0.4163
vn 0.9280 -0.0942 -0.3604
vn 0.9385 0.1385 0.3162
vn 0.6657 0.2065 0.7170
vn 0.9175 -0.0118 -0.3976
vn 0.8692 0.3121 0.3836
vn 0.9145 0.4002 -0.0586
vn 0.8962 -0.4234 0.1323
vn 0.8965 -0.3332 -0.2921
vn 0.8467 -0.3621 0.3899
vn 0.8247 -0.3631 -0.4336
vn 0.7599 0.0511 0.6480
vn 0.5980 0.2764 0.7523
vn 0.6155 0.3651 0.6985
vn 0.4179 0.5305 0.7375
vn 0.4281 0.7679 0.4765
vn 0.7586 0.1632 0.6308
vn 0.8612 -0.2337 0.4512
vn 0.5828 0.3759 0.7204
vn -0.6598 -0.1722 0.7314
vn -0.9563 0.2437 0.1617
vn -0.9953 0.0966 -0.0077
vn -0.9966 0.0702 0.0428
vn -0.7082 -0.0555 0.7038
vn -0.9355 -0.0267 0.3522
vn -0.9423 0.2305 0.2429
vn -0.9787 0.1221 0.1649
vn -0.9749 0.1079 0.1947
vn -0.9974 0.0709 0.0088
vn -0.7404 0.0595 0.6695
vn -0.6056 0.0690 0.7928
vn -0.5994 -0.2798 0.7500
vn -0.8351 -0.4108 0.3659
vn -0.8918 -0.4516 0.0264
vn -0.9686 -0.2483 0.0103
vn -0.8390 -0.4328 0.3298
vn -0.7799 -0.2600 0.5694
vn -0.7804 -0.3151 0.5400
vn -0.0163 -0.0074 0.9998
vn 0.0205 -0.0086 0.9998
vn 0.1812 -0.9657 -0.1860
vn 0.2024 -0.9792 -0.0110
vn 0.2024 -0.9670 0.1550
vn 0.2444 -0.6083 -0.7552
vn 0.0478 -0.0260 0.9985
vn -0.2195 0.6249 0.7492
vn 0.0963 -0.0234 0.9951
vn 0.6115 0.2242 0.7589
vn 0.5529 0.1250 -0.8238
vn 0.9219 -0.1444 -0.3595
vn 0.6247 0.0066 0.7809
vn 0.9943 -0.0215 0.1043
vn 0.9401 -0.0077 0.3409
vn 0.4926 -0.0016 0.8702
vn 0.5376 -0.0155 0.8431
vn 0.5932 0.0507 -0.8035
vn 0.5447 0.1641 0.8224
vn 0.4724 0.0205 -0.8811
vn 0.5723 0.0586 0.8180
vn 0.2545 -0.1294 0.9584
vn 0.7022 -0.0804 -0.7075
vn 0.2467 -0.0189 0.9689
vn 0.1136 0.1312 0.9848
vn 0.1158 0.1335 0.9843
vn 0.2226 0.0440 0.9739
vn 0.1251 -0.0115 0.9921
vn 0.3586 -0.6881 0.6308
vn 0.1377 -0.8303 0.5401
vn 0.5825 -0.1647 0.7960
vn 0.3896 0.4780 -0.7872
vn 0.3077 0.2042 -0.9293
vn 0.3874 0.7896 0.4759
vn 0.3366 0.7373 0.5857
vn 0.4037 -0.3698 0.8368
vn 0.6109 -0.4430 0.6561
vn 0.4954 0.3800 0.7811
vn 0.3884 -0.2833 -0.8769
vn 0.2090 0.6774 0.7053
vn 0.3539 0.7862 0.5066
vn 0.5294 0.4195 -0.7374
vn 0.7765 0.0448 0.6285
vn 0.5275 -0.0359 0.8488
vn 0.4635 -0.0108 -0.8860
vn 0.9897 -0.0813 -0.1181
vn 0.2178 -0.0186 -0.9758
vn 0.2115 0.0109 0.9773
vn 0.1409 0.0357 0.9894
vn 0.9075 -0.0432 0.4178
vn 0.7379 -0.3581 0.5721
vn 0.9965 -0.0828 -0.0142
vn 0.9371 0.0080 0.3490
vn 0.7722 0.2889 0.5659
vn 0.9990 -0.0181 -0.0403
vn 0.8191 0.4019 0.4093
vn 0.4770 -0.0097 0.8788
vn 0.9226 -0.1540 0.3538
vn 0.6783 0.3354 0.6538
vn 0.4958 0.0407 0.8675
vn 0.0349 -0.1013 -0.9942
vn -0.1838 -0.1640 0.9692
vn -0.2576 -0.1434 0.9556
vn -0.2851 -0.1762 0.9422
vn -0.7744 -0.0097 0.6326
vn -0.7648 -0.0608 0.6413
vn -0.9859 0.1022 0.1322
vn -0.7941 -0.0603 0.6048
vn -0.9976 0.0685 0.0124
vn -0.8859 -0.1428 0.4413
vn -0.9949 -0.1004 0.0079
vn -0.8765 -0.1999 0.4380
vn -0.9580 -0.2863 -0.0173
vn 0.4737 0.3369 -0.8137
vn 0.8265 0.5624 0.0242
vn 0.8206 0.5710 -0.0233
vn 0.7212 0.5741 -0.3877
vn 0.7482 0.5746 -0.3317
vn 0.7596 0.6502 0.0156
vn 0.7687 0.6393 0.0178
vn 0.7518 0.6593 -0.0111
vn 0.7040 0.6384 0.3112
vn 0.3236 0.4952 0.8062
vn 0.3577 0.4511 0.8176
vn 0.8183 0.0249 0.5742
vn 0.8641 0.0519 0.5007
vn 0.6616 0.0174 0.7497
vn 0.4910 -0.0007 -0.8712
vn 0.9968 0.0116 -0.0796
vn 0.5738 -0.1460 0.8059
vn 0.2863 0.0170 -0.9580
vn 0.6255 0.0387 -0.7792
vn 0.6240 0.2250 0.7484
vn 0.9067 0.3971 0.1420
vn 0.9220 0.3690 0.1176
vn 0.7992 0.1043 -0.5920
vn 0.9321 0.1153 -0.3433
vn 0.9955 -0.0710 0.0623
vn 0.9064 0.4007 0.1336
vn 0.9524 0.2483 0.1771
vn 0.9516 0.2482 0.1812
vn 0.9973 0.0389 0.0621
vn 0.9531 0.1558 -0.2595
vn 0.9925 0.0769 -0.0946
vn 0.9882 0.0069 0.1532
vn 0.9986 -0.0012 0.0529
vn 0.9948 -0.0220 0.0990
vn 0.9168 -0.3217 -0.2366
vn 0.7073 -0.2417 -0.6643
vn 0.9997 -0.0204 0.0097
vn 0.5781 -0.0096 -0.8159
vn 0.9894 -0.0827 0.1194
vn 0.9991 -0.0266 0.0343
vn 0.6643 0.0122 -0.7474
vn 0.9943 -0.0838 0.0667
vn 0.9390 -0.0303 0.3425
vn 0.9899 -0.1396 0.0237
vn 0.6778 -0.0777 0.7311
vn 0.7120 0.0400 -0.7010
vn 0.9991 0.0321 -0.0291
vn 0.9724 0.0769 -0.2203
vn 0.9684 0.2438 0.0519
vn 0.6546 0.1557 0.7397
vn 0.9797 0.0048 -0.2002
vn 0.9721 0.0124 -0.2343
vn 0.9809 0.0915 0.1714
vn 0.9835 0.1155 0.1391
vn 0.9426 -0.1693 0.2880
vn 0.9426 -0.1778 0.2826
vn 0.8509 -0.4424 0.2834
vn 0.9972 0.0236 -0.0714
vn 0.9896 -0.1357 -0.0485
vn 0.9922 -0.1074 -0.0629
vn 0.7908 -0.0630 0.6088
vn 0.9653 -0.1449 -0.2174
vn 0.7194 -0.0352 0.6937
vn 0.6783 -0.0833 -0.7300
vn 0.9921 -0.1042 -0.0701
vn 0.9726 0.0981 0.2108
vn 0.7313 0.0893 0.6762
vn 0.9986 0.0274 0.0462
vn 0.9994 0.0082 0.0349
vn 0.9388 0.2157 -0.2686
vn 0.9995 0.0229 -0.0221
vn 0.8997 0.0429 0.4344
vn 0.8642 0.0425 0.5014
vn 0.6673 0.0099 -0.7447
vn 0.9879 0.0203 -0.1536
vn 0.9999 0.0123 0.0010
vn 0.9994 0.0259 -0.0246
vn 0.9971 0.0378 0.0662
vn 0.5500 0.0162 -0.8350
vn 0.9999 0.0112 -0.0014
vn 0.9993 -0.0066 0.0379
vn 0.9999 0.0074 0.0086
vn 0.9205 0.0283 0.3897
vn 1.0000 0.0055 0.0031
vn 0.9994 0.0333 0.0071
vn 0.9983 0.0119 -0.0567
vn 0.9352 0.2926 0.1994
vn 0.9998 0.0213 -0.0000
vn 0.9841 -0.1746 -0.0329
vn 0.8930 -0.0512 0.4472
vn 0.9499 -0.3098 -0.0422
vn 0.6137 -0.0406 -0.7885
vn 0.9133 -0.4072 0.0032
vn 0.9125 -0.4071 -0.0390
vn 0.6668 0.0010 -0.7453
vn 0.5806 0.5030 -0.6403
vn 0.3113 0.7587 0.5722
vn 0.7624 -0.2116 -0.6115
vn 0.6590 0.0923 -0.7465
vn 0.7138 0.0181 -0.7001
vn 0.5271 -0.5451 -0.6520
vn 0.6881 0.1519 0.7096
vn 0.5886 0.6501 0.4805
vn 0.8075 0.0048 0.5899
vn 0.7469 0.5599 -0.3586
vn 0.7562 0.3875 -0.5273
vn 0.7553 0.6549 0.0253
vn 0.8656 0.4981 0.0520
vn 0.8859 0.4638 0.0111
vn 0.9421 0.3347 0.0205
vn 0.9599 0.2802 0.0073
vn 0.7958 -0.0242 0.6050
vn 0.9128 -0.0357 -0.4069
vn 0.9992 -0.0397 -0.0023
vn 0.9124 -0.0356 -0.4079
vn 0.9991 -0.0416 -0.0034
vn 0.7203 -0.2490 -0.6474
vn 0.9373 -0.3486 -0.0003
vn 0.8840 -0.4674 0.0076
vn 0.4482 -0.4720 0.7592
vn 0.4150 -0.3070 0.8565
vn 0.7012 -0.3847 0.6003
vn 0.0813 -0.0583 -0.9950
vn 0.5257 -0.0143 0.8506
vn 0.5290 -0.0114 0.8486
vn 0.3648 0.1292 0.9221
vn 0.8921 0.4517 0.0120
vn 0.8128 0.4260 0.3974
vn 0.6045 -0.7396 -0.2959
vn 0.4204 -0.9073 -0.0071
vn 0.4450 -0.8955 -0.0047
vn 0.4211 -0.8767 0.2323
vn 0.5394 -0.7334 0.4137
vn 0.5990 -0.6489 -0.4692
vn 0.6391 -0.6972 -0.3247
vn 0.6304 -0.6336 0.4484
vn 0.4482 -0.1464 0.8819
vn 0.6688 0.3260 0.6681
vn 0.2309 0.0507 -0.9716
vn 0.6452 0.2313 0.7281
vn 0.4229 0.1730 -0.8895
vn 0.9061 0.2438 -0.3457
vn 0.7076 0.5158 0.4830
vn 0.9395 0.3424 -0.0013
vn 0.9527 0.3034 -0.0175
vn 0.9171 0.3987 -0.0075
vn 0.6624 0.1393 0.7361
vn 0.9976 -0.0690 0.0014
vn 0.9993 -0.0364 0.0014
vn 0.9999 0.0052 0.0155
vn 0.9988 -0.0345 0.0356
vn 0.9177 -0.0050 -0.3972
vn 0.9999 -0.0163 -0.0046
vn 0.9999 -0.0143 -0.0029
vn 0.9929 -0.1189 0.0031
vn 0.7873 -0.0947 0.6092
vn 0.8811 0.0142 -0.4726
vn 0.7872 0.0203 0.6164
vn 0.9996 0.0085 -0.0264
vn 0.7870 0.0203 0.6166
vn 0.9998 0.0073 -0.0170
vn 0.9999 0.0112 0.0012
vn 0.9997 0.0073 -0.0250
vn 0.9950 0.0419 -0.0904
vn 0.9998 0.0174 -0.0028
vn 0.9993 0.0320 -0.0204
vn 0.9996 -0.0219 -0.0152
vn 0.9975 0.0211 0.0680
vn 0.9878 -0.1475 -0.0501
vn 0.9960 -0.0246 0.0857
vn 0.9995 0.0272 0.0158
vn 0.9999 0.0112 0.0016
vn 0.9998 -0.0013 0.0173
vn 1.0000 0.0081 0.0015
vn 1.0000 0.0071 -0.0009
vn 0.9997 0.0002 0.0260
vn 0.9979 0.0101 -0.0647
vn 0.9991 0.0072 -0.0410
vn 0.9998 0.0068 -0.0198
vn 1.0000 -0.0051 0.0031
vn 0.9999 -0.0136 -0.0096
vn 0.6242 -0.7707 -0.1282
vn 0.8507 -0.5125 0.1165
vn 0.6004 -0.7079 0.3720
vn 0.9997 -0.0216 -0.0114
vn 0.9960 -0.0382 0.0805
vn 0.5684 -0.6608 -0.4902
vn 0.7374 -0.6559 -0.1614
vn 0.8795 -0.3509 0.3214
vn 0.9999 -0.0022 0.0137
vn 0.8952 -0.3168 -0.3133
vn 0.7431 -0.3880 -0.5453
vn 0.7377 0.6641 0.1213
vn 0.8851 0.4641 -0.0350
vn 0.6036 0.7541 -0.2588
vn 0.5593 -0.3971 0.7276
vn 0.9998 0.0204 0.0083
vn 0.7790 0.3857 0.4943
vn 0.9980 0.0599 0.0208
vn 0.9993 0.0373 0.0017
vn 0.5998 0.3730 -0.7079
vn 0.9623 0.0212 0.2711
vn 0.8860 0.0472 -0.4613
vn 0.9985 0.0298 -0.0454
vn 0.7278 0.0252 -0.6853
vn 0.7385 0.0220 -0.6739
vn 0.7965 -0.0520 -0.6024
vn 0.8488 -0.1378 0.5104
vn 0.9996 0.0134 0.0242
vn 0.7362 0.0784 0.6722
vn 0.6467 0.0590 0.7604
vn 0.8493 0.2086 -0.4849
vn 0.6949 -0.5835 0.4203
vn 0.9394 -0.3425 0.0104
vn 0.9258 -0.3780 -0.0032
vn 0.4983 -0.6448 -0.5796
vn 0.5842 0.4642 -0.6658
vn 0.6725 0.4777 0.5653
vn 0.6555 0.4916 0.5733
vn 0.6527 0.6548 -0.3811
vn 0.5349 0.7519 -0.3853
vn 0.5439 0.7383 0.3989
vn 0.5193 0.7471 0.4150
vn 0.2138 0.4525 -0.8657
vn 0.5543 -0.3020 0.7756
vn 0.6025 -0.3002 -0.7395
vn 0.2909 -0.4445 0.8472
vn 0.6489 -0.3029 -0.6980
vn 0.3656 -0.2463 0.8976
vn 0.6334 0.2324 -0.7381
vn 0.4497 0.1595 -0.8788
vn 0.2639 0.0214 0.9643
vn 0.5672 0.8076 -0.1615
vn 0.6456 0.6769 0.3536
vn 0.4555 -0.8767 -0.1548
vn 0.7093 -0.6868 0.1588
vn 0.6690 -0.7082 0.2255
vn 0.6029 -0.6130 0.5107
vn 0.6183 -0.7833 0.0640
vn 0.8814 -0.3045 -0.3610
vn 0.7621 -0.0645 0.6442
vn 0.7686 -0.0471 0.6380
vn 0.8012 -0.0535 -0.5961
vn 0.7603 0.1733 0.6260
vn 0.8060 -0.3081 -0.5055
vn 0.8326 -0.0550 0.5511
vn 0.6147 -0.5962 0.5164
vn 0.6167 -0.4371 0.6547
vn 0.7152 -0.2226 0.6625
vn 0.7021 0.5023 0.5047
vn 0.7250 0.0495 -0.6870
vn 0.5648 0.6654 0.4881
vn 0.6879 0.4792 -0.5452
vn 0.1790 0.9829 0.0436
vn 0.1891 0.9813 0.0374
vn 0.4216 0.9017 0.0965
vn 0.7477 -0.6587 -0.0836
vn -0.0115 -0.0019 0.9999
vn 0.0124 -0.0099 0.9999
vn 0.4686 0.2570 -0.8452
vn 0.8760 0.4822 0.0092
vn 0.8732 0.4873 -0.0046
vn 0.8905 0.4547 -0.0147
vn 0.8327 0.4253 0.3546
vn 0.9587 -0.2683 -0.0944
vn 0.9343 -0.3563 -0.0073
vn 0.8920 -0.4520 -0.0022
vn 0.8184 -0.4662 0.3360
vn 0.9471 -0.3061 -0.0961
vn 0.8250 -0.2975 -0.4805
vn 0.7890 -0.2050 -0.5792
vn 0.1188 -0.0105 -0.9929
vn 0.4766 0.0219 -0.8789
vn 0.4926 0.0493 -0.8689
vn 0.9352 0.1330 -0.3281
vn 0.9949 0.0997 0.0166
vn 0.8780 0.2602 0.4018
vn -0.5463 -0.8161 -0.1885
vn -0.2864 -0.9570 -0.0461
vn -0.4420 -0.8843 0.1502
vn -0.1854 -0.7755 -0.6036
vn -0.4102 -0.6362 0.6534
vn -0.2446 -0.4020 -0.8824
vn -0.5094 -0.5058 -0.6962
vn 0.0990 0.9383 -0.3313
vn -0.2007 -0.5461 0.8133
vn 0.0943 0.5955 0.7978
vn 0.0799 0.4711 -0.8784
vn -0.2337 -0.1044 0.9667
vn -0.3429 -0.0046 -0.9394
vn -0.1544 0.1174 -0.9810
vn 0.1782 -0.2249 0.9580
vn -0.5083 0.0370 0.8604
vn -0.2938 0.4396 -0.8488
vn 0.2399 -0.8291 0.5051
vn 0.1235 -0.7536 -0.6457
vn -0.1400 0.3256 0.9351
vn -0.1662 0.5041 -0.8475
vn 0.1271 -0.9908 0.0466
vn 0.0525 -0.8119 -0.5814
vn -0.2293 0.6424 0.7312
vn -0.2063 0.6386 0.7414
vn -0.0900 0.7497 -0.6556
vn -0.3474 0.8145 -0.4647
vn -0.2375 0.8751 -0.4217
vn -0.3148 0.8345 0.4522
vn -0.0968 0.7996 0.5926
vn -0.3174 0.4365 -0.8419
vn -0.3968 -0.3952 -0.8285
vn -0.5287 -0.3643 0.7666
vn 0.5506 0.8135 -0.1873
vn 0.4127 0.6710 0.6160
vn 0.2446 -0.9597 -0.1384
vn 0.1881 -0.9754 -0.1152
vn 0.2366 -0.9716 -0.0105
vn 0.3357 -0.9419 -0.0107
vn 0.8555 -0.3955 -0.3342
vn 0.7372 0.5090 0.4444
vn 0.7543 0.4362 -0.4908
vn 0.7496 0.4273 -0.5056
vn 0.7833 0.5011 0.3679
vn 0.9037 -0.1223 -0.4104
vn 0.8280 -0.4595 0.3213
vn 0.9030 -0.0539 -0.4262
vn 0.7745 -0.3220 -0.5444
vn 0.8215 -0.0992 -0.5615
vn 0.7870 0.4370 0.4355
vn 0.9159 0.3657 -0.1655
vn 0.8186 0.5505 -0.1640
vn 0.6248 0.7800 -0.0351
vn 0.4880 -0.6383 -0.5954
vn 0.5810 -0.8139 -0.0011
vn 0.0659 -0.0789 0.9947
vn 0.0191 -0.1621 0.9866
vn 0.2424 -0.1571 0.9574
vn 0.3675 0.2048 0.9072
vn 0.5315 0.2735 -0.8017
vn 0.9933 -0.1159 0.0003
vn 0.9927 -0.1205 0.0016
vn 0.9565 -0.1022 -0.2732
vn 0.9940 -0.1095 -0.0073
vn 0.9440 -0.1905 0.2695
vn 0.7132 -0.1367 0.6875
vn 0.9948 -0.1016 0.0025
vn 0.9318 0.0030 -0.3629
vn 1.0000 0.0077 0.0064
vn 0.9999 0.0159 -0.0038
vn 0.7151 -0.0228 0.6987
vn 1.0000 0.0009 0.0022
vn 1.0000 -0.0014 -0.0068
vn 0.9270 0.0056 -0.3751
vn 0.7669 -0.0096 0.6417
vn 0.8508 -0.0621 0.5219
vn 0.9977 0.0669 -0.0089
vn 0.9947 0.1031 0.0004
vn 0.9939 0.1099 -0.0058
vn 0.9863 0.1610 -0.0358
vn 0.8609 0.2238 0.4569
vn 0.9941 0.1078 -0.0072
vn -0.1372 -0.8672 0.4786
vn -0.1603 0.8667 0.4724
vn 0.0836 0.9760 0.2012
vn -0.0234 0.9756 -0.2184
vn -0.0820 0.6891 -0.7200
vn -0.0562 0.3007 0.9521
vn -0.0313 0.1998 -0.9793
vn 0.0820 -0.1092 -0.9906
vn 0.1753 -0.2281 0.9577
vn -0.1681 -0.4968 -0.8514
vn 0.0486 -0.7670 0.6398
vn 0.0726 -0.9677 -0.2414
vn -0.2676 0.5015 -0.8227
vn 0.0560 -0.0515 0.9971
vn 0.3041 0.2798 -0.9106
vn 0.8292 -0.5306 0.1757
vn 0.9413 -0.1341 0.3097
vn 0.9143 -0.3337 -0.2297
vn 0.6796 -0.7294 -0.0790
vn 0.9593 -0.1476 -0.2406
vn 0.8811 0.3109 -0.3563
vn 0.7950 0.4890 0.3590
vn 0.8625 0.4611 -0.2087
vn 0.7354 0.6581 0.1615
vn 0.9655 -0.2128 -0.1504
vn 0.6285 0.7777 0.0085
vn 0.9450 -0.2701 0.1846
vn 0.9893 -0.0962 -0.1097
vn 0.9317 -0.3572 0.0651
vn 0.8024 -0.5968 0.0044
vn 0.9011 -0.3460 0.2614
vn 0.9034 -0.0531 -0.4256
vn 0.9469 -0.1783 0.2676
vn 0.8853 -0.0654 0.4604
vn 0.8956 -0.2877 -0.3394
vn 0.9632 0.2040 -0.1750
vn 0.8352 0.4955 0.2386
vn 0.8949 0.4052 -0.1870
vn 0.7619 0.6468 -0.0333
vn 0.7592 0.6499 -0.0344
vn 0.6005 0.7931 0.1022
vn 0.4243 -0.6422 0.6384
vn 0.1350 -0.4614 0.8769
vn 0.0812 -0.0657 -0.9945
vn 0.0148 -0.1062 0.9942
vn 0.0046 -0.1987 0.9800
vn -0.0063 -0.1835 0.9830
vn 0.0097 -0.0519 -0.9986
vn 0.0165 -0.0130 0.9998
vn 0.0230 -0.9962 -0.0840
vn 0.4642 -0.7955 -0.3896
vn 0.0061 -0.7933 -0.6088
vn 0.1487 -0.5082 0.8483
vn 0.3422 -0.3804 -0.8592
vn 0.3367 -0.3796 -0.8617
vn 0.4300 -0.1299 0.8934
vn 0.2867 -0.0721 0.9553
vn 0.1571 0.1152 -0.9808
vn 0.5627 0.2445 -0.7897
vn 0.5843 -0.2389 -0.7756
vn 0.3323 0.2991 0.8945
vn 0.7585 -0.3321 0.5608
vn 0.6042 0.3889 0.6955
vn 0.5877 -0.7071 0.3933
vn -0.1136 -0.9600 0.2559
vn 0.8701 -0.4928 -0.0020
vn 0.4454 -0.5539 -0.7034
vn 0.3592 0.4885 -0.7952
vn 0.4169 0.6035 0.6797
vn 0.6542 0.5996 -0.4610
vn 0.6813 0.5628 -0.4680
vn 0.6773 0.5262 -0.5141
vn 0.5781 0.6437 0.5014
vn 0.5828 0.6421 0.4981
vn 0.1824 0.5608 0.8076
vn -0.0248 -0.0672 0.9974
vn 0.3190 0.2859 -0.9036
vn 0.6941 0.6808 -0.2341
vn 0.6953 0.6771 -0.2410
vn 0.5938 0.5438 0.5930
vn 0.6504 -0.7430 -0.1579
vn 0.7753 -0.6240 0.0980
vn 0.7806 -0.6185 0.0906
vn 0.8394 -0.4960 -0.2221
vn 0.9401 0.1570 0.3026
vn 0.9698 0.1509 -0.1914
vn 0.8819 0.4326 -0.1875
vn 0.6883 0.7255 0.0002
vn 0.7409 0.6527 0.1583
vn 0.9714 -0.2164 -0.0982
vn 0.9736 -0.2076 -0.0952
vn 0.9311 -0.3647 0.0066
vn 0.9689 -0.1246 0.2139
vn 0.9851 0.1359 -0.1056
vn 0.9420 0.2787 0.1873
vn 0.9294 0.3661 -0.0464
vn 0.4242 -0.5985 -0.6796
vn 0.5739 -0.8189 -0.0031
vn 0.5222 -0.8416 0.1376
vn 0.0035 -0.1717 0.9851
vn 0.0264 -0.1042 -0.9942
vn 0.0259 -0.1118 -0.9934
vn 0.0028 -0.1697 0.9855
vn -0.0116 -0.1608 0.9869
vn -0.0291 -0.4727 0.8807
vn 0.0083 -0.3798 0.9250
vn 0.0169 -0.1868 -0.9822
vn 0.0084 -0.0066 0.9999
vn 0.8809 0.4732 -0.0053
vn 0.7549 0.3975 0.5217
vn 0.8531 0.3967 0.3390
vn 0.8756 0.4430 -0.1928
vn 0.8804 0.4741 0.0079
vn 0.5661 -0.7356 -0.3719
vn 0.6308 -0.7425 0.2253
vn 0.5404 -0.7427 0.3955
vn 0.6499 -0.6189 0.4411
vn 0.8384 -0.3611 -0.4083
vn 0.4510 0.8925 0.0003
vn 0.7032 0.6934 -0.1574
vn 0.5985 -0.5427 0.5893
vn 0.6380 0.6345 0.4363
vn 0.7046 0.6091 0.3641
vn 0.5474 0.6610 -0.5133
vn 0.5223 -0.3416 -0.7814
vn 0.7080 0.4839 -0.5143
vn 0.7868 -0.0940 0.6101
vn 0.8737 -0.0246 0.4858
vn 0.7718 0.1974 0.6044
vn 0.4983 0.0467 -0.8657
vn 0.6817 0.1744 -0.7106
vn 0.9959 0.0766 -0.0472
vn 0.9967 0.0542 -0.0609
vn 0.7024 0.1389 0.6981
vn 0.7688 0.1806 -0.6135
vn 0.8414 0.1077 -0.5296
vn 0.8877 -0.1021 0.4489
vn 0.9203 -0.2209 -0.3229
vn 0.8786 -0.1803 0.4423
vn 0.9972 -0.0668 -0.0346
vn 0.9336 0.2695 0.2361
vn 0.7268 0.3386 0.5976
vn 0.9104 0.3254 -0.2554
vn 0.3375 -0.5567 -0.7590
vn 0.3092 -0.8402 -0.4454
vn 0.3562 -0.7423 0.5676
vn 0.9149 -0.2624 -0.3068
vn 0.9450 -0.0528 -0.3228
vn 0.3661 -0.6034 0.7085
vn 0.9530 0.2896 0.0892
vn 0.9943 0.0897 0.0576
vn 0.9367 0.3485 0.0331
vn 0.1160 0.0454 -0.9922
vn 0.8102 -0.0684 0.5821
vn 0.5888 0.3295 0.7381
vn 0.5908 0.3324 0.7352
vn 0.9909 -0.1293 0.0385
vn 0.9973 0.0304 0.0669
vn 0.9674 0.1982 0.1579
vn 0.5928 -0.4925 -0.6372
vn 0.7856 -0.6187 -0.0043
vn 0.7996 -0.6006 -0.0029
vn 0.6143 -0.5193 0.5941
vn 0.9931 -0.1174 -0.0026
vn 0.6645 -0.1779 0.7258
vn 0.3167 -0.1046 0.9427
vn 0.1729 -0.0656 -0.9827
vn 0.6072 -0.1376 -0.7825
vn 0.3007 -0.1143 0.9468
vn 0.4427 0.0481 -0.8954
vn 0.4580 -0.2384 0.8564
vn 0.4133 -0.1541 -0.8975
vn 0.3652 -0.1436 -0.9198
vn 0.0052 -0.0125 -0.9999
vn 0.8869 0.4616 0.0156
vn 0.8879 0.4598 -0.0109
vn 0.9279 -0.3727 -0.0093
vn 0.9790 0.2039 0.0016
vn 0.9681 0.2503 -0.0057
vn 0.9925 0.0915 0.0815
vn 0.9780 0.1962 -0.0706
vn 0.9953 -0.0345 -0.0900
vn 0.9998 0.0158 -0.0154
vn 0.9980 0.0436 0.0467
vn 0.5836 -0.7865 -0.2021
vn 0.6115 -0.7592 0.2229
vn 0.5989 -0.0494 -0.7993
vn 0.4580 0.0618 -0.8868
vn 0.6087 0.0246 0.7930
vn 0.6791 0.0605 0.7315
vn 0.5562 0.2396 -0.7957
vn 0.8720 0.3827 -0.3052
vn 0.8740 0.4275 -0.2310
vn 0.9955 -0.0944 -0.0005
vn 0.9538 -0.1010 0.2830
vn 0.9284 -0.0809 -0.3626
vn 0.9974 -0.0704 -0.0158
vn 0.9960 -0.0893 -0.0047
vn 0.9973 -0.0727 0.0056
vn 0.9816 0.1911 0.0057
vn 0.9858 0.1678 -0.0030
vn 0.9235 -0.0438 0.3810
vn 0.9090 0.0036 -0.4168
vn 0.9863 0.1650 0.0010
vn 0.9820 0.1889 0.0038
vn 0.9946 -0.1040 -0.0038
vn 0.7074 -0.1649 0.6873
vn 0.9273 -0.0965 -0.3616
vn 0.9946 -0.1036 -0.0021
vn 0.9948 -0.1022 -0.0030
vn 0.7616 -0.2048 0.6148
vn 0.0136 -0.0218 -0.9997
vn 0.2611 0.0769 0.9622
vn 0.2492 0.0768 -0.9654
vn 0.5328 0.2721 -0.8013
vn 0.8704 0.4084 -0.2749
vn 0.7820 0.3703 0.5014
vn 0.7864 0.3703 0.4945
vn 0.9012 0.4334 -0.0029
vn 0.8122 -0.0606 -0.5803
vn 0.8936 0.0213 0.4483
vn 0.9773 0.1192 -0.1751
vn 0.9949 -0.1003 -0.0030
vn 0.9180 -0.1263 -0.3760
vn 0.9956 -0.0939 -0.0076
vn 0.8201 -0.1730 0.5455
vn 0.7456 -0.1078 -0.6576
vn 0.9941 -0.1080 -0.0078
vn 0.8734 -0.2000 0.4440
vn 0.4516 -0.1042 -0.8861
vn 0.9657 -0.2517 -0.0645
vn 0.6634 -0.1826 0.7257
vn 0.8992 0.3832 -0.2110
vn 0.9209 0.3898 0.0013
vn 0.9972 -0.0739 -0.0073
vn 0.9969 -0.0791 -0.0044
vn 0.9957 -0.0908 -0.0166
vn 0.9769 -0.2138 0.0026
vn 0.3106 -0.7185 -0.6223
vn 0.7545 -0.6563 0.0018
vn 0.6311 -0.7756 -0.0080
vn 0.7892 -0.6141 -0.0009
vn 0.6915 -0.1298 0.7107
vn 0.2858 -0.6579 -0.6968
vn 0.8059 0.1808 0.5638
vn 0.4802 0.1084 -0.8704
vn 0.9145 0.2461 -0.3213
vn 0.9685 0.2488 0.0044
vn 0.9156 0.2457 -0.3182
vn 0.9627 0.2702 0.0134
vn 0.9633 0.2682 -0.0108
vn 0.8816 0.2334 0.4102
vn 0.6011 -0.7984 0.0336
vn 0.5219 -0.8530 0.0035
vn 0.3767 -0.8825 0.2815
vn 0.3485 -0.7076 0.6147
vn 0.2079 0.0245 -0.9778
vn 0.2369 0.0216 0.9713
vn 0.4798 0.1503 -0.8644
vn 0.8149 0.2225 0.5352
vn 0.9587 0.2844 0.0079
vn 0.9676 0.2526 -0.0031
vn 0.6186 -0.7846 0.0401
vn 0.6063 -0.7952 -0.0058
vn 0.3407 -0.5232 -0.7812
vn 0.8341 0.2593 -0.4869
vn 0.9194 0.2387 -0.3125
vn 0.4470 -0.5062 -0.7375
vn 0.7450 -0.6670 -0.0065
vn 0.7521 -0.6591 0.0013
vn 0.6237 -0.5385 0.5666
vn 0.4879 -0.4561 -0.7443
vn 0.6922 -0.2364 0.6819
vn 0.5587 0.0273 0.8289
vn 0.4456 0.0319 -0.8947
vn 0.8106 0.2199 -0.5427
vn 0.9556 0.2946 0.0033
vn 0.9576 0.2882 -0.0004
vn 0.9553 0.2442 0.1666
vn 0.8320 0.2163 0.5108
vn 0.9711 -0.2320 0.0557
vn 0.9219 -0.3873 0.0052
vn 0.9507 -0.3102 -0.0062
vn 0.9697 -0.2444 0.0008
vn 0.9898 0.1422 0.0054
vn 0.9950 0.0997 0.0004
vn 0.9960 0.0890 0.0020
vt 0.620506 0.958411
vt 0.499568 0.958403
vt 0.618332 0.966039
vt 0.425414 0.960334
vt 0.627534 0.977120
vt 0.511965 0.973069
vt 0.424158 0.971137
vt 0.619431 0.981449
vt 0.264862 0.625505
vt 0.261894 0.617541
vt 0.255861 0.620506
vt 0.617541 0.950667
vt 0.564091 0.952072
vt 0.424684 0.952201
vt 0.417011 0.956878
vt 0.255075 0.960334
vt 0.264794 0.956878
vt 0.254413 0.971137
vt 0.264862 0.954416
vt 0.255861 0.958411
vt 0.259448 0.977120
vt 0.262731 0.984802
vt 0.525429 1.026595
vt 0.424537 1.010298
vt 0.417658 0.984802
vt 0.262230 0.564091
vt 0.272957 0.586934
vt 0.272936 0.430899
vt 0.261186 0.424684
vt 0.626375 1.018434
vt 0.417042 1.008234
vt 0.277096 0.613821
vt 0.281533 0.422575
vt 0.264794 0.417011
vt 0.306575 0.960881
vt 0.275148 1.016330
vt 0.282829 1.014226
vt 0.269755 1.008234
vt 0.269662 1.018434
vt 0.618833 1.060068
vt 0.424449 1.059568
vt 0.416208 1.033668
vt 0.427763 0.940494
vt 0.541919 0.916542
vt 0.434565 0.910972
vt 0.610317 0.933757
vt 0.613821 0.940068
vt 0.285915 0.618940
vt 0.586934 0.944258
vt 0.430899 0.944631
vt 0.272936 0.944631
vt 0.276768 0.940494
vt 0.281533 0.943565
vt 0.276273 1.033668
vt 0.280854 1.056315
vt 0.628745 1.056315
vt 0.417152 1.060479
vt 0.521216 1.065186
vt 0.530432 0.465048
vt 0.524158 0.483399
vt 0.533871 0.488248
vt 0.521594 0.465282
vt 0.450306 0.820689
vt 0.440359 0.870779
vt 0.520987 0.820330
vt 0.432170 0.891597
vt 0.608465 0.880836
vt 0.602701 0.863435
vt 0.285070 0.891597
vt 0.277096 0.940068
vt 0.285915 0.940208
vt 0.287381 0.900362
vt 0.614679 0.900362
vt 0.341007 0.952099
vt 0.624151 1.079154
vt 0.424794 1.086348
vt 0.528935 0.391562
vt 0.501751 0.403609
vt 0.541217 0.399644
vt 0.533083 0.406378
vt 0.563735 0.416325
vt 0.509722 0.407989
vt 0.556508 0.418330
vt 0.487098 0.423771
vt 0.492155 0.426696
vt 0.565325 0.446580
vt 0.285143 0.521594
vt 0.283875 0.530432
vt 0.291589 0.525800
vt 0.283875 0.465048
vt 0.286687 0.488248
vt 0.293197 0.476547
vt 0.293896 0.471898
vt 0.293350 0.482102
vt 0.282682 0.483399
vt 0.285143 0.465282
vt 0.527731 0.507867
vt 0.518315 0.511088
vt 0.298282 0.511088
vt 0.459106 0.756107
vt 0.522923 0.808035
vt 0.521951 0.756375
vt 0.596874 0.756676
vt 0.454500 0.806205
vt 0.451487 0.777530
vt 0.596052 0.806075
vt 0.604158 0.802503
vt 0.445808 0.816416
vt 0.602326 0.820516
vt 0.608742 0.851181
vt 0.438102 0.851757
vt 0.283994 0.880836
vt 0.290853 0.851181
vt 0.291269 0.851757
vt 0.292917 0.914165
vt 0.323738 0.957697
vt 0.299762 1.081960
vt 0.281890 1.060479
vt 0.285896 1.079154
vt 0.294175 1.077718
vt 0.512166 1.091758
vt 0.416931 1.091859
vt 0.618238 1.096778
vt 0.296538 0.555579
vt 0.294052 0.528935
vt 0.289472 0.541217
vt 0.296512 0.504433
vt 0.289943 0.501751
vt 0.555579 0.399228
vt 0.299359 0.489188
vt 0.296538 0.399228
vt 0.290120 0.416325
vt 0.300685 0.417070
vt 0.290139 0.556508
vt 0.290296 0.533083
vt 0.297013 0.538708
vt 0.297739 0.516908
vt 0.289172 0.509722
vt 0.505269 0.420256
vt 0.516908 0.413150
vt 0.290789 0.492155
vt 0.298108 0.505269
vt 0.489188 0.405156
vt 0.480115 0.423125
vt 0.538708 0.413032
vt 0.553022 0.426141
vt 0.498919 0.429769
vt 0.300265 0.437005
vt 0.577909 0.437005
vt 0.291328 0.446580
vt 0.290139 0.418330
vt 0.297315 0.426141
vt 0.556629 0.441434
vt 0.298799 0.442656
vt 0.297846 0.429769
vt 0.290789 0.426696
vt 0.479558 0.444835
vt 0.490835 0.454491
vt 0.499035 0.442656
vt 0.564555 0.463517
vt 0.548666 0.456320
vt 0.512519 0.464297
vt 0.500750 0.462702
vt 0.546033 0.475577
vt 0.492854 0.467328
vt 0.298878 0.538542
vt 0.298366 0.512519
vt 0.538542 0.462340
vt 0.539010 0.476547
vt 0.298878 0.462340
vt 0.298366 0.464297
vt 0.513139 0.471898
vt 0.513978 0.482102
vt 0.301034 0.512871
vt 0.298747 0.496323
vt 0.303662 0.487757
vt 0.535663 0.512871
vt 0.298637 0.753387
vt 0.296453 0.749198
vt 0.290439 0.756676
vt 0.596803 0.749198
vt 0.459438 0.748689
vt 0.452770 0.753841
vt 0.290859 0.756107
vt 0.298195 0.753841
vt 0.292698 0.777530
vt 0.297846 0.822547
vt 0.290045 0.802503
vt 0.289754 0.820516
vt 0.296807 1.091859
vt 0.304919 1.104783
vt 0.304593 1.112357
vt 0.625645 1.112357
vt 0.534995 -0.173972
vt 0.601839 -0.192303
vt 0.569746 -0.207987
vt 0.430496 -0.209554
vt 0.417574 -0.167426
vt 0.602391 -0.160309
vt 0.609174 -0.179090
vt 0.602945 -0.109662
vt 0.416886 -0.099882
vt 0.414013 -0.167608
vt 0.609401 -0.098494
vt 0.410782 -0.098711
vt 0.418606 -0.065864
vt 0.304541 0.556632
vt 0.304049 0.537652
vt 0.303289 0.517605
vt 0.304541 0.398664
vt 0.302932 0.426639
vt 0.295688 0.423125
vt 0.299359 0.405156
vt 0.314534 0.433373
vt 0.296056 0.441434
vt 0.296111 0.444835
vt 0.298249 0.456320
vt 0.305109 0.457121
vt 0.304677 0.456719
vt 0.296376 0.463517
vt 0.302955 0.457145
vt 0.296066 0.467328
vt 0.304431 0.478397
vt 0.314459 0.537068
vt 0.304266 0.474482
vt 0.557235 0.478397
vt 0.295823 0.546033
vt 0.293197 0.539010
vt 0.304431 0.557235
vt 0.304266 0.494151
vt 0.293350 0.513978
vt 0.296066 0.492854
vt 0.539130 0.488437
vt 0.303662 0.511232
vt 0.304570 0.488437
vt 0.305086 0.503110
vt 0.313242 0.513211
vt 0.293144 0.527731
vt 0.304952 0.524648
vt 0.301034 0.535663
vt 0.524648 0.520633
vt 0.576087 0.573901
vt 0.553357 0.566365
vt 0.533239 0.579045
vt 0.521496 0.570598
vt 0.485198 0.584219
vt 0.529850 0.585225
vt 0.482620 0.593835
vt 0.573622 0.618713
vt 0.539249 0.598173
vt 0.494362 0.623141
vt 0.497368 0.630590
vt 0.565892 0.630363
vt 0.318909 0.733305
vt 0.296503 0.459438
vt 0.296453 0.596803
vt 0.318909 0.596455
vt 0.319051 0.468486
vt 0.321592 0.458367
vt 0.298195 0.452770
vt 0.318688 0.762770
vt 0.331315 0.742765
vt 0.333620 0.902558
vt 0.324631 0.945610
vt 0.425201 1.116109
vt 0.435931 -0.215470
vt 0.583999 -0.215237
vt 0.608532 -0.200792
vt 0.307688 -0.183662
vt 0.308176 -0.200792
vt 0.302060 -0.179090
vt 0.417311 -0.206264
vt 0.299214 -0.167426
vt 0.308484 -0.206264
vt 0.310848 -0.189415
vt 0.309431 -0.170314
vt 0.299214 0.417574
vt 0.309431 0.411806
vt 0.302399 0.414013
vt 0.309212 -0.082946
vt 0.302358 -0.098494
vt 0.303733 -0.098711
vt 0.302399 -0.167608
vt 0.409844 -0.061319
vt 0.602644 -0.042031
vt 0.308242 -0.047892
vt 0.609337 -0.047892
vt 0.431394 -0.040617
vt 0.419320 -0.048828
vt 0.437148 -0.032058
vt 0.314418 0.506536
vt 0.314220 0.484667
vt 0.314220 0.414962
vt 0.315134 0.525155
vt 0.314298 0.505181
vt 0.314371 0.548387
vt 0.297315 0.553022
vt 0.314371 0.419491
vt 0.298108 0.420256
vt 0.314065 0.433194
vt 0.314238 0.449324
vt 0.298249 0.548666
vt 0.315026 0.514802
vt 0.315026 0.460648
vt 0.314642 0.495393
vt 0.584717 0.559861
vt 0.311139 0.522896
vt 0.299022 0.521496
vt 0.304445 0.553357
vt 0.309393 0.470538
vt 0.470538 0.574135
vt 0.582827 0.586217
vt 0.587067 0.578535
vt 0.547788 0.592973
vt 0.460926 0.591128
vt 0.555110 0.607358
vt 0.581296 0.598243
vt 0.504882 0.598499
vt 0.575540 0.609159
vt 0.487497 0.609380
vt 0.485530 0.604596
vt 0.465292 0.618180
vt 0.593638 0.630705
vt 0.460819 0.630490
vt 0.569565 0.640740
vt 0.530657 0.639321
vt 0.490689 0.641893
vt 0.324177 0.735717
vt 0.333897 0.789978
vt 0.324851 0.809869
vt 0.292815 0.816416
vt 0.331068 0.840554
vt 0.394657 0.940580
vt 0.315492 1.119747
vt 0.312239 1.118811
vt 0.517765 1.144253
vt 0.415174 1.118811
vt 0.307242 0.583999
vt 0.317299 0.593460
vt 0.315195 0.440311
vt 0.306920 0.435931
vt 0.320216 0.416619
vt 0.308176 0.608532
vt 0.320410 0.609894
vt 0.593460 -0.220331
vt 0.416619 -0.218940
vt 0.320216 -0.218940
vt 0.321543 -0.213678
vt 0.320410 -0.209514
vt 0.316036 -0.023292
vt 0.609486 -0.023292
vt 0.427036 -0.035693
vt 0.604097 -0.021034
vt 0.435904 -0.018612
vt 0.569591 -0.017231
vt 0.509030 0.000212
vt 0.562599 0.068376
vt 0.511951 0.065407
vt 0.603253 0.071046
vt 0.435547 0.046747
vt 0.433672 0.093409
vt 0.602295 0.126831
vt 0.563507 0.179648
vt 0.495477 0.185006
vt 0.435865 0.159229
vt 0.522418 0.167789
vt 0.435900 0.185656
vt 0.314295 0.530883
vt 0.314867 0.550429
vt 0.314180 0.565862
vt 0.314180 0.412885
vt 0.314491 0.440577
vt 0.314298 0.419852
vt 0.314701 0.450158
vt 0.314493 0.449713
vt 0.314681 0.471414
vt 0.314238 0.551118
vt 0.314493 0.500969
vt 0.302955 0.508338
vt 0.314357 0.476490
vt 0.314147 0.536928
vt 0.314681 0.561179
vt 0.304570 0.539130
vt 0.314357 0.498824
vt 0.314500 0.521368
vt 0.314147 0.486636
vt 0.314500 0.491382
vt 0.538079 0.503110
vt 0.531730 0.495393
vt 0.315929 0.515155
vt 0.314950 0.526257
vt 0.298282 0.518315
vt 0.319535 0.520297
vt 0.319535 0.529622
vt 0.314950 0.531810
vt 0.313587 0.584717
vt 0.319323 0.524011
vt 0.600121 0.564385
vt 0.321337 0.495098
vt 0.321651 0.466828
vt 0.317308 0.456138
vt 0.456138 0.573273
vt 0.445125 0.578380
vt 0.591017 0.610220
vt 0.600206 0.623494
vt 0.594025 0.642166
vt 0.298637 0.602348
vt 0.324177 0.602863
vt 0.321592 0.733336
vt 0.326527 0.737075
vt 0.371007 -0.082214
vt 0.311424 -0.061319
vt 0.309538 -0.048828
vt 0.337862 -0.054620
vt 0.320890 -0.026142
vt 0.315304 -0.035693
vt 0.320321 -0.027960
vt 0.314605 -0.018612
vt 0.428432 -0.027960
vt 0.427536 0.001073
vt 0.428882 0.048886
vt 0.321590 0.149496
vt 0.428598 0.080043
vt 0.314822 0.046747
vt 0.319713 0.080043
vt 0.312401 0.093409
vt 0.313349 0.071046
vt 0.314585 0.126831
vt 0.314021 0.159229
vt 0.600234 0.162732
vt 0.608412 0.149496
vt 0.321375 0.190626
vt 0.313492 0.185656
vt 0.555408 0.197157
vt 0.548215 0.202907
vt 0.436141 0.201405
vt 0.321326 0.201405
vt 0.501290 0.210199
vt 0.483871 0.202076
vt 0.526583 0.228230
vt 0.486591 0.248364
vt 0.577215 0.218390
vt 0.602343 0.251537
vt 0.607098 0.227120
vt 0.608418 0.276893
vt 0.460636 0.277658
vt 0.554465 0.311078
vt 0.440639 0.286163
vt 0.601351 0.324823
vt 0.507603 0.389144
vt 0.319819 0.345766
vt 0.314500 0.286163
vt 0.321309 0.281927
vt 0.441454 0.345766
vt 0.448393 0.392686
vt 0.594461 0.391516
vt 0.558535 0.394194
vt 0.319125 0.507603
vt 0.319972 0.558535
vt 0.530883 0.394643
vt 0.550429 0.401097
vt 0.506536 0.398769
vt 0.484667 0.414962
vt 0.478339 0.417174
vt 0.317975 0.576763
vt 0.576763 0.420585
vt 0.318274 0.478339
vt 0.445436 0.420823
vt 0.602248 0.432038
vt 0.548387 0.419491
vt 0.525155 0.412349
vt 0.540830 0.421002
vt 0.504032 0.436193
vt 0.505181 0.419852
vt 0.565862 0.412885
vt 0.574471 0.440577
vt 0.554156 0.433373
vt 0.498484 0.433194
vt 0.543222 0.450709
vt 0.318274 0.417174
vt 0.319674 0.457810
vt 0.480880 0.450158
vt 0.574814 0.459417
vt 0.319059 0.459417
vt 0.317975 0.420585
vt 0.515537 0.453101
vt 0.500969 0.449713
vt 0.451981 0.476859
vt 0.551118 0.449324
vt 0.477092 0.457810
vt 0.602375 0.483105
vt 0.561179 0.471414
vt 0.537068 0.460152
vt 0.514802 0.460648
vt 0.498824 0.476490
vt 0.553674 0.484174
vt 0.320217 0.484174
vt 0.536928 0.486636
vt 0.320810 0.485528
vt 0.319646 0.538966
vt 0.320217 0.553674
vt 0.501066 0.485528
vt 0.521368 0.491382
vt 0.319646 0.490410
vt 0.517769 0.495968
vt 0.542570 0.508826
vt 0.538966 0.490410
vt 0.320335 0.495968
vt 0.321267 0.516812
vt 0.539154 0.515155
vt 0.320889 0.529962
vt 0.320658 0.508826
vt 0.531810 0.526257
vt 0.538954 0.529962
vt 0.320889 0.538954
vt 0.595575 0.551435
vt 0.524011 0.557699
vt 0.443022 0.589933
vt 0.601173 0.584893
vt 0.601598 0.593225
vt 0.459494 0.603614
vt 0.448162 0.616751
vt 0.312438 0.465292
vt 0.311304 0.487497
vt 0.322623 0.448162
vt 0.602480 0.638044
vt 0.453630 0.644871
vt 0.448817 0.632504
vt 0.318590 0.594025
vt 0.311489 0.569565
vt 0.320025 0.567233
vt 0.309668 0.530657
vt 0.322284 0.525181
vt 0.310406 0.490689
vt 0.320153 0.482037
vt 0.329202 0.453630
vt 0.325295 0.894087
vt 0.417573 0.991684
vt 0.332279 0.989152
vt 0.353773 1.052526
vt 0.418137 1.148984
vt 0.326972 1.142531
vt 0.322762 1.148984
vt 0.321557 1.141525
vt 0.618485 1.155178
vt 0.333668 0.429064
vt 0.336916 0.603586
vt 0.326405 0.179720
vt 0.316950 0.162732
vt 0.604848 0.179720
vt 0.604083 0.203892
vt 0.436206 0.223865
vt 0.467855 0.241618
vt 0.326404 0.224457
vt 0.330599 0.203892
vt 0.319670 0.227120
vt 0.321943 0.276893
vt 0.441358 0.253037
vt 0.434196 0.281927
vt 0.604833 0.357361
vt 0.325611 0.323876
vt 0.326701 0.390079
vt 0.439951 0.390079
vt 0.319267 0.432038
vt 0.325597 0.429659
vt 0.325017 0.357361
vt 0.439201 0.416041
vt 0.446070 0.476282
vt 0.320775 0.483105
vt 0.508931 0.516812
vt 0.452059 0.540548
vt 0.458482 0.546629
vt 0.520297 0.529622
vt 0.495098 0.561334
vt 0.324529 0.553300
vt 0.604650 0.553300
vt 0.466828 0.565059
vt 0.455651 0.565351
vt 0.329132 0.571867
vt 0.316955 0.564385
vt 0.310727 0.578535
vt 0.608002 0.571867
vt 0.313140 0.586217
vt 0.317203 0.623494
vt 0.319796 0.638044
vt 0.326809 0.632132
vt 0.327524 0.650726
vt 0.602417 0.650726
vt 0.596357 0.650645
vt 0.567233 0.644878
vt 0.516365 0.650160
vt 0.525181 0.643617
vt 0.482037 0.645204
vt 0.458011 0.650822
vt 0.596908 0.725141
vt 0.465041 0.723363
vt 0.458367 0.733336
vt 0.325353 0.650822
vt 0.329122 0.687913
vt 0.602863 0.735717
vt 0.452947 0.737075
vt 0.453240 0.687913
vt 0.596455 0.733305
vt 0.468486 0.732907
vt 0.446144 0.750362
vt 0.450375 0.762770
vt 0.325430 0.750362
vt 0.329321 0.777562
vt 0.349782 0.834833
vt 0.329056 0.916336
vt 0.628812 1.141525
vt 0.628247 1.156305
vt 0.514897 1.157781
vt 0.417478 1.157586
vt 0.330481 0.589547
vt 0.367829 -0.163268
vt 0.337862 0.408555
vt 0.339702 0.423095
vt 0.315304 0.427036
vt 0.319006 0.001073
vt 0.386260 0.041506
vt 0.320808 0.048886
vt 0.330875 0.174118
vt 0.432147 0.190626
vt 0.432079 0.220859
vt 0.331419 0.220859
vt 0.326383 0.223865
vt 0.433193 0.261957
vt 0.332423 0.261957
vt 0.334610 0.360382
vt 0.325332 0.476282
vt 0.335026 0.560763
vt 0.325479 0.540548
vt 0.336107 0.548723
vt 0.325205 0.565351
vt 0.321026 0.578380
vt 0.336132 0.587804
vt 0.322571 0.589933
vt 0.333629 0.593741
vt 0.322571 0.443022
vt 0.333629 0.437471
vt 0.322456 0.459494
vt 0.437471 0.593741
vt 0.439689 0.604051
vt 0.327234 0.593225
vt 0.318647 0.610220
vt 0.338832 0.612624
vt 0.336918 0.617311
vt 0.323825 0.632504
vt 0.322623 0.616751
vt 0.332895 0.650419
vt 0.329202 0.644871
vt 0.344312 0.636448
vt 0.435619 0.663587
vt 0.423174 0.645946
vt 0.433717 0.682833
vt 0.415966 0.671853
vt 0.409608 0.642180
vt 0.338681 0.708196
vt 0.425448 0.719686
vt 0.433675 0.743030
vt 0.435425 0.725650
vt 0.413744 0.714713
vt 0.420825 0.742377
vt 0.446485 0.706853
vt 0.433167 0.757585
vt 0.434965 0.767393
vt 0.446434 0.777562
vt 0.432141 0.788959
vt 0.446117 0.809869
vt 0.331268 0.811839
vt 0.332551 0.788959
vt 0.336723 0.824690
vt 0.332234 0.877475
vt 0.332780 0.900206
vt 0.446111 0.934676
vt 0.428455 0.916336
vt 0.435793 0.900206
vt 0.427395 0.951338
vt 0.422478 0.945610
vt 0.467723 0.937120
vt 0.424153 0.967688
vt 0.503746 0.960714
vt 0.416104 0.957697
vt 0.498134 0.971678
vt 0.416107 0.989152
vt 0.379198 1.098144
vt 0.336267 1.149738
vt 0.329785 1.156305
vt 0.328254 1.157586
vt 0.619329 1.165458
vt 0.377265 -0.213517
vt 0.354195 0.426113
vt 0.354195 -0.039387
vt 0.374103 0.050566
vt 0.339359 0.196217
vt 0.368893 0.409691
vt 0.324782 0.416041
vt 0.352834 0.435390
vt 0.349935 0.449283
vt 0.341864 0.498414
vt 0.342315 0.560507
vt 0.343824 0.567310
vt 0.321026 0.445125
vt 0.325205 0.455651
vt 0.340298 0.431896
vt 0.343824 0.446209
vt 0.340298 0.575920
vt 0.417267 0.597450
vt 0.430957 0.587804
vt 0.431896 0.575920
vt 0.339519 0.604051
vt 0.401154 0.578075
vt 0.408317 0.604690
vt 0.419889 0.623033
vt 0.341529 0.628843
vt 0.341529 0.434892
vt 0.344312 0.443643
vt 0.323825 0.448817
vt 0.345860 0.647473
vt 0.336005 0.666926
vt 0.446603 0.670298
vt 0.446299 0.688615
vt 0.451835 0.666926
vt 0.424824 0.695869
vt 0.414831 0.686899
vt 0.434200 0.702343
vt 0.451916 0.708196
vt 0.407077 0.725087
vt 0.340241 0.744153
vt 0.330386 0.742377
vt 0.340197 0.725087
vt 0.342106 0.760459
vt 0.329382 0.757585
vt 0.335543 0.767393
vt 0.423651 0.783221
vt 0.442751 0.811839
vt 0.430321 0.803548
vt 0.445667 0.824690
vt 0.447262 0.843386
vt 0.440387 0.840554
vt 0.435547 0.877475
vt 0.479900 0.876886
vt 0.472704 0.861431
vt 0.496897 0.885445
vt 0.505492 0.900563
vt 0.336580 0.959566
vt 0.329717 0.960714
vt 0.337449 0.900563
vt 0.340825 0.985383
vt 0.502446 0.985383
vt 0.425259 0.988819
vt 0.365532 1.083643
vt 0.335253 0.619329
vt 0.353337 0.626148
vt 0.329785 0.628247
vt 0.338083 0.533244
vt 0.330697 0.514897
vt 0.328254 0.417478
vt 0.341464 0.424670
vt 0.376126 0.590704
vt 0.361752 0.523702
vt 0.383178 0.417768
vt 0.386211 -0.214491
vt 0.336916 -0.219519
vt 0.379367 0.177239
vt 0.376885 0.325763
vt 0.441813 0.492391
vt 0.433850 0.528794
vt 0.446605 0.498414
vt 0.431432 0.498404
vt 0.414021 0.530731
vt 0.418849 0.515145
vt 0.346250 0.552187
vt 0.446419 0.552187
vt 0.439848 0.546477
vt 0.424554 0.550929
vt 0.438814 0.566457
vt 0.408168 0.563691
vt 0.352889 0.583455
vt 0.446209 0.567310
vt 0.328971 0.584893
vt 0.394392 0.588680
vt 0.342799 0.618669
vt 0.336560 0.604690
vt 0.347782 0.588680
vt 0.434741 0.617311
vt 0.407554 0.618669
vt 0.345822 0.626697
vt 0.434892 0.628843
vt 0.443643 0.636448
vt 0.436523 0.640790
vt 0.396846 0.632969
vt 0.345308 0.656338
vt 0.334639 0.642180
vt 0.347154 0.632969
vt 0.400593 0.656338
vt 0.449986 0.647473
vt 0.333529 0.671853
vt 0.350414 0.676956
vt 0.342346 0.686899
vt 0.400648 0.696220
vt 0.348730 0.696220
vt 0.332844 0.714713
vt 0.425992 0.760459
vt 0.339604 0.783221
vt 0.339616 0.803548
vt 0.350331 0.440200
vt 0.331268 0.442751
vt 0.339616 0.430321
vt 0.350331 0.817850
vt 0.337279 0.843386
vt 0.343006 0.836393
vt 0.448380 0.836393
vt 0.466144 0.855707
vt 0.343080 0.466144
vt 0.337244 0.472704
vt 0.337279 0.447262
vt 0.336273 0.496897
vt 0.343368 0.502399
vt 0.343368 0.892072
vt 0.337244 0.861431
vt 0.343080 0.855707
vt 0.336273 0.885445
vt 0.343339 0.909003
vt 0.358175 0.942710
vt 0.348718 0.979714
vt 0.475590 1.008448
vt 0.416648 1.019281
vt 0.345894 1.019281
vt 0.354068 1.163799
vt 0.383780 0.583402
vt 0.383178 -0.221089
vt 0.411038 0.012545
vt 0.379591 0.074253
vt 0.425180 0.234113
vt 0.417323 0.458655
vt 0.427355 0.479789
vt 0.425420 0.457501
vt 0.347377 0.492391
vt 0.409246 0.490307
vt 0.408870 0.514689
vt 0.354500 0.551809
vt 0.340434 0.530731
vt 0.351636 0.514689
vt 0.341406 0.563691
vt 0.452182 0.560507
vt 0.396847 0.551809
vt 0.339793 0.578075
vt 0.351871 0.576334
vt 0.354837 0.612083
vt 0.406584 0.676956
vt 0.358512 0.715179
vt 0.353460 0.749106
vt 0.352936 0.764343
vt 0.353977 0.778781
vt 0.350143 0.797077
vt 0.357197 0.835737
vt 0.356300 0.859862
vt 0.350219 0.879005
vt 0.502399 0.892072
vt 0.478103 0.879005
vt 0.354539 0.503892
vt 0.350219 0.478103
vt 0.354539 0.902713
vt 0.349067 0.994902
vt 0.340825 0.502446
vt 0.349067 0.498314
vt 0.349514 0.475590
vt 0.424207 1.028805
vt 0.358166 1.169558
vt 0.353337 1.175618
vt 0.360855 0.416550
vt 0.360855 1.171760
vt 0.386395 0.132665
vt 0.380309 0.236840
vt 0.379681 0.357012
vt 0.430760 0.482384
vt 0.418262 0.423644
vt 0.408814 0.458414
vt 0.410784 0.415458
vt 0.441101 0.449283
vt 0.439897 0.435390
vt 0.435088 0.454414
vt 0.412538 0.477754
vt 0.358697 0.644391
vt 0.361072 0.688303
vt 0.354922 0.986646
vt 0.354934 0.484082
vt 0.354922 0.501446
vt 0.354478 1.018809
vt 0.349514 1.008448
vt 0.354934 1.003388
vt 0.473786 1.018809
vt 0.415121 1.052526
vt 0.467265 1.091645
vt 0.365951 -0.069493
vt 0.380902 -0.061886
vt 0.339702 -0.040377
vt 0.393676 -0.015388
vt 0.373424 0.114085
vt 0.374701 0.373982
vt 0.418997 0.406811
vt 0.434267 0.430318
vt 0.352898 0.458414
vt 0.360009 0.415458
vt 0.361216 0.456756
vt 0.361581 0.430318
vt 0.352403 0.454414
vt 0.361957 0.472286
vt 0.354157 0.477754
vt 0.405546 0.472286
vt 0.351718 0.490307
vt 0.363735 0.491056
vt 0.367510 0.529824
vt 0.369581 0.582025
vt 0.375118 0.608618
vt 0.371381 0.605373
vt 0.362788 0.625408
vt 0.372557 0.652274
vt 0.381113 0.647521
vt 0.362008 0.735266
vt 0.368520 0.750695
vt 0.367756 0.791083
vt 0.368666 0.813850
vt 0.364262 0.858663
vt 0.364402 0.887558
vt 0.364402 0.481946
vt 0.480204 0.955160
vt 0.501446 0.986646
vt 0.504583 0.946110
vt 0.362738 0.946110
vt 0.484082 1.003388
vt 0.459703 0.956540
vt 0.453281 0.993870
vt 0.474292 1.015211
vt 0.358931 1.015211
vt 0.360474 1.037568
vt 0.467939 1.037568
vt 0.424957 1.061448
vt 0.416553 1.071173
vt 0.365591 1.071173
vt 0.371420 0.499878
vt 0.388179 0.618440
vt 0.432315 0.176357
vt 0.369212 0.419457
vt 0.434136 0.419457
vt 0.367627 0.422693
vt 0.372432 0.508855
vt 0.370309 0.544278
vt 0.373854 0.561088
vt 0.376496 0.671333
vt 0.375320 0.716033
vt 0.368424 0.774178
vt 0.372532 0.902511
vt 0.372607 0.913219
vt 0.469024 1.034988
vt 0.450456 1.011353
vt 0.365574 1.034988
vt 0.364732 1.051654
vt 0.463701 1.051654
vt 0.461275 1.062555
vt 0.376964 1.184149
vt 0.379443 0.453653
vt 0.377748 0.423788
vt 0.400604 0.444838
vt 0.380751 -0.031855
vt 0.381647 0.350285
vt 0.363694 0.418997
vt 0.369212 0.434136
vt 0.373795 0.418475
vt 0.374810 0.409717
vt 0.360009 0.410784
vt 0.374810 0.411428
vt 0.382461 0.431961
vt 0.378980 0.628009
vt 0.375484 0.693666
vt 0.374251 0.841278
vt 0.375037 0.870886
vt 0.378930 0.891744
vt 0.378930 0.490197
vt 0.372532 0.502327
vt 0.504266 0.913219
vt 0.441880 0.960975
vt 0.368977 1.011353
vt 0.365272 0.993870
vt 0.375472 0.998637
vt 0.462006 1.054356
vt 0.375291 1.054356
vt 0.372132 1.062555
vt 0.387978 1.196687
vt 0.387978 0.626813
vt 0.384382 0.060365
vt 0.377527 0.101525
vt 0.394380 0.386743
vt 0.380520 0.423161
vt 0.380520 0.434934
vt 0.386177 0.486456
vt 0.383964 0.499756
vt 0.381609 0.530553
vt 0.385611 0.567714
vt 0.383674 0.589417
vt 0.381769 0.754991
vt 0.381902 0.779511
vt 0.381580 0.801309
vt 0.384450 0.834014
vt 0.378555 0.902638
vt 0.488255 0.893477
vt 0.496639 0.902638
vt 0.441597 0.929680
vt 0.376202 0.960975
vt 0.382097 0.975146
vt 0.382195 0.995123
vt 0.443550 0.998637
vt 0.436076 1.015344
vt 0.439499 1.032410
vt 0.377862 1.066656
vt 0.381177 1.074333
vt 0.455294 1.074333
vt 0.394512 1.113043
vt 0.391334 1.179323
vt 0.391334 0.416027
vt 0.393255 -0.089748
vt 0.402520 -0.073582
vt 0.392466 0.052823
vt 0.389455 0.119958
vt 0.392149 0.363332
vt 0.392604 0.373619
vt 0.389678 0.422883
vt 0.434934 0.423161
vt 0.419245 0.424307
vt 0.418475 0.406184
vt 0.409717 0.411428
vt 0.410998 0.427165
vt 0.387468 0.427165
vt 0.389198 0.457166
vt 0.428523 0.581442
vt 0.394910 0.576537
vt 0.393558 0.638159
vt 0.386709 0.657757
vt 0.389130 0.679350
vt 0.392995 0.714605
vt 0.391801 0.731783
vt 0.388675 0.859892
vt 0.386004 0.878963
vt 0.383931 0.893477
vt 0.480286 0.883887
vt 0.397302 0.931751
vt 0.388577 1.013315
vt 0.380656 1.015344
vt 0.457475 1.068018
vt 0.384427 1.068018
vt 0.418035 1.093690
vt 0.387773 1.093690
vt 0.385566 0.493513
vt 0.404486 0.524494
vt 0.416012 -0.203294
vt 0.423689 -0.166343
vt 0.415827 -0.107990
vt 0.391168 -0.045056
vt 0.394164 -0.033310
vt 0.400714 0.043019
vt 0.394501 0.064473
vt 0.402622 0.076735
vt 0.392867 0.101358
vt 0.396498 0.110707
vt 0.409373 0.353145
vt 0.435437 0.446010
vt 0.392490 0.446010
vt 0.392498 0.527609
vt 0.392135 0.548595
vt 0.396384 0.620248
vt 0.484205 0.623192
vt 0.395965 0.701913
vt 0.393601 0.758817
vt 0.398988 0.778433
vt 0.392022 0.790122
vt 0.398426 0.826049
vt 0.484496 0.878963
vt 0.388166 0.929680
vt 0.392779 0.992535
vt 0.395259 1.021065
vt 0.396943 1.030715
vt 0.381081 1.032410
vt 0.399899 1.062842
vt 0.401044 1.082822
vt 0.394667 1.085035
vt 0.395369 1.089426
vt 0.387773 0.418035
vt 0.381177 0.455294
vt 0.395369 0.448161
vt 0.398906 1.101626
vt 0.399525 1.187237
vt 0.377748 1.181427
vt 0.399525 0.418027
vt 0.410023 1.192864
vt 0.393240 0.569783
vt 0.392306 0.599652
vt 0.493476 0.601676
vt 0.409812 0.167742
vt 0.423412 0.180005
vt 0.405083 0.248154
vt 0.423272 0.457983
vt 0.413264 0.458527
vt 0.398799 0.458527
vt 0.399560 0.483593
vt 0.396495 0.506176
vt 0.402897 0.566341
vt 0.402060 0.599885
vt 0.397700 0.660515
vt 0.402589 0.686898
vt 0.403802 0.741823
vt 0.518623 0.830630
vt 0.384450 0.449514
vt 0.398426 0.440742
vt 0.402156 0.471441
vt 0.402156 0.855405
vt 0.388675 0.479040
vt 0.374251 0.455812
vt 0.396370 0.867223
vt 0.390317 0.883887
vt 0.468994 0.860786
vt 0.481724 0.867223
vt 0.437062 0.886148
vt 0.506891 0.900172
vt 0.406601 0.965756
vt 0.398906 0.417021
vt 0.402764 0.433034
vt 0.410433 -0.036095
vt 0.433334 -0.032074
vt 0.411618 0.106282
vt 0.377527 0.427749
vt 0.411618 0.426534
vt 0.392867 0.423962
vt 0.406555 0.121160
vt 0.412131 0.378219
vt 0.400628 0.451262
vt 0.400459 0.470871
vt 0.435129 0.470871
vt 0.395406 0.551315
vt 0.392950 0.527609
vt 0.406026 0.506176
vt 0.404362 0.551315
vt 0.409245 0.718818
vt 0.584621 0.741766
vt 0.413043 0.741823
vt 0.431376 0.761897
vt 0.419003 0.758817
vt 0.515296 0.782322
vt 0.419846 0.778433
vt 0.404293 0.800192
vt 0.471441 0.855405
vt 0.444838 0.868300
vt 0.410799 0.886148
vt 0.405544 1.000402
vt 0.408874 1.028159
vt 0.414312 1.111524
vt 0.415116 0.490272
vt 0.424508 0.547423
vt 0.423222 -0.211793
vt 0.421043 0.419455
vt 0.423222 0.411743
vt 0.419838 -0.051603
vt 0.412393 0.057294
vt 0.436846 0.284837
vt 0.449269 0.373343
vt 0.515114 0.375019
vt 0.439445 0.451262
vt 0.440174 0.474575
vt 0.435033 0.504180
vt 0.421422 0.506774
vt 0.409392 0.483593
vt 0.411788 0.535595
vt 0.403068 0.551834
vt 0.426220 0.544579
vt 0.440482 0.516127
vt 0.440738 0.550803
vt 0.409602 0.583671
vt 0.411245 0.625160
vt 0.410979 0.649045
vt 0.410281 0.666384
vt 0.399860 0.761897
vt 0.411039 0.743478
vt 0.411026 0.756390
vt 0.426366 0.743478
vt 0.406356 0.768836
vt 0.435863 0.768836
vt 0.438477 0.782743
vt 0.429814 0.800192
vt 0.407267 0.825415
vt 0.412730 0.840177
vt 0.422154 0.926576
vt 0.411935 0.971126
vt 0.407065 0.987441
vt 0.392779 0.438582
vt 0.407065 0.437985
vt 0.413929 0.450475
vt 0.413929 0.991979
vt 0.411888 1.016263
vt 0.414575 0.444268
vt 0.427326 0.413267
vt 0.427326 1.111924
vt 0.422124 1.119839
vt 0.445770 0.618624
vt 0.589951 -0.208896
vt 0.590568 -0.181977
vt 0.423878 0.428726
vt 0.416003 0.433565
vt 0.409812 0.430269
vt 0.417575 0.222896
vt 0.418056 0.241080
vt 0.420971 0.261876
vt 0.405971 0.474575
vt 0.414076 0.516867
vt 0.410201 0.516127
vt 0.424954 0.529339
vt 0.412170 0.546193
vt 0.405304 0.550803
vt 0.413253 0.554244
vt 0.413101 0.553783
vt 0.428502 0.553250
vt 0.412161 0.428502
vt 0.405304 0.440738
vt 0.413101 0.440785
vt 0.395497 0.566341
vt 0.404288 0.583671
vt 0.402826 0.601673
vt 0.389414 0.599885
vt 0.394562 0.625160
vt 0.433686 0.655692
vt 0.440909 0.648559
vt 0.440747 0.663799
vt 0.420198 0.651551
vt 0.417377 0.672072
vt 0.416953 0.718818
vt 0.414799 0.747822
vt 0.441292 0.795043
vt 0.453201 0.811532
vt 0.446794 0.825415
vt 0.473372 0.811194
vt 0.459452 0.826901
vt 0.477127 0.821240
vt 0.465047 0.840177
vt 0.417004 0.841866
vt 0.404529 0.860786
vt 0.462966 0.841866
vt 0.423447 0.881603
vt 0.437056 0.962415
vt 0.437985 0.987441
vt 0.431898 0.971126
vt 0.448713 0.983838
vt 0.450475 0.991979
vt 0.419729 0.999762
vt 0.395259 0.425208
vt 0.411888 0.432681
vt 0.425187 0.417858
vt 0.425187 1.024532
vt 0.415535 1.035938
vt 0.416579 1.092501
vt 0.414575 1.097331
vt 0.421631 1.188974
vt 0.418440 1.192871
vt 0.441701 1.205319
vt 0.441701 0.626761
vt 0.437082 0.438434
vt 0.427538 -0.106975
vt 0.428515 -0.083717
vt 0.422460 -0.075130
vt 0.423878 0.158294
vt 0.416003 0.162665
vt 0.424792 0.169276
vt 0.421602 0.230844
vt 0.413504 0.413253
vt 0.418281 0.420159
vt 0.420159 0.555667
vt 0.411825 0.567782
vt 0.420322 0.567782
vt 0.410721 0.551834
vt 0.420516 0.589987
vt 0.488439 0.602664
vt 0.414239 0.589987
vt 0.422360 0.603182
vt 0.408939 0.621261
vt 0.412726 0.642126
vt 0.403257 0.649045
vt 0.425298 0.644961
vt 0.426136 0.669317
vt 0.409599 0.672072
vt 0.400333 0.666384
vt 0.411806 0.648559
vt 0.419250 0.686260
vt 0.411909 0.663799
vt 0.440354 0.688056
vt 0.412889 0.688056
vt 0.426350 0.697805
vt 0.418184 0.696567
vt 0.440941 0.696567
vt 0.429990 0.734332
vt 0.419478 0.734332
vt 0.428955 0.786918
vt 0.412965 0.795043
vt 0.417922 0.806903
vt 0.413220 0.811532
vt 0.451530 0.806903
vt 0.410673 0.811194
vt 0.418831 0.816044
vt 0.412402 0.821240
vt 0.405544 0.440395
vt 0.419729 0.450080
vt 0.421039 0.436204
vt 0.421039 1.005938
vt 0.435226 0.438163
vt 0.432810 0.417822
vt 0.418440 0.410752
vt 0.445180 0.546860
vt 0.531656 -0.086374
vt 0.440753 0.075582
vt 0.436823 0.189207
vt 0.431405 0.233369
vt 0.458235 0.545950
vt 0.458235 0.442007
vt 0.451593 0.432828
vt 0.439586 0.422587
vt 0.427459 0.572591
vt 0.419154 0.603182
vt 0.426256 0.598229
vt 0.426501 0.604010
vt 0.419160 0.621261
vt 0.425100 0.614797
vt 0.425368 0.625965
vt 0.425104 0.635943
vt 0.418198 0.642126
vt 0.421578 0.425298
vt 0.418198 0.412726
vt 0.425104 0.413934
vt 0.430314 0.696258
vt 0.425146 0.703379
vt 0.419080 0.426350
vt 0.418184 0.440941
vt 0.425146 0.428708
vt 0.419080 0.697805
vt 0.433446 0.728055
vt 0.425246 0.728055
vt 0.414980 0.743042
vt 0.426029 0.747822
vt 0.429164 0.743042
vt 0.409364 0.782743
vt 0.427791 0.464689
vt 0.418831 0.478739
vt 0.410673 0.473372
vt 0.417922 0.451530
vt 0.478739 0.816044
vt 0.467608 0.813499
vt 0.434177 0.848980
vt 0.414086 0.448713
vt 0.433989 0.446747
vt 0.434486 0.453261
vt 0.411935 0.431898
vt 0.437315 0.450177
vt 0.438621 1.035316
vt 0.436154 1.098395
vt 0.453526 1.200198
vt 0.411353 -0.164133
vt 0.411743 -0.211793
vt 0.428181 -0.213224
vt 0.404344 -0.166343
vt 0.405700 -0.106975
vt 0.435379 -0.079383
vt 0.434039 -0.051027
vt 0.437309 -0.020098
vt 0.435067 0.271312
vt 0.432903 0.485604
vt 0.432949 0.505739
vt 0.446092 0.415096
vt 0.418281 0.555667
vt 0.446092 0.556489
vt 0.447694 0.575718
vt 0.459250 0.641482
vt 0.451191 0.648932
vt 0.459250 0.431915
vt 0.411806 0.440909
vt 0.455293 0.674305
vt 0.433443 0.688153
vt 0.412556 0.730158
vt 0.437921 0.796612
vt 0.412965 0.441292
vt 0.437921 0.437451
vt 0.440623 0.446639
vt 0.440623 0.800687
vt 0.427791 0.807419
vt 0.431674 0.813499
vt 0.433291 0.820799
vt 0.431927 0.848980
vt 0.437962 0.969006
vt 0.437962 0.425325
vt 0.414086 0.983838
vt 0.434486 0.979626
vt 0.441925 0.994224
vt 0.435226 1.106173
vt 0.465653 1.135727
vt 0.445781 0.462875
vt 0.438434 -0.222370
vt 0.424152 -0.170694
vt 0.424449 -0.105508
vt 0.428627 -0.083717
vt 0.437250 -0.105508
vt 0.442372 0.168653
vt 0.440986 0.436434
vt 0.424792 0.436772
vt 0.442372 0.427835
vt 0.439940 0.182929
vt 0.440986 0.175227
vt 0.447608 0.198198
vt 0.448641 0.206031
vt 0.446172 0.265390
vt 0.449291 0.296402
vt 0.444915 0.498423
vt 0.458251 0.605816
vt 0.455512 0.617545
vt 0.457358 0.419093
vt 0.569585 0.648092
vt 0.600152 0.677096
vt 0.433443 0.438974
vt 0.430314 0.429163
vt 0.451649 0.779769
vt 0.439571 0.460101
vt 0.439571 0.803534
vt 0.444717 0.804832
vt 0.437315 1.005319
vt 0.449260 0.434360
vt 0.453807 1.015133
vt 0.453807 0.428296
vt 0.445601 1.104314
vt 0.532973 0.453930
vt 0.386211 0.608854
vt 0.443481 0.434877
vt 0.434690 0.428181
vt 0.441872 -0.190246
vt 0.434690 -0.213224
vt 0.443481 -0.217748
vt 0.436059 -0.170694
vt 0.430536 -0.190246
vt 0.442422 -0.129986
vt 0.441975 -0.096666
vt 0.428661 -0.096666
vt 0.420482 -0.080084
vt 0.434842 -0.079383
vt 0.433334 -0.051027
vt 0.421674 -0.046493
vt 0.421652 -0.032074
vt 0.441598 -0.046493
vt 0.450122 0.181479
vt 0.449099 0.281055
vt 0.450443 0.477317
vt 0.449996 0.513991
vt 0.459539 0.563300
vt 0.462947 0.406813
vt 0.426256 0.423654
vt 0.420516 0.414239
vt 0.464620 0.631635
vt 0.464620 0.411454
vt 0.479207 0.667539
vt 0.462042 0.681744
vt 0.457274 0.708746
vt 0.448704 0.438289
vt 0.457207 0.804832
vt 0.445312 0.820799
vt 0.454088 0.826291
vt 0.449006 0.873263
vt 0.460941 1.027312
vt 0.453709 1.074611
vt 0.456377 0.411299
vt 0.456377 1.205574
vt 0.597804 0.588471
vt 0.453466 -0.186251
vt 0.453708 -0.144060
vt 0.426640 -0.129986
vt 0.451480 -0.057563
vt 0.447945 -0.080084
vt 0.452752 0.277492
vt 0.451998 0.496030
vt 0.462947 0.590287
vt 0.455293 0.436188
vt 0.438167 0.730158
vt 0.461245 0.725100
vt 0.460668 0.790107
vt 0.460668 0.423379
vt 0.460482 0.783225
vt 0.460482 0.458246
vt 0.463501 0.904742
vt 0.470555 0.968675
vt 0.457269 0.431685
vt 0.452849 0.449787
vt 0.452849 0.978924
vt 0.453269 0.998530
vt 0.456377 0.447698
vt 0.453269 0.453939
vt 0.449260 1.006614
vt 0.459743 0.407423
vt 0.408874 0.418233
vt 0.459743 1.021101
vt 0.454534 1.109023
vt 0.457033 1.114693
vt 0.469318 0.418013
vt 0.463351 1.202670
vt 0.464773 0.416939
vt 0.453801 -0.101704
vt 0.497512 0.019481
vt 0.459816 0.434686
vt 0.459816 0.174482
vt 0.482257 0.329057
vt 0.460320 0.480509
vt 0.480641 0.623761
vt 0.470237 0.641832
vt 0.462961 0.428770
vt 0.462961 0.675584
vt 0.462768 0.714586
vt 0.462768 0.417635
vt 0.462683 0.406539
vt 0.433446 0.425246
vt 0.438167 0.412556
vt 0.462683 0.719990
vt 0.470664 0.778402
vt 0.467814 0.430214
vt 0.445312 0.433291
vt 0.444717 0.457207
vt 0.469582 0.422721
vt 0.459812 1.037159
vt 0.473572 0.410390
vt 0.473572 1.129549
vt 0.462913 0.550091
vt 0.478139 0.426519
vt 0.473854 0.177377
vt 0.480972 0.228018
vt 0.463452 0.265702
vt 0.466235 0.286751
vt 0.468553 0.500626
vt 0.468389 0.785720
vt 0.464650 0.792116
vt 0.471339 0.782291
vt 0.465053 0.432373
vt 0.463710 0.861119
vt 0.473869 0.872978
vt 0.431685 0.979147
vt 0.446974 0.990279
vt 0.449787 0.978924
vt 0.460963 0.990279
vt 0.447698 1.002231
vt 0.453939 0.998530
vt 0.464750 0.434101
vt 0.464750 0.995596
vt 0.473888 1.096844
vt 0.457033 0.436397
vt 0.488387 0.250979
vt 0.478336 0.314468
vt 0.510428 0.413294
vt 0.499492 0.653757
vt 0.464650 0.457570
vt 0.480079 0.809747
vt 0.467814 0.804323
vt 0.475649 0.888872
vt 0.469582 0.980243
vt 0.434101 0.995596
vt 0.467090 1.006744
vt 0.467090 0.427753
vt 0.471583 1.015230
vt 0.464389 1.112749
vt 0.483538 1.124375
vt 0.483538 0.440712
vt 0.490923 1.215715
vt 0.479487 1.211543
vt 0.487483 1.223060
vt 0.487483 0.624308
vt 0.556086 0.440873
vt 0.495731 -0.084106
vt 0.478139 0.165730
vt 0.535445 0.533086
vt 0.488939 0.614281
vt 0.479207 0.433334
vt 0.481259 0.424340
vt 0.486004 0.452103
vt 0.411696 0.897557
vt 0.420472 0.904742
vt 0.415178 0.888872
vt 0.410494 0.904818
vt 0.417266 0.941923
vt 0.471222 0.941923
vt 0.668440 0.973190
vt 0.472230 0.994645
vt 0.457269 0.979147
vt 0.471583 0.403522
vt 0.477118 1.018959
vt 0.480870 1.047902
vt 0.561815 0.522850
vt 0.556668 -0.218862
vt 0.570136 0.032115
vt 0.571581 0.181065
vt 0.498442 0.313084
vt 0.497507 0.354243
vt 0.505384 0.435059
vt 0.508084 0.440809
vt 0.497016 0.419143
vt 0.495643 0.558626
vt 0.497016 0.551165
vt 0.494620 0.575177
vt 0.500912 0.589521
vt 0.500877 0.695205
vt 0.496114 0.704290
vt 0.457274 0.425051
vt 0.496114 0.419622
vt 0.487440 0.784709
vt 0.468389 0.417522
vt 0.378852 0.908321
vt 0.409834 0.967846
vt 0.418691 0.968675
vt 0.422721 0.980243
vt 0.478496 0.967846
vt 0.427753 1.006744
vt 0.428526 0.994645
vt 0.400475 0.998176
vt 0.403522 1.015230
vt 0.490923 0.410903
vt 0.490225 0.516227
vt 0.437082 -0.222370
vt 0.563813 -0.100971
vt 0.498954 0.190719
vt 0.549284 0.578758
vt 0.508574 0.602696
vt 0.503983 0.418152
vt 0.497852 0.634248
vt 0.491432 0.422368
vt 0.491432 0.669041
vt 0.499866 0.402677
vt 0.499866 0.712337
vt 0.504407 0.759344
vt 0.496642 0.457401
vt 0.471339 0.461698
vt 0.487440 0.456560
vt 0.498827 0.422299
vt 0.480079 0.420096
vt 0.496578 0.886690
vt 0.498261 0.873884
vt 0.471927 0.897557
vt 0.484194 0.893354
vt 0.484194 0.405511
vt 0.486905 0.370720
vt 0.471927 0.411696
vt 0.476507 0.378852
vt 0.368849 0.911630
vt 0.370720 0.903024
vt 0.380085 0.932934
vt 0.391176 0.963354
vt 0.483296 0.998176
vt 0.487586 1.119627
vt 0.495387 0.418667
vt 0.558155 -0.155227
vt 0.492586 0.241470
vt 0.499460 0.261687
vt 0.489141 0.324771
vt 0.571083 0.477313
vt 0.505465 0.426161
vt 0.498337 0.565730
vt 0.510115 0.627156
vt 0.470237 0.434411
vt 0.510115 0.428833
vt 0.497852 0.433988
vt 0.499574 0.720195
vt 0.497588 0.840238
vt 0.497840 0.861752
vt 0.475649 0.415178
vt 0.496578 0.408669
vt 0.485015 0.911630
vt 0.492322 0.939462
vt 0.482082 0.932934
vt 0.488634 0.961834
vt 0.482769 0.963354
vt 0.490056 1.001345
vt 0.500995 1.074456
vt 0.497555 0.418581
vt 0.500740 1.141354
vt 0.501679 1.222803
vt 0.556668 0.435566
vt 0.570664 0.047283
vt 0.502769 0.231251
vt 0.498962 0.336879
vt 0.517662 0.491577
vt 0.498128 0.423315
vt 0.499492 0.433826
vt 0.498128 0.661580
vt 0.496642 0.768526
vt 0.504546 0.768744
vt 0.501083 0.780527
vt 0.501083 0.459122
vt 0.503601 0.423574
vt 0.505684 0.809020
vt 0.498827 0.801745
vt 0.503901 0.891296
vt 0.503901 0.403473
vt 0.486905 0.903024
vt 0.511940 0.903855
vt 0.592162 1.065309
vt 0.502455 1.128341
vt 0.500740 0.409915
vt 0.505362 0.415212
vt 0.500688 0.245738
vt 0.510139 0.324440
vt 0.480641 0.407462
vt 0.486004 0.773041
vt 0.504546 0.458033
vt 0.523643 0.784833
vt 0.523643 0.416861
vt 0.512317 0.911854
vt 0.507671 1.009537
vt 0.507061 1.121377
vt 0.502455 0.444098
vt 0.507245 0.618935
vt 0.501679 0.627560
vt 0.502701 0.546315
vt 0.532195 0.189959
vt 0.510608 0.339006
vt 0.519134 0.579005
vt 0.512557 0.431604
vt 0.511357 0.422851
vt 0.511357 0.670966
vt 0.522127 0.417246
vt 0.528582 0.777925
vt 0.520027 0.888066
vt 0.511940 0.368973
vt 0.510810 0.951795
vt 0.512777 0.412232
vt 0.520361 1.212009
vt 0.505362 1.221896
vt 0.567153 0.112953
vt 0.529689 0.168811
vt 0.527110 0.178329
vt 0.523892 0.227196
vt 0.527523 0.266240
vt 0.536642 0.281609
vt 0.508084 0.545002
vt 0.533239 0.543961
vt 0.532726 0.562832
vt 0.530694 0.678815
vt 0.528041 0.433891
vt 0.522197 0.431275
vt 0.526698 0.856347
vt 0.520027 0.413902
vt 0.515037 0.997689
vt 0.526333 1.025626
vt 0.522943 1.087653
vt 0.531118 0.418368
vt 0.584203 1.192524
vt 0.536344 1.207376
vt 0.513848 0.548725
vt 0.545246 0.360181
vt 0.531422 0.589106
vt 0.542373 0.632512
vt 0.531518 0.426285
vt 0.550490 0.638211
vt 0.530580 0.667324
vt 0.512557 0.664121
vt 0.536388 0.720467
vt 0.528395 0.781819
vt 0.525623 0.787995
vt 0.530875 0.424847
vt 0.525623 0.457999
vt 0.538863 0.866394
vt 0.523040 0.873113
vt 0.526536 0.896711
vt 0.526536 0.410833
vt 0.522750 0.908210
vt 0.517639 0.948989
vt 0.679265 0.960925
vt 0.522787 1.010546
vt 0.531824 1.113869
vt 0.524298 1.121083
vt 0.576509 1.151069
vt 0.527559 0.463274
vt 0.557868 -0.201433
vt 0.546322 0.297528
vt 0.438654 0.491577
vt 0.438712 0.501780
vt 0.441482 0.533086
vt 0.537189 0.424623
vt 0.535836 0.554735
vt 0.540785 0.572408
vt 0.549875 0.416864
vt 0.535625 0.429009
vt 0.535625 0.674737
vt 0.538411 0.707818
vt 0.538411 0.424211
vt 0.536388 0.405405
vt 0.536892 0.457774
vt 0.534460 0.426128
vt 0.534460 0.809724
vt 0.522750 0.378849
vt 0.368188 0.911854
vt 0.378849 0.908210
vt 0.387325 0.948989
vt 0.411651 0.964869
vt 0.722401 0.950916
vt 0.398313 0.997689
vt 0.425797 0.988710
vt 0.428741 1.000775
vt 0.400846 1.010546
vt 0.524298 0.440091
vt 0.512777 1.132972
vt 0.553400 1.124868
vt 0.556743 1.206740
vt 0.556743 0.625866
vt 0.543227 0.418054
vt 0.540867 0.175126
vt 0.540027 0.476832
vt 0.535801 0.495605
vt 0.522575 0.501780
vt 0.545004 0.514993
vt 0.540778 0.434598
vt 0.533239 0.413477
vt 0.549236 0.606756
vt 0.549961 0.409571
vt 0.530580 0.435175
vt 0.543620 0.727286
vt 0.536892 0.781688
vt 0.542872 0.783066
vt 0.540009 0.456502
vt 0.542169 0.820693
vt 0.543972 0.882789
vt 0.410833 0.896711
vt 0.416582 0.905987
vt 0.418632 0.970386
vt 0.526337 0.988710
vt 0.521743 0.964869
vt 0.527950 0.970386
vt 0.533980 1.018758
vt 0.537331 0.608646
vt 0.520361 0.410301
vt 0.558843 0.168814
vt 0.551136 0.213418
vt 0.540778 0.539837
vt 0.545853 0.421946
vt 0.519134 0.415886
vt 0.540785 0.409570
vt 0.545853 0.580671
vt 0.549961 0.620222
vt 0.542373 0.435130
vt 0.559146 0.689089
vt 0.542872 0.418353
vt 0.413902 0.888066
vt 0.420627 0.904342
vt 0.536377 0.904342
vt 0.531305 0.905987
vt 0.435007 0.993999
vt 0.429361 1.011025
vt 0.533980 0.404978
vt 0.522787 0.400846
vt 0.538786 0.429361
vt 0.540032 1.029075
vt 0.543826 1.108795
vt 0.570101 1.190991
vt 0.563791 -0.073551
vt 0.545327 0.182032
vt 0.551493 0.196806
vt 0.544127 0.269405
vt 0.545138 0.494806
vt 0.560645 0.541816
vt 0.549697 0.678488
vt 0.558580 0.674084
vt 0.549697 0.435102
vt 0.554857 0.719827
vt 0.522127 0.710013
vt 0.552389 0.445229
vt 0.548070 0.427915
vt 0.540009 0.795547
vt 0.551233 0.967195
vt 0.551233 0.421235
vt 0.542986 0.429985
vt 0.526337 0.425797
vt 0.448486 0.990754
vt 0.447209 0.977058
vt 0.429985 0.978381
vt 0.542986 0.978381
vt 0.535130 0.993999
vt 0.449443 1.001973
vt 0.548400 1.005747
vt 0.529032 1.000775
vt 0.538786 1.011025
vt 0.550189 0.428063
vt 0.553096 1.103832
vt 0.554829 1.111041
vt 0.554829 0.434535
vt 0.561715 0.411746
vt 0.561715 1.116613
vt 0.546066 1.205199
vt 0.553756 0.461010
vt 0.546066 0.411679
vt 0.529689 0.428263
vt 0.558843 0.427862
vt 0.540867 0.436352
vt 0.550025 0.281206
vt 0.578763 0.428658
vt 0.564518 0.551055
vt 0.556751 0.588338
vt 0.574322 0.428422
vt 0.554857 0.423583
vt 0.570039 0.742031
vt 0.555805 0.805698
vt 0.555805 0.458056
vt 0.553710 0.434461
vt 0.553710 0.820592
vt 0.560908 0.841426
vt 0.453295 0.983002
vt 0.557682 0.993687
vt 0.539362 0.990754
vt 0.547524 0.983002
vt 0.544042 1.001973
vt 0.535130 0.435007
vt 0.544042 0.449443
vt 0.548400 0.435082
vt 0.553634 0.413351
vt 0.553634 1.022663
vt 0.556360 0.180489
vt 0.566029 0.258681
vt 0.642566 0.261529
vt 0.559810 0.486091
vt 0.572451 0.534175
vt 0.535445 0.441482
vt 0.572451 0.440902
vt 0.560645 0.411066
vt 0.567761 0.560888
vt 0.654161 0.621969
vt 0.559146 0.426996
vt 0.565593 0.718796
vt 0.562031 0.731025
vt 0.557857 1.035900
vt 0.560799 0.612006
vt 0.559320 0.556962
vt 0.619290 0.601811
vt 0.569364 0.434463
vt 0.569364 0.170921
vt 0.439910 0.180489
vt 0.429508 0.189128
vt 0.434869 0.196806
vt 0.561158 0.189128
vt 0.561292 0.209889
vt 0.565694 0.234743
vt 0.573512 0.266964
vt 0.587240 0.534323
vt 0.580697 0.413377
vt 0.573295 0.428992
vt 0.575652 0.612857
vt 0.562031 0.412800
vt 0.559830 0.802439
vt 0.559830 0.458465
vt 0.567956 0.448106
vt 0.434461 0.820592
vt 0.458056 0.805698
vt 0.467917 0.813428
vt 0.573931 0.868281
vt 0.563577 0.428633
vt 0.546639 0.447209
vt 0.568081 0.454996
vt 0.547524 0.453295
vt 0.568081 0.982440
vt 0.565290 1.005288
vt 0.565290 0.450228
vt 0.583063 0.415716
vt 0.540032 0.401513
vt 0.583063 1.028001
vt 0.586182 0.413970
vt 0.565247 -0.212887
vt 0.565183 -0.164217
vt 0.590874 0.125713
vt 0.568502 0.204317
vt 0.568580 0.220588
vt 0.601779 0.288687
vt 0.594529 0.383018
vt 0.585523 0.433912
vt 0.573295 0.581159
vt 0.573518 0.589917
vt 0.580026 0.604136
vt 0.574128 0.627554
vt 0.574128 0.419722
vt 0.580163 0.637236
vt 0.568828 0.688867
vt 0.568828 0.440634
vt 0.582143 0.751921
vt 0.574028 0.790458
vt 0.548070 0.792180
vt 0.574028 0.435064
vt 0.565255 0.807138
vt 0.567578 0.813428
vt 0.442507 0.836220
vt 0.431558 0.841426
vt 0.590400 0.930111
vt 0.565870 0.446235
vt 0.565870 0.972983
vt 0.546639 0.977058
vt 0.578239 0.999438
vt 0.571296 1.017382
vt 0.550189 1.017135
vt 0.570109 1.099624
vt 0.582438 0.411892
vt 0.582438 1.193256
vt 0.574432 0.424376
vt 0.574432 -0.219731
vt 0.424376 -0.219731
vt 0.411694 -0.210681
vt 0.428263 -0.212887
vt 0.405595 -0.107130
vt 0.421408 -0.164217
vt 0.406348 -0.160880
vt 0.417422 -0.100971
vt 0.571097 -0.093057
vt 0.574812 -0.107130
vt 0.577885 0.161550
vt 0.575406 0.170568
vt 0.587799 0.362314
vt 0.588910 0.498907
vt 0.583581 0.565737
vt 0.580697 0.574128
vt 0.623140 0.603997
vt 0.580163 0.440085
vt 0.581380 0.687512
vt 0.573559 0.431588
vt 0.573559 0.697192
vt 0.574974 0.704541
vt 0.574615 0.732950
vt 0.574615 0.428836
vt 0.565255 0.464626
vt 0.594884 0.429280
vt 0.590217 0.435887
vt 0.583229 1.004625
vt 0.590217 1.008147
vt 0.580811 1.035091
vt 0.586995 0.480350
vt 0.600090 0.424464
vt 0.577499 0.568091
vt 0.662194 0.608786
vt 0.662194 -0.214201
vt 0.579134 -0.076741
vt 0.578849 -0.043506
vt 0.584746 -0.028376
vt 0.582930 0.029753
vt 0.588813 0.151152
vt 0.580913 0.222408
vt 0.666656 0.180602
vt 0.575329 0.231439
vt 0.581051 0.240715
vt 0.633810 0.394410
vt 0.584054 0.414354
vt 0.584054 0.542837
vt 0.581342 0.440236
vt 0.428836 0.732950
vt 0.414796 0.742031
vt 0.412800 0.731025
vt 0.590730 0.753511
vt 0.587812 0.440982
vt 0.567578 0.467917
vt 0.577683 0.466229
vt 0.579529 0.476738
vt 0.577683 0.808494
vt 0.581133 0.822870
vt 0.579529 0.812478
vt 0.464261 0.842127
vt 0.432515 0.868281
vt 0.587526 0.898350
vt 0.589918 0.971303
vt 0.563577 0.969959
vt 0.594884 0.964252
vt 0.589918 0.431579
vt 0.586028 0.444214
vt 0.571296 0.431075
vt 0.584842 0.421238
vt 0.583756 1.092838
vt 0.570109 0.443972
vt 0.590081 0.443152
vt 0.584426 1.112818
vt 0.576650 -0.210681
vt 0.584871 -0.203832
vt 0.574490 -0.160880
vt 0.581166 -0.148293
vt 0.583400 -0.107561
vt 0.596788 -0.094688
vt 0.571097 0.417751
vt 0.596788 0.405789
vt 0.585642 0.422301
vt 0.585642 -0.083354
vt 0.588965 0.053518
vt 0.592155 0.074795
vt 0.592197 0.101924
vt 0.595055 0.162848
vt 0.584214 0.554905
vt 0.582732 0.417410
vt 0.583131 0.589533
vt 0.583131 0.428301
vt 0.580429 0.615883
vt 0.580966 0.635739
vt 0.580966 0.423580
vt 0.589168 0.647776
vt 0.581342 0.698615
vt 0.428867 0.704541
vt 0.440236 0.698615
vt 0.427234 0.697204
vt 0.431588 0.697192
vt 0.581210 0.697204
vt 0.582703 0.738593
vt 0.582703 0.429910
vt 0.570039 0.414796
vt 0.429910 0.738593
vt 0.422757 0.751921
vt 0.586721 0.449216
vt 0.477877 0.822870
vt 0.713338 0.939994
vt 0.588530 0.992147
vt 0.586182 1.107458
vt 0.589685 1.184815
vt 0.620514 0.419430
vt 0.600300 0.410536
vt 0.576650 0.411694
vt 0.600300 -0.213680
vt 0.609705 -0.068147
vt 0.600783 -0.049577
vt 0.602282 -0.014635
vt 0.592404 0.244189
vt 0.606549 0.347896
vt 0.612688 0.417369
vt 0.595971 0.460781
vt 0.587240 0.442668
vt 0.586648 0.422760
vt 0.582732 0.578739
vt 0.409410 0.587967
vt 0.428301 0.589533
vt 0.417410 0.578739
vt 0.410278 0.615883
vt 0.399065 0.609516
vt 0.403366 0.636866
vt 0.590061 0.434726
vt 0.423580 0.635739
vt 0.434726 0.645845
vt 0.440806 0.647776
vt 0.440085 0.637236
vt 0.421527 0.649246
vt 0.414484 0.659246
vt 0.583072 0.659246
vt 0.583991 0.636866
vt 0.590412 0.650872
vt 0.440782 0.688955
vt 0.587665 0.688955
vt 0.413437 0.697592
vt 0.588759 0.723802
vt 0.585115 0.697592
vt 0.586738 0.740332
vt 0.587812 0.792917
vt 0.593406 0.768252
vt 0.586721 0.806514
vt 0.567956 0.803245
vt 0.588525 0.475054
vt 0.587123 0.454414
vt 0.449216 0.806514
vt 0.454414 0.814080
vt 0.466229 0.808494
vt 0.588525 0.811796
vt 0.588790 0.821907
vt 0.586963 0.835391
vt 0.582308 0.842127
vt 0.442303 0.876603
vt 0.567985 0.836220
vt 0.588619 0.876603
vt 0.586028 0.977396
vt 0.578239 0.451790
vt 0.583229 0.438016
vt 0.606710 0.431028
vt 0.590081 1.096723
vt 0.601006 0.417993
vt 0.610398 0.620315
vt 0.616061 0.095466
vt 0.605164 0.116365
vt 0.593375 0.498514
vt 0.436974 0.498514
vt 0.422525 0.474606
vt 0.422847 0.512319
vt 0.414093 0.493124
vt 0.592841 0.534364
vt 0.422760 0.534153
vt 0.439925 0.534364
vt 0.592841 0.439925
vt 0.590733 0.400366
vt 0.406694 0.554905
vt 0.414354 0.542837
vt 0.400366 0.549766
vt 0.590733 0.549766
vt 0.594362 0.579570
vt 0.407346 0.565737
vt 0.400191 0.579570
vt 0.614658 0.576836
vt 0.391588 0.598549
vt 0.594966 0.598549
vt 0.593375 0.629890
vt 0.585782 0.609516
vt 0.393241 0.629890
vt 0.403707 0.650872
vt 0.398859 0.673604
vt 0.597882 0.694231
vt 0.596086 0.673604
vt 0.605853 0.709870
vt 0.416565 0.744996
vt 0.428131 0.740332
vt 0.420825 0.723802
vt 0.428504 0.753511
vt 0.424896 0.785525
vt 0.431640 0.802462
vt 0.440982 0.792917
vt 0.447316 0.826435
vt 0.467193 0.835391
vt 0.475054 0.811796
vt 0.477211 0.821907
vt 0.464356 0.846976
vt 0.593716 0.846976
vt 0.593408 0.858375
vt 0.468781 0.858375
vt 0.606348 0.974849
vt 0.448472 0.992147
vt 0.444214 0.977396
vt 0.436474 0.987357
vt 0.431579 0.971303
vt 0.602970 0.994382
vt 0.602970 0.440568
vt 0.606710 1.014871
vt 0.602446 1.028011
vt 0.604368 1.111130
vt 0.608889 1.196714
vt 0.608889 0.628342
vt 0.607566 0.560745
vt 0.607204 0.595084
vt 0.603007 -0.034336
vt 0.601269 0.042584
vt 0.606822 0.064170
vt 0.605596 0.079394
vt 0.605147 0.375487
vt 0.600521 0.463186
vt 0.410042 0.458863
vt 0.434940 0.463186
vt 0.405964 0.503536
vt 0.396272 0.523623
vt 0.602379 0.523623
vt 0.600610 0.552226
vt 0.605090 0.613579
vt 0.608418 0.646292
vt 0.405072 0.709870
vt 0.406711 0.727021
vt 0.601045 0.727021
vt 0.602838 0.740016
vt 0.593983 0.744996
vt 0.418949 0.759740
vt 0.599419 0.763981
vt 0.605639 0.418949
vt 0.599419 0.431581
vt 0.590730 0.428504
vt 0.431581 0.763981
vt 0.436911 0.768252
vt 0.669760 0.754891
vt 0.644974 0.812024
vt 0.595090 0.802462
vt 0.601765 0.826288
vt 0.592565 0.826435
vt 0.598011 0.856336
vt 0.602420 0.866311
vt 0.481144 0.866311
vt 0.604378 0.915953
vt 0.603628 0.929213
vt 0.593292 0.987357
vt 0.588530 0.448472
vt 0.593292 0.436474
vt 0.584842 1.023098
vt 0.602804 1.080371
vt 0.607347 1.085790
vt 0.614089 0.417643
vt 0.614089 1.180251
vt 0.614628 0.497602
vt 0.639454 -0.187894
vt 0.623268 -0.057342
vt 0.610578 0.050411
vt 0.610323 0.109003
vt 0.608774 0.132802
vt 0.611458 0.366074
vt 0.614001 0.385354
vt 0.419853 0.426277
vt 0.594903 0.493124
vt 0.602210 0.458863
vt 0.608076 0.467552
vt 0.604172 0.503536
vt 0.607160 0.571067
vt 0.610438 0.594113
vt 0.610808 0.668636
vt 0.605639 0.759740
vt 0.417834 0.777317
vt 0.613049 0.784964
vt 0.597133 0.785525
vt 0.604955 0.777317
vt 0.441071 0.915953
vt 0.614215 0.995038
vt 0.613869 1.017491
vt 0.607347 0.452115
vt 0.601006 1.101318
vt 0.610673 1.174456
vt 0.618286 0.457846
vt 0.660352 0.429953
vt 0.623938 -0.085060
vt 0.610883 -0.033683
vt 0.621522 -0.023887
vt 0.434720 0.427616
vt 0.613568 0.427616
vt 0.408805 0.424007
vt 0.614575 0.424007
vt 0.611756 0.447000
vt 0.610534 0.516157
vt 0.614797 0.537809
vt 0.621416 0.694984
vt 0.612422 0.726866
vt 0.618959 0.753885
vt 0.615204 0.805171
vt 0.598011 0.471880
vt 0.601765 0.441015
vt 0.618313 0.460801
vt 0.614765 0.474079
vt 0.608807 0.482891
vt 0.608807 0.864078
vt 0.609839 0.883937
vt 0.481917 0.883937
vt 0.459622 0.949630
vt 0.619814 0.970786
vt 0.613150 0.418247
vt 0.613150 1.092734
vt 0.672032 1.142077
vt 0.631376 1.182422
vt 0.635607 -0.071806
vt 0.621097 -0.039257
vt 0.624914 0.049687
vt 0.601269 0.425876
vt 0.624914 0.427120
vt 0.610578 0.420852
vt 0.624574 0.070557
vt 0.624956 0.120815
vt 0.626028 0.361627
vt 0.619269 0.475427
vt 0.624188 0.563714
vt 0.620223 0.621260
vt 0.625561 0.653491
vt 0.626375 0.717820
vt 0.625136 0.740129
vt 0.618483 0.832604
vt 0.618313 0.844533
vt 0.614765 0.855054
vt 0.614390 0.882066
vt 0.617982 0.897887
vt 0.489373 0.897887
vt 0.443310 0.958273
vt 0.434504 0.929213
vt 0.624083 0.958273
vt 0.620157 1.029673
vt 0.461113 1.058163
vt 0.451790 1.080371
vt 0.439804 1.029673
vt 0.622529 1.058163
vt 0.615580 1.069969
vt 0.620145 1.074419
vt 0.620145 0.452855
vt 0.614809 0.594583
vt 0.657487 0.506894
vt 0.417168 0.405224
vt 0.424898 0.409342
vt 0.625432 0.418102
vt 0.625707 0.424898
vt 0.613568 0.434720
vt 0.625432 0.434743
vt 0.635922 0.420307
vt 0.673802 0.423485
vt 0.638962 0.458894
vt 0.623806 0.500788
vt 0.630333 0.536287
vt 0.629618 0.582682
vt 0.628098 0.602388
vt 0.626703 0.674577
vt 0.629345 0.779124
vt 0.630681 0.799658
vt 0.627650 0.457459
vt 0.625936 0.871429
vt 0.627650 0.846244
vt 0.485021 0.882066
vt 0.474079 0.855054
vt 0.457459 0.846244
vt 0.621607 0.892857
vt 0.498005 0.900440
vt 0.490809 0.892857
vt 0.625487 0.996050
vt 0.626250 1.062581
vt 0.424992 1.065163
vt 0.418247 1.092734
vt 0.452855 1.074419
vt 0.631623 1.115939
vt 0.631376 0.629854
vt 0.627982 0.501599
vt 0.690534 -0.118112
vt 0.686324 -0.088272
vt 0.637760 -0.044258
vt 0.667519 0.150777
vt 0.666998 0.337798
vt 0.639534 0.419582
vt 0.625290 0.405224
vt 0.630797 0.407082
vt 0.637256 0.474075
vt 0.638572 0.489621
vt 0.636723 0.514527
vt 0.666364 0.648503
vt 0.636754 0.632130
vt 0.634968 0.697642
vt 0.634901 0.754944
vt 0.633628 0.812864
vt 0.673932 0.904095
vt 0.504106 0.904805
vt 0.503911 0.924330
vt 0.447025 0.980567
vt 0.437418 0.970786
vt 0.629953 0.980567
vt 0.452075 1.010247
vt 0.431162 1.017491
vt 0.444492 0.996050
vt 0.469727 1.041448
vt 0.633294 1.041448
vt 0.416930 1.060284
vt 0.642666 1.060284
vt 0.642103 1.164964
vt 0.640842 0.424145
vt 0.659914 0.588356
vt 0.669158 0.417363
vt 0.673697 -0.023365
vt 0.633745 0.417873
vt 0.625290 0.417168
vt 0.630797 0.410850
vt 0.625707 0.409342
vt 0.635327 0.424795
vt 0.633745 0.405080
vt 0.612688 0.437737
vt 0.639534 0.438911
vt 0.635327 0.434395
vt 0.641183 0.547344
vt 0.653916 0.583972
vt 0.637885 0.665122
vt 0.644372 0.690138
vt 0.636952 0.730195
vt 0.641601 0.837487
vt 0.635798 0.870079
vt 0.621075 0.900440
vt 0.626933 0.904805
vt 0.631050 0.924330
vt 0.634578 0.915911
vt 0.472307 0.955881
vt 0.504681 0.950763
vt 0.456537 0.987861
vt 0.631858 1.010247
vt 0.467981 1.033010
vt 0.634399 1.053018
vt 0.461985 1.062581
vt 0.464147 1.053018
vt 0.648560 1.060319
vt 0.645617 0.618055
vt 0.642633 0.574521
vt 0.646156 -0.049456
vt 0.657972 -0.036977
vt 0.417873 0.405080
vt 0.434395 0.424795
vt 0.418918 0.415111
vt 0.410850 0.407082
vt 0.406998 0.420307
vt 0.646820 0.584408
vt 0.647761 0.611804
vt 0.645850 0.648955
vt 0.647372 0.675034
vt 0.644694 0.710018
vt 0.649443 0.729138
vt 0.644212 0.746155
vt 0.646141 0.772327
vt 0.646901 0.797054
vt 0.643309 0.884901
vt 0.621607 0.490809
vt 0.643309 0.480492
vt 0.626933 0.504106
vt 0.643665 0.952315
vt 0.638443 0.950763
vt 0.485538 1.002847
vt 0.475735 1.017006
vt 0.639267 1.039674
vt 0.633656 1.033010
vt 0.640707 1.017006
vt 0.427865 1.055427
vt 0.466318 1.039674
vt 0.648717 1.169332
vt 0.653273 0.471672
vt 0.648717 0.417480
vt 0.676939 -0.212644
vt 0.653311 -0.063130
vt 0.673355 0.054734
vt 0.668478 0.238863
vt 0.674914 0.304604
vt 0.413136 0.458036
vt 0.647719 0.446046
vt 0.433824 0.457341
vt 0.648420 0.458036
vt 0.441103 0.446046
vt 0.644143 0.476940
vt 0.412203 0.476940
vt 0.401260 0.489621
vt 0.405798 0.474075
vt 0.649066 0.507641
vt 0.672530 0.548463
vt 0.651373 0.546656
vt 0.675148 0.633975
vt 0.650409 0.820497
vt 0.649367 0.871404
vt 0.648793 0.504424
vt 0.648793 0.900714
vt 0.660375 0.905081
vt 0.645017 0.985782
vt 0.503166 0.985782
vt 0.645291 1.019876
vt 0.644720 1.002847
vt 0.473840 1.019876
vt 0.423605 1.019924
vt 0.674064 0.601591
vt 0.683306 -0.203113
vt 0.675319 0.007285
vt 0.672048 0.215990
vt 0.667231 0.364187
vt 0.668670 0.379067
vt 0.648420 0.413136
vt 0.647320 0.433824
vt 0.651034 0.425060
vt 0.441872 0.492359
vt 0.425060 0.458908
vt 0.425735 0.478199
vt 0.423171 0.493242
vt 0.411007 0.507641
vt 0.672319 0.567280
vt 0.656402 0.645484
vt 0.657752 0.759647
vt 0.654368 0.786322
vt 0.658198 0.805912
vt 0.656847 0.837449
vt 0.656560 0.851493
vt 0.649367 0.470720
vt 0.644720 0.485538
vt 0.645017 0.503166
vt 0.651032 0.497245
vt 0.650280 0.477274
vt 0.650280 1.008229
vt 0.477274 1.008229
vt 0.416564 1.021309
vt 0.653396 1.021309
vt 0.695319 1.100818
vt 0.670139 1.153916
vt 0.660681 1.165206
vt 0.660681 0.627777
vt 0.665983 0.547507
vt 0.678603 0.078118
vt 0.673196 0.152835
vt 0.674946 0.415966
vt 0.658515 0.489317
vt 0.651070 0.492359
vt 0.654917 0.510703
vt 0.432451 0.516462
vt 0.419630 0.511815
vt 0.446767 0.510703
vt 0.413238 0.539306
vt 0.402145 0.546656
vt 0.449434 0.541709
vt 0.431362 0.546149
vt 0.446319 0.537021
vt 0.406291 0.561397
vt 0.400317 0.592185
vt 0.657148 0.592185
vt 0.435053 0.578113
vt 0.449052 0.586367
vt 0.437673 0.588960
vt 0.427566 0.582760
vt 0.443995 0.592553
vt 0.655263 0.616783
vt 0.436285 0.632570
vt 0.450679 0.636771
vt 0.445188 0.645400
vt 0.657845 0.654002
vt 0.650952 0.645400
vt 0.656110 0.636771
vt 0.451708 0.654002
vt 0.446731 0.676082
vt 0.656878 0.686249
vt 0.415704 0.686249
vt 0.411626 0.710821
vt 0.406561 0.675034
vt 0.664361 0.710821
vt 0.660472 0.723863
vt 0.659471 0.739779
vt 0.659635 0.777935
vt 0.471485 0.860906
vt 0.470720 0.871404
vt 0.461250 0.851493
vt 0.503853 0.893139
vt 0.656299 0.503853
vt 0.656299 0.893139
vt 0.663359 0.960721
vt 0.659654 0.981192
vt 0.496806 0.986730
vt 0.497245 0.995942
vt 0.504578 0.981192
vt 0.651032 0.995942
vt 0.454462 0.977324
vt 0.666309 0.424691
vt 0.669158 -0.220684
vt 0.668161 -0.051427
vt 0.673486 0.277430
vt 0.654345 0.537021
vt 0.659202 0.541709
vt 0.425227 0.559341
vt 0.434772 0.551797
vt 0.426801 0.572364
vt 0.412734 0.604655
vt 0.670189 0.447807
vt 0.657729 0.449052
vt 0.657737 0.435053
vt 0.418187 0.597361
vt 0.670434 0.583009
vt 0.435381 0.602238
vt 0.406430 0.616783
vt 0.418552 0.623352
vt 0.666859 0.612989
vt 0.436568 0.624166
vt 0.427562 0.628012
vt 0.409721 0.642236
vt 0.400148 0.645484
vt 0.432531 0.660184
vt 0.452149 0.681605
vt 0.416461 0.673752
vt 0.664367 0.673752
vt 0.431523 0.699286
vt 0.451071 0.696371
vt 0.446199 0.706141
vt 0.657148 0.706141
vt 0.661870 0.696371
vt 0.663437 0.714647
vt 0.443783 0.775184
vt 0.424837 0.777935
vt 0.426462 0.759647
vt 0.666852 0.791774
vt 0.701964 0.822563
vt 0.650409 0.443602
vt 0.658198 0.431819
vt 0.667645 0.442951
vt 0.667645 0.812602
vt 0.669281 0.820189
vt 0.662277 0.840735
vt 0.449800 0.837449
vt 0.445723 0.840735
vt 0.662277 0.445723
vt 0.662657 0.461336
vt 0.656560 0.461250
vt 0.656705 0.471485
vt 0.662669 0.480705
vt 0.662998 0.894161
vt 0.662669 0.868558
vt 0.423244 0.983969
vt 0.415986 1.000424
vt 0.662876 1.000424
vt 0.683386 1.120504
vt 0.668165 0.516057
vt 0.670139 0.414202
vt 0.666277 0.618484
vt 0.675721 0.434350
vt 0.690193 -0.167745
vt 0.691472 -0.094631
vt 0.673779 -0.059098
vt 0.678598 0.117371
vt 0.441034 0.361535
vt 0.438155 0.379067
vt 0.436815 0.337798
vt 0.677208 0.439189
vt 0.659244 0.425227
vt 0.662528 0.434772
vt 0.674497 0.566852
vt 0.657965 0.572364
vt 0.659244 0.559341
vt 0.657737 0.578113
vt 0.679823 0.571883
vt 0.657965 0.426801
vt 0.674497 0.434834
vt 0.678412 0.595705
vt 0.655656 0.592553
vt 0.657729 0.586367
vt 0.678412 0.454905
vt 0.662183 0.435381
vt 0.655656 0.443995
vt 0.432752 0.612530
vt 0.423787 0.661936
vt 0.670999 0.634571
vt 0.667612 0.681605
vt 0.434135 0.682486
vt 0.663490 0.676082
vt 0.426704 0.721922
vt 0.446674 0.743483
vt 0.451954 0.714647
vt 0.418596 0.734642
vt 0.408093 0.723863
vt 0.668703 0.734642
vt 0.669223 0.755383
vt 0.673701 0.446567
vt 0.657752 0.426462
vt 0.669223 0.429895
vt 0.446567 0.763233
vt 0.431442 0.791774
vt 0.667078 0.843928
vt 0.480705 0.868558
vt 0.461336 0.855662
vt 0.479807 0.876352
vt 0.435758 0.904407
vt 0.440641 0.843928
vt 0.434883 0.880273
vt 0.503735 0.894161
vt 0.498204 0.906416
vt 0.503930 0.960191
vt 0.426010 0.958125
vt 0.507607 0.905081
vt 0.509254 0.960721
vt 0.670268 0.960191
vt 0.497305 0.967482
vt 0.416002 0.980036
vt 0.671096 0.980036
vt 0.677807 0.590231
vt 0.674064 -0.218364
vt 0.677110 -0.028280
vt 0.672402 0.150678
vt 0.671580 0.197453
vt 0.608549 0.180602
vt 0.608934 0.215990
vt 0.602688 0.197453
vt 0.440590 0.259894
vt 0.434928 0.150678
vt 0.441905 0.156608
vt 0.435310 0.260358
vt 0.673443 0.260358
vt 0.674563 0.327012
vt 0.673209 0.339613
vt 0.674067 0.386972
vt 0.670598 0.361535
vt 0.673491 0.379521
vt 0.675016 0.473424
vt 0.676208 0.511012
vt 0.674999 0.543042
vt 0.674999 0.451411
vt 0.659202 0.449434
vt 0.677208 0.555398
vt 0.680554 0.572714
vt 0.679823 0.442696
vt 0.681957 0.461322
vt 0.681957 0.585055
vt 0.666822 0.612530
vt 0.662183 0.602238
vt 0.675695 0.623456
vt 0.663913 0.624166
vt 0.681813 0.623644
vt 0.663913 0.436568
vt 0.675695 0.443695
vt 0.656110 0.450679
vt 0.672239 0.646534
vt 0.452979 0.634571
vt 0.458282 0.642634
vt 0.674826 0.642634
vt 0.674510 0.733837
vt 0.675250 0.735242
vt 0.454224 0.733837
vt 0.433107 0.748946
vt 0.429895 0.755383
vt 0.674993 0.805255
vt 0.668815 0.775184
vt 0.673701 0.763233
vt 0.446806 0.805255
vt 0.442951 0.812602
vt 0.674470 0.874670
vt 0.668208 0.880273
vt 0.673144 0.906781
vt 0.428432 0.906781
vt 0.422303 0.946667
vt 0.415986 0.958359
vt 0.682122 1.139523
vt 0.616784 1.155489
vt 0.516057 1.159595
vt 0.519494 1.146596
vt 0.424004 1.152714
vt 0.618484 1.164454
vt 0.625929 1.139523
vt 0.627777 1.165206
vt 0.547507 1.163095
vt 0.424691 1.163254
vt 0.414202 1.153916
vt 0.684110 -0.042214
vt 0.427761 0.007285
vt 0.428770 -0.028280
vt 0.433675 -0.017113
vt 0.429293 0.054734
vt 0.679883 0.049290
vt 0.680212 -0.017113
vt 0.680233 -0.020415
vt 0.679288 0.056530
vt 0.608259 0.056530
vt 0.604667 -0.017402
vt 0.607665 -0.020415
vt 0.680483 0.121349
vt 0.682965 0.124592
vt 0.435892 0.124592
vt 0.482774 0.144370
vt 0.477246 0.156508
vt 0.604084 0.121349
vt 0.608372 0.152835
vt 0.590423 0.167777
vt 0.500370 0.151025
vt 0.529609 0.173697
vt 0.500970 0.170210
vt 0.575637 0.198198
vt 0.545309 0.204151
vt 0.523258 0.212770
vt 0.474289 0.229634
vt 0.602304 0.225625
vt 0.681565 0.225625
vt 0.474993 0.285990
vt 0.524745 0.252625
vt 0.680776 0.254744
vt 0.435433 0.304604
vt 0.441734 0.305522
vt 0.675354 0.259894
vt 0.681817 0.305522
vt 0.608641 0.277430
vt 0.604717 0.327012
vt 0.602531 0.254744
vt 0.552591 0.318341
vt 0.583849 0.333267
vt 0.471277 0.319992
vt 0.441291 0.339613
vt 0.591593 0.388136
vt 0.603591 0.386972
vt 0.484298 0.340796
vt 0.465262 0.376923
vt 0.439374 0.379521
vt 0.446605 0.386695
vt 0.551158 0.393836
vt 0.562359 0.402722
vt 0.577590 0.420495
vt 0.444931 0.414602
vt 0.602369 0.425116
vt 0.439035 0.415966
vt 0.680068 0.425116
vt 0.450958 0.443498
vt 0.446698 0.473424
vt 0.475575 0.424323
vt 0.478812 0.459838
vt 0.459139 0.536254
vt 0.562352 0.477960
vt 0.577592 0.454932
vt 0.496684 0.481878
vt 0.451936 0.511012
vt 0.677253 0.556418
vt 0.595752 0.551283
vt 0.603149 0.556418
vt 0.534332 0.492089
vt 0.544136 0.513005
vt 0.518953 0.493526
vt 0.511634 0.510268
vt 0.539052 0.529382
vt 0.511947 0.525827
vt 0.451411 0.543042
vt 0.546256 0.550910
vt 0.524819 0.531679
vt 0.461019 0.544613
vt 0.498756 0.551590
vt 0.546301 0.557306
vt 0.678472 0.585424
vt 0.592077 0.585424
vt 0.601262 0.583009
vt 0.586542 0.594666
vt 0.688128 0.607775
vt 0.685476 0.594666
vt 0.604132 0.612989
vt 0.582580 0.607775
vt 0.688072 0.616777
vt 0.677522 0.461913
vt 0.670999 0.452979
vt 0.461913 0.635269
vt 0.602185 0.646534
vt 0.596751 0.646770
vt 0.595242 0.640173
vt 0.607242 0.633975
vt 0.547305 0.644539
vt 0.540306 0.638122
vt 0.459555 0.728970
vt 0.596646 0.725579
vt 0.603202 0.735242
vt 0.596429 0.732980
vt 0.470698 0.732781
vt 0.678415 0.728970
vt 0.687355 0.738997
vt 0.681450 0.750633
vt 0.451568 0.750633
vt 0.701479 0.754336
vt 0.673339 0.743483
vt 0.689385 1.119843
vt 0.417042 1.119843
vt 0.687120 0.581829
vt 0.688178 0.433583
vt 0.676939 0.413254
vt 0.683306 0.610884
vt 0.687951 0.601250
vt 0.687899 0.417515
vt 0.687899 -0.204754
vt 0.421482 -0.070995
vt 0.409628 -0.059098
vt 0.409999 -0.094631
vt 0.685711 -0.043432
vt 0.691421 -0.070995
vt 0.602323 -0.041691
vt 0.609538 -0.043432
vt 0.424145 -0.042214
vt 0.437333 -0.035358
vt 0.550830 -0.041324
vt 0.688113 -0.035358
vt 0.513016 0.009766
vt 0.434927 0.049290
vt 0.482662 0.067504
vt 0.602043 0.086353
vt 0.434907 0.078499
vt 0.428792 0.078118
vt 0.430080 0.117371
vt 0.516118 0.388598
vt 0.680434 0.516118
vt 0.679705 0.551158
vt 0.685710 0.527506
vt 0.503496 0.399163
vt 0.527506 0.394766
vt 0.681117 0.486701
vt 0.685070 0.503496
vt 0.486701 0.404636
vt 0.680375 0.562359
vt 0.685483 0.554236
vt 0.554236 0.401090
vt 0.481015 0.421739
vt 0.573130 0.427286
vt 0.526982 0.411895
vt 0.543867 0.415410
vt 0.540549 0.419259
vt 0.508152 0.422002
vt 0.685757 0.526982
vt 0.681203 0.508152
vt 0.685456 0.505942
vt 0.685864 0.421739
vt 0.680622 0.424323
vt 0.681117 0.404636
vt 0.554431 0.429614
vt 0.507279 0.450600
vt 0.685628 0.433187
vt 0.685456 0.419356
vt 0.681203 0.422002
vt 0.541636 0.451792
vt 0.498509 0.433187
vt 0.573013 0.447686
vt 0.500193 0.448253
vt 0.549333 0.451752
vt 0.685004 0.457537
vt 0.679797 0.459838
vt 0.560396 0.472749
vt 0.535165 0.459878
vt 0.515130 0.460882
vt 0.685338 0.500193
vt 0.680133 0.507279
vt 0.684304 0.515130
vt 0.679377 0.477960
vt 0.685747 0.472749
vt 0.680307 0.454932
vt 0.483062 0.457537
vt 0.503614 0.481118
vt 0.685747 0.560396
vt 0.679377 0.562352
vt 0.685951 0.535398
vt 0.679702 0.534332
vt 0.685500 0.523558
vt 0.679935 0.518953
vt 0.685529 0.503614
vt 0.678898 0.496684
vt 0.685951 0.487097
vt 0.679702 0.492089
vt 0.685890 0.495873
vt 0.685500 0.491914
vt 0.678815 0.510268
vt 0.679935 0.493526
vt 0.684919 0.513579
vt 0.686287 0.508354
vt 0.678918 0.513005
vt 0.690981 0.515753
vt 0.678834 0.529382
vt 0.690824 0.521917
vt 0.678702 0.525827
vt 0.690824 0.534271
vt 0.678834 0.539052
vt 0.679615 0.524819
vt 0.690981 0.515084
vt 0.678702 0.511947
vt 0.680500 0.498756
vt 0.693153 0.477690
vt 0.679901 0.461019
vt 0.452424 0.555373
vt 0.477690 0.554444
vt 0.688394 0.452424
vt 0.688195 0.579661
vt 0.681020 0.546301
vt 0.678508 0.595752
vt 0.579661 0.560244
vt 0.439189 0.555398
vt 0.434834 0.566852
vt 0.454210 0.566397
vt 0.600173 0.572714
vt 0.587039 0.570813
vt 0.442696 0.571883
vt 0.574593 0.586292
vt 0.461322 0.585055
vt 0.473718 0.591997
vt 0.454905 0.595705
vt 0.462711 0.602331
vt 0.691396 0.602331
vt 0.454268 0.616777
vt 0.468160 0.631139
vt 0.443695 0.623456
vt 0.595612 0.631106
vt 0.600952 0.623644
vt 0.687784 0.468160
vt 0.680341 0.595242
vt 0.678218 0.540306
vt 0.691520 0.517759
vt 0.458599 0.738997
vt 0.676048 0.958359
vt 0.705780 1.083187
vt 0.528663 1.127535
vt 0.423995 1.124162
vt 0.564492 -0.208264
vt 0.581829 -0.215600
vt 0.601250 -0.205792
vt 0.433583 -0.215846
vt 0.430592 -0.209200
vt 0.417515 -0.204754
vt 0.602447 -0.190422
vt 0.610884 -0.203113
vt 0.610093 -0.168001
vt 0.693008 -0.168001
vt 0.693396 -0.093761
vt 0.608034 -0.093761
vt 0.461106 -0.104279
vt 0.695155 0.546634
vt 0.698631 0.515621
vt 0.696101 0.567870
vt 0.685070 0.399163
vt 0.699212 0.404917
vt 0.685297 0.427286
vt 0.695720 0.429316
vt 0.696101 0.409163
vt 0.685483 0.401090
vt 0.701549 0.511163
vt 0.696344 0.421645
vt 0.702280 0.422521
vt 0.685041 0.429614
vt 0.685370 0.415410
vt 0.701674 0.427250
vt 0.695062 0.443002
vt 0.684701 0.447686
vt 0.695883 0.452986
vt 0.702162 0.437236
vt 0.685571 0.451752
vt 0.696522 0.538334
vt 0.683826 0.535165
vt 0.685571 0.549333
vt 0.696346 0.506643
vt 0.695516 0.460169
vt 0.695318 0.471721
vt 0.700463 0.516477
vt 0.694981 0.478100
vt 0.685529 0.481118
vt 0.694939 0.551127
vt 0.695318 0.562885
vt 0.698664 0.539401
vt 0.695607 0.516574
vt 0.694981 0.497998
vt 0.698664 0.488619
vt 0.704548 0.493232
vt 0.695607 0.491942
vt 0.694217 0.524032
vt 0.692352 0.554966
vt 0.697653 0.506841
vt 0.481491 0.586432
vt 0.571182 0.598266
vt 0.586944 0.622724
vt 0.470080 0.617613
vt 0.567236 0.633156
vt 0.690672 0.567236
vt 0.680557 0.596429
vt 0.675250 0.603202
vt 0.701479 0.602176
vt 0.680526 0.470698
vt 0.703285 0.596530
vt 0.702094 0.754687
vt 0.702773 0.807424
vt 0.674785 0.946667
vt 0.699242 1.105586
vt 0.418080 -0.167291
vt 0.509215 -0.163857
vt 0.602922 -0.161234
vt 0.412539 -0.167745
vt 0.602730 -0.128116
vt 0.411265 -0.118112
vt 0.417145 -0.096407
vt 0.699212 0.489015
vt 0.685370 0.543867
vt 0.701489 0.530994
vt 0.702280 0.551173
vt 0.701549 0.415815
vt 0.701189 0.438870
vt 0.685338 0.448253
vt 0.702086 0.449911
vt 0.696346 0.455583
vt 0.702086 0.552794
vt 0.708368 0.525971
vt 0.495209 0.565451
vt 0.524967 0.570674
vt 0.705744 0.524967
vt 0.564805 0.577552
vt 0.492351 0.577431
vt 0.546981 0.589448
vt 0.514629 0.587113
vt 0.694765 0.546981
vt 0.690620 0.473718
vt 0.697217 0.514629
vt 0.527680 0.601640
vt 0.485676 0.601457
vt 0.564090 0.614267
vt 0.551775 0.626702
vt 0.499383 0.626178
vt 0.517759 0.634700
vt 0.699649 0.499383
vt 0.704046 0.459407
vt 0.702094 0.452613
vt 0.687355 0.458599
vt 0.708473 0.847382
vt 0.737503 0.964108
vt 0.735955 0.957222
vt 0.725920 1.022013
vt 0.706088 0.531518
vt 0.703349 0.563629
vt 0.703715 0.416674
vt 0.703034 0.432426
vt 0.703349 0.405964
vt 0.703984 0.441446
vt 0.703802 0.459764
vt 0.703849 0.453704
vt 0.538334 0.461621
vt 0.552794 0.449911
vt 0.546811 0.462397
vt 0.703457 0.466336
vt 0.703130 0.546811
vt 0.706008 0.539445
vt 0.516477 0.462891
vt 0.512692 0.469670
vt 0.506643 0.455583
vt 0.704311 0.469670
vt 0.566398 0.459764
vt 0.562885 0.471721
vt 0.546356 0.474972
vt 0.551127 0.481958
vt 0.539401 0.488619
vt 0.703457 0.492750
vt 0.703225 0.509971
vt 0.703225 0.479958
vt 0.708595 0.487670
vt 0.705174 0.507343
vt 0.534271 0.521917
vt 0.524032 0.521977
vt 0.524668 0.508898
vt 0.533817 0.507343
vt 0.515084 0.515753
vt 0.704306 0.513449
vt 0.506841 0.555854
vt 0.513449 0.563082
vt 0.554966 0.561444
vt 0.520771 0.579548
vt 0.705192 0.520771
vt 0.503439 0.615889
vt 0.680557 0.732980
vt 0.703285 0.749206
vt 0.713807 0.888834
vt 0.712938 0.901809
vt 0.718629 0.944165
vt 0.424464 1.093318
vt 0.415409 1.083187
vt 0.618151 1.084797
vt 0.626155 1.105586
vt 0.710262 0.546458
vt 0.710541 0.509282
vt 0.490461 0.414626
vt 0.489015 0.404917
vt 0.509282 0.402367
vt 0.567561 0.423730
vt 0.546458 0.402603
vt 0.563629 0.405964
vt 0.709194 0.513749
vt 0.709238 0.539445
vt 0.511163 0.415815
vt 0.513749 0.407477
vt 0.530994 0.411375
vt 0.482761 0.416674
vt 0.539445 0.407461
vt 0.560209 0.421307
vt 0.551173 0.422521
vt 0.709257 0.494075
vt 0.709086 0.423730
vt 0.500234 0.427250
vt 0.494075 0.422701
vt 0.479290 0.441446
vt 0.486155 0.445145
vt 0.555827 0.437236
vt 0.709257 0.422701
vt 0.706718 0.455911
vt 0.493746 0.455911
vt 0.564134 0.450202
vt 0.575408 0.432426
vt 0.497847 0.438870
vt 0.500413 0.453704
vt 0.492750 0.466336
vt 0.706008 0.468887
vt 0.713791 0.465356
vt 0.696522 0.461621
vt 0.713791 0.533395
vt 0.715401 0.521108
vt 0.539445 0.468887
vt 0.700463 0.462891
vt 0.715401 0.466518
vt 0.509971 0.479958
vt 0.516540 0.487670
vt 0.706831 0.508898
vt 0.716188 0.490234
vt 0.708819 0.756234
vt 0.459407 0.749222
vt 0.596530 0.749206
vt 0.596814 0.756234
vt 0.458748 0.756015
vt 0.452613 0.754687
vt 0.522993 0.761636
vt 0.710802 0.792305
vt 0.709151 0.756015
vt 0.710014 0.801278
vt 0.710731 0.818384
vt 0.710549 0.821271
vt 0.712547 0.865466
vt 0.723608 1.023120
vt 0.523577 1.068995
vt 0.531518 0.391837
vt 0.718405 0.527126
vt 0.715071 0.484929
vt 0.523801 0.490234
vt 0.533646 0.484929
vt 0.456974 0.803413
vt 0.451363 0.792305
vt 0.603807 0.801278
vt 0.596496 0.806728
vt 0.518051 0.806666
vt 0.602469 0.821271
vt 0.509145 0.819594
vt 0.448192 0.818384
vt 0.602415 0.861512
vt 0.442302 0.862885
vt 0.438912 0.847382
vt 0.609139 0.865466
vt 0.431708 0.888834
vt 0.718355 1.058393
vt 0.716865 1.067113
vt 0.627504 1.067113
vt 0.424785 1.065086
vt 0.416839 1.058393
vt 0.527126 0.467170
vt 0.533395 0.465356
vt 0.521108 0.466518
vt 0.526867 0.915043
vt 0.610157 0.933419
vt 0.434575 0.913714
vt 0.614656 0.901809
vt 0.427668 0.940034
vt 0.722906 0.939897
vt 0.614053 0.939897
vt 0.723478 0.940034
vt 0.618451 1.060637
vt 0.482610 0.939841
vt 0.722906 0.614053
vt 0.713338 0.618942
vt 0.736086 0.618705
vt 0.579802 0.943900
vt 0.723478 0.427668
vt 0.722547 0.482610
vt 0.726308 0.579802
vt 0.430672 0.945269
vt 0.727547 0.945269
vt 0.736086 0.949623
vt 0.424386 1.014631
vt 0.415984 1.022013
vt 0.729222 1.022734
vt 0.619476 1.030849
vt 0.626216 1.022734
vt 0.519176 1.021347
vt 0.738029 0.424514
vt 0.727547 0.430672
vt 0.718629 0.422196
vt 0.735955 0.416991
vt 0.736402 0.993685
vt 0.735083 0.992232
vt 0.417557 0.992232
vt 0.620710 0.979442
vt 0.741992 0.586804
vt 0.627281 0.993685
vt 0.744705 0.959263
vt 0.586804 0.955909
vt 0.618705 0.949623
vt 0.620097 0.959263
vt 0.424610 0.958341
vt 0.424514 0.951707
vt 0.416991 0.957222
vt 0.746566 0.966309
vt 0.423908 0.966057
vt 0.745787 0.966057
vt 0.623195 0.966309
vt 0.434213 0.976740
vt 0.505971 0.966352
s 0
f 1/1/1 3/2/1 2/3/1
f 2/3/2 3/2/2 4/4/2
f 5/5/3 1/1/3 2/3/3
f 4/4/4 6/6/4 2/3/4
f 7/7/5 6/6/5 4/4/5
f 8/8/6 5/5/6 2/3/6
f 6/6/7 8/8/7 2/3/7
f 12/9/8 9/10/8 1/11/8
f 1/1/9 9/12/9 10/13/9
f 3/2/10 1/1/10 10/13/10
f 11/14/11 3/2/11 10/13/11
f 4/4/12 3/2/12 11/14/12
f 11/14/13 17/15/13 4/4/13
f 4/16/14 17/17/14 7/18/14
f 12/19/15 1/20/15 5/21/15
f 17/17/16 13/22/16 7/18/16
f 6/6/17 14/23/17 8/8/17
f 15/24/18 14/23/18 6/6/18
f 7/7/19 15/24/19 6/6/19
f 13/25/20 15/24/20 7/7/20
f 10/26/21 9/10/21 20/27/21
f 10/26/22 20/27/22 16/28/22
f 11/29/23 10/26/23 16/28/23
f 5/5/24 8/8/24 18/30/24
f 15/24/25 13/25/25 19/31/25
f 9/10/26 12/9/26 44/32/26
f 44/32/27 20/27/27 9/10/27
f 16/28/28 28/33/28 11/29/28
f 28/33/29 17/34/29 11/29/29
f 12/19/30 5/21/30 29/35/30
f 29/35/31 5/21/31 21/36/31
f 17/17/32 22/37/32 13/22/32
f 13/22/33 22/37/33 19/38/33
f 5/21/34 18/39/34 21/36/34
f 8/8/35 23/40/35 18/30/35
f 24/41/36 14/23/36 15/24/36
f 19/31/37 25/42/37 15/24/37
f 25/42/38 24/41/38 15/24/38
f 14/23/39 23/40/39 8/8/39
f 27/43/40 41/44/40 42/45/40
f 27/43/41 26/46/41 41/44/41
f 27/43/42 44/47/42 26/46/42
f 44/32/43 12/9/43 43/48/43
f 27/43/44 20/49/44 44/47/44
f 16/50/45 20/49/45 27/43/45
f 16/51/46 27/52/46 28/53/46
f 19/38/47 22/37/47 25/54/47
f 30/55/48 21/36/48 18/39/48
f 18/30/49 23/40/49 30/56/49
f 25/42/50 32/57/50 24/41/50
f 31/58/51 23/40/51 14/23/51
f 24/41/52 31/58/52 14/23/52
f 33/59/53 36/60/53 35/61/53
f 34/62/54 36/60/54 33/59/54
f 73/63/55 38/64/55 72/65/55
f 40/66/56 42/45/56 38/64/56
f 41/44/57 39/67/57 37/68/57
f 72/65/58 41/44/58 37/68/58
f 38/64/59 41/44/59 72/65/59
f 42/45/60 41/44/60 38/64/60
f 27/43/61 42/45/61 40/66/61
f 27/52/62 40/69/62 28/53/62
f 44/70/63 43/71/63 76/72/63
f 39/67/64 26/46/64 76/73/64
f 26/46/65 44/47/65 76/73/65
f 26/46/66 39/67/66 41/44/66
f 43/71/67 12/19/67 45/74/67
f 12/19/68 29/35/68 45/74/68
f 30/56/69 23/40/69 46/75/69
f 31/58/70 46/75/70 23/40/70
f 47/76/71 31/58/71 24/41/71
f 47/76/72 24/41/72 32/57/72
f 84/77/73 49/78/73 48/79/73
f 51/80/74 50/81/74 48/79/74
f 49/78/75 52/82/75 48/79/75
f 52/82/76 51/80/76 48/79/76
f 51/80/77 53/83/77 50/81/77
f 49/78/78 54/84/78 52/82/78
f 52/82/79 54/84/79 55/85/79
f 53/83/80 96/86/80 50/81/80
f 34/87/81 33/88/81 56/89/81
f 33/90/82 35/91/82 57/92/82
f 58/93/83 59/94/83 36/95/83
f 58/93/84 36/95/84 34/96/84
f 36/60/85 60/97/85 35/61/85
f 36/60/86 61/98/86 60/97/86
f 61/99/87 36/95/87 59/94/87
f 64/100/88 68/101/88 63/102/88
f 63/102/89 68/101/89 62/103/89
f 69/104/90 68/101/90 64/100/90
f 65/105/91 69/104/91 64/100/91
f 62/103/92 67/106/92 66/107/92
f 62/103/93 68/101/93 67/106/93
f 70/108/94 69/104/94 65/105/94
f 67/106/95 71/109/95 66/107/95
f 68/101/96 71/109/96 67/106/96
f 69/104/97 72/65/97 68/101/97
f 73/63/98 69/104/98 70/108/98
f 72/65/99 71/109/99 68/101/99
f 69/104/100 73/63/100 72/65/100
f 37/68/101 74/110/101 71/109/101
f 75/111/102 73/63/102 70/108/102
f 72/65/103 37/68/103 71/109/103
f 38/64/104 73/63/104 75/111/104
f 39/112/105 76/72/105 74/113/105
f 74/110/106 37/68/106 39/67/106
f 75/111/107 40/66/107 38/64/107
f 75/114/108 77/115/108 40/69/108
f 40/69/109 77/115/109 28/53/109
f 28/53/110 78/116/110 17/17/110
f 22/37/111 79/117/111 25/54/111
f 25/54/112 79/117/112 32/118/112
f 46/119/113 80/120/113 30/55/113
f 31/58/114 47/76/114 81/121/114
f 47/76/115 32/57/115 82/122/115
f 31/58/116 81/121/116 46/75/116
f 83/123/117 46/75/117 81/121/117
f 86/124/118 84/125/118 48/126/118
f 85/127/119 49/128/119 84/125/119
f 48/79/120 50/81/120 86/129/120
f 49/128/121 85/127/121 87/130/121
f 86/131/122 50/132/122 88/133/122
f 53/134/123 51/135/123 89/136/123
f 51/135/124 90/137/124 89/136/124
f 52/138/125 90/137/125 51/135/125
f 91/139/126 90/140/126 52/82/126
f 52/138/127 55/141/127 91/142/127
f 49/78/128 87/143/128 54/84/128
f 54/84/129 87/143/129 92/144/129
f 89/145/130 93/146/130 53/83/130
f 55/85/131 94/147/131 91/139/131
f 88/133/132 50/132/132 95/148/132
f 50/81/133 96/86/133 95/149/133
f 96/150/134 53/151/134 93/152/134
f 96/86/135 93/146/135 97/153/135
f 98/154/136 94/155/136 55/156/136
f 92/144/137 99/157/137 54/84/137
f 55/85/138 100/158/138 98/159/138
f 54/84/139 100/158/139 55/85/139
f 99/157/140 100/158/140 54/84/140
f 101/160/141 95/149/141 96/86/141
f 96/86/142 97/153/142 102/161/142
f 107/162/143 98/159/143 103/163/143
f 100/158/144 103/163/144 98/159/144
f 102/161/145 104/164/145 96/86/145
f 105/165/146 100/158/146 99/157/146
f 104/164/147 101/160/147 96/86/147
f 33/88/148 106/166/148 56/89/148
f 34/87/149 56/89/149 107/167/149
f 100/158/150 105/165/150 103/163/150
f 106/168/151 57/169/151 102/161/151
f 57/169/152 104/164/152 102/161/152
f 57/92/153 106/170/153 33/90/153
f 34/96/154 107/171/154 58/93/154
f 103/163/155 58/172/155 107/162/155
f 103/163/156 105/165/156 58/172/156
f 105/165/157 59/173/157 58/172/157
f 57/92/158 35/91/158 109/174/158
f 110/175/159 59/94/159 108/176/159
f 59/94/160 110/175/160 61/99/160
f 35/61/161 60/97/161 109/177/161
f 113/178/162 111/179/162 62/180/162
f 63/102/163 62/103/163 111/181/163
f 112/182/164 63/102/164 111/181/164
f 64/100/165 63/102/165 112/182/165
f 112/182/166 149/183/166 64/100/166
f 64/184/167 149/185/167 65/186/167
f 114/187/168 113/178/168 66/188/168
f 113/178/169 62/180/169 66/188/169
f 66/188/170 71/189/170 114/187/170
f 71/189/171 74/113/171 114/187/171
f 74/113/172 76/72/172 114/187/172
f 21/36/173 30/55/173 80/120/173
f 32/118/174 79/117/174 82/190/174
f 115/191/175 80/120/175 46/119/175
f 46/119/176 116/192/176 115/191/176
f 116/193/177 46/75/177 83/123/177
f 119/194/178 117/195/178 158/196/178
f 118/197/179 119/194/179 158/196/179
f 118/197/180 120/198/180 119/194/180
f 117/195/181 122/199/181 161/200/181
f 119/194/182 122/199/182 117/195/182
f 120/198/183 122/199/183 119/194/183
f 122/199/184 123/201/184 161/200/184
f 120/198/185 123/201/185 122/199/185
f 125/202/186 120/198/186 121/203/186
f 123/201/187 124/204/187 161/200/187
f 125/202/188 123/201/188 120/198/188
f 126/205/189 125/202/189 121/203/189
f 166/206/190 125/202/190 126/205/190
f 86/124/191 129/207/191 127/208/191
f 84/125/192 86/124/192 127/208/192
f 84/125/193 127/208/193 128/209/193
f 85/127/194 84/125/194 128/209/194
f 85/127/195 128/209/195 87/130/195
f 129/210/196 86/131/196 88/133/196
f 130/211/197 92/212/197 87/213/197
f 93/152/198 131/214/198 97/215/198
f 92/212/199 130/211/199 99/216/199
f 131/214/200 102/217/200 97/215/200
f 130/211/201 132/218/201 99/216/201
f 133/219/202 95/148/202 101/220/202
f 134/221/203 98/154/203 107/171/203
f 99/216/204 132/218/204 105/222/204
f 101/220/205 135/223/205 133/219/205
f 106/166/206 179/224/206 56/89/206
f 105/222/207 132/218/207 136/225/207
f 135/226/208 101/160/208 104/164/208
f 104/227/209 57/228/209 135/229/209
f 136/230/210 59/231/210 105/232/210
f 57/169/211 137/233/211 135/226/211
f 136/230/212 108/234/212 59/231/212
f 137/235/213 57/92/213 109/174/213
f 137/235/214 109/174/214 138/236/214
f 61/99/215 110/175/215 139/237/215
f 60/238/216 140/239/216 109/240/216
f 60/97/217 61/98/217 140/241/217
f 183/242/218 184/243/218 142/244/218
f 141/245/219 142/244/219 184/243/219
f 143/246/220 142/244/220 141/245/220
f 183/242/221 142/244/221 144/247/221
f 143/246/222 144/247/222 142/244/222
f 143/246/223 145/248/223 144/247/223
f 146/249/224 189/250/224 147/251/224
f 148/252/225 195/253/225 146/249/225
f 147/251/226 148/252/226 146/249/226
f 111/179/227 113/178/227 200/254/227
f 112/255/228 111/256/228 200/257/228
f 112/255/229 249/258/229 355/259/229
f 355/259/230 149/260/230 112/255/230
f 149/185/231 150/261/231 65/186/231
f 113/178/232 114/187/232 201/262/232
f 114/187/233 76/72/233 151/263/233
f 76/72/234 43/71/234 151/263/234
f 28/53/235 77/115/235 152/264/235
f 28/53/236 152/264/236 78/116/236
f 81/121/237 47/76/237 154/265/237
f 156/266/238 158/196/238 155/267/238
f 118/197/239 158/196/239 156/266/239
f 155/267/240 117/195/240 157/268/240
f 158/196/241 117/195/241 155/267/241
f 162/269/242 157/270/242 161/271/242
f 117/195/243 161/200/243 157/268/243
f 120/198/244 118/197/244 159/272/244
f 120/273/245 159/274/245 160/275/245
f 160/275/246 163/276/246 120/273/246
f 120/277/247 163/278/247 121/279/247
f 162/269/248 161/271/248 164/280/248
f 161/271/249 124/281/249 164/280/249
f 163/276/250 126/282/250 121/283/250
f 166/206/251 126/205/251 165/284/251
f 168/285/252 123/201/252 125/202/252
f 167/286/253 164/280/253 124/281/253
f 123/201/254 167/287/254 124/204/254
f 166/206/255 168/285/255 125/202/255
f 123/201/256 168/285/256 167/287/256
f 166/206/257 169/288/257 168/285/257
f 170/289/258 166/206/258 165/284/258
f 170/289/259 169/288/259 166/206/259
f 169/288/260 171/290/260 168/285/260
f 87/130/261 128/209/261 172/291/261
f 87/130/262 172/291/262 173/292/262
f 173/293/263 130/211/263 87/213/263
f 89/136/264 90/137/264 174/294/264
f 90/137/265 175/295/265 174/294/265
f 176/296/266 93/297/266 89/136/266
f 90/137/267 91/142/267 175/295/267
f 176/298/268 131/214/268 93/152/268
f 91/299/269 94/155/269 177/300/269
f 94/155/270 98/154/270 177/300/270
f 131/214/271 178/301/271 102/217/271
f 102/302/272 179/224/272 106/166/272
f 107/167/273 56/89/273 180/303/273
f 180/304/274 134/221/274 107/171/274
f 137/235/275 138/236/275 181/305/275
f 183/242/276 239/306/276 184/243/276
f 182/307/277 141/308/277 184/309/277
f 182/307/278 185/310/278 141/308/278
f 143/246/279 141/245/279 185/311/279
f 243/312/280 241/313/280 183/242/280
f 183/242/281 186/314/281 243/312/281
f 186/314/282 183/242/282 144/247/282
f 143/246/283 185/311/283 187/315/283
f 187/315/284 145/248/284 143/246/284
f 188/316/285 245/317/285 243/312/285
f 186/314/286 188/316/286 243/312/286
f 189/250/287 188/316/287 186/314/287
f 189/250/288 186/314/288 144/247/288
f 190/318/289 189/250/289 144/247/289
f 145/248/290 190/318/290 144/247/290
f 246/319/291 245/317/291 188/316/291
f 192/320/292 189/250/292 191/321/292
f 246/319/293 188/316/293 146/249/293
f 189/250/294 146/249/294 188/316/294
f 147/251/295 189/250/295 192/320/295
f 192/320/296 193/322/296 147/251/296
f 195/253/297 194/323/297 146/249/297
f 196/324/298 147/251/298 193/322/298
f 196/324/299 148/252/299 147/251/299
f 195/253/300 197/325/300 194/323/300
f 198/326/301 197/325/301 195/253/301
f 148/252/302 199/327/302 195/253/302
f 199/327/303 198/326/303 195/253/303
f 196/324/304 199/327/304 148/252/304
f 113/178/305 201/262/305 356/328/305
f 201/262/306 114/187/306 251/329/306
f 65/186/307 252/330/307 70/331/307
f 70/331/308 202/332/308 75/114/308
f 202/332/309 77/115/309 75/114/309
f 43/71/310 45/74/310 153/333/310
f 17/17/311 78/116/311 22/37/311
f 80/120/312 115/191/312 203/334/312
f 82/190/313 79/117/313 204/335/313
f 83/123/314 81/121/314 205/336/314
f 82/122/315 204/337/315 47/76/315
f 204/337/316 154/265/316 47/76/316
f 155/338/317 206/339/317 207/340/317
f 156/341/318 155/338/318 207/340/318
f 156/341/319 207/340/319 208/342/319
f 206/339/320 157/343/320 209/344/320
f 155/267/321 157/268/321 206/345/321
f 156/266/322 208/346/322 118/197/322
f 118/197/323 208/346/323 159/272/323
f 208/347/324 210/348/324 159/274/324
f 159/274/325 210/348/325 160/275/325
f 157/270/326 162/269/326 209/349/326
f 211/350/327 164/280/327 167/286/327
f 167/287/328 168/285/328 211/351/328
f 171/290/329 169/288/329 212/352/329
f 169/288/330 170/289/330 212/352/330
f 168/285/331 213/353/331 211/351/331
f 171/290/332 213/353/332 168/285/332
f 214/354/333 171/290/333 212/352/333
f 214/354/334 213/353/334 171/290/334
f 214/354/335 215/355/335 213/353/335
f 258/356/336 217/357/336 213/353/336
f 219/358/337 217/357/337 258/356/337
f 213/353/338 217/357/338 216/359/338
f 219/358/339 260/360/339 218/361/339
f 217/357/340 220/362/340 216/359/340
f 219/358/341 222/363/341 217/357/341
f 218/361/342 223/364/342 219/358/342
f 221/365/343 223/364/343 218/361/343
f 223/364/344 265/366/344 219/358/344
f 224/367/345 223/364/345 221/365/345
f 127/208/346 225/368/346 128/209/346
f 225/368/347 172/291/347 128/209/347
f 226/369/348 225/368/348 129/207/348
f 127/208/349 129/207/349 225/368/349
f 226/369/350 129/207/350 227/370/350
f 129/210/351 88/133/351 227/371/351
f 89/136/352 174/294/352 176/296/352
f 88/133/353 95/148/353 228/372/353
f 88/133/354 228/372/354 227/371/354
f 91/299/355 177/300/355 175/373/355
f 173/293/356 229/374/356 130/211/356
f 98/154/357 230/375/357 177/300/357
f 130/211/358 229/374/358 132/218/358
f 228/372/359 95/148/359 133/219/359
f 134/221/360 230/375/360 98/154/360
f 231/376/361 228/372/361 133/219/361
f 178/377/362 179/224/362 102/302/362
f 230/378/363 134/379/363 180/303/363
f 56/89/364 179/224/364 180/303/364
f 132/218/365 229/374/365 232/380/365
f 231/376/366 133/219/366 135/223/366
f 132/218/367 232/380/367 136/225/367
f 233/381/368 231/382/368 135/229/368
f 137/383/369 233/381/369 135/229/369
f 232/384/370 234/385/370 136/230/370
f 234/385/371 108/234/371 136/230/371
f 233/386/372 137/235/372 181/305/372
f 108/176/373 234/387/373 110/175/373
f 139/237/374 110/175/374 234/387/374
f 138/388/375 109/177/375 181/389/375
f 181/305/376 109/174/376 235/390/376
f 236/391/377 235/390/377 109/174/377
f 61/392/378 237/393/378 140/239/378
f 61/99/379 139/237/379 237/394/379
f 140/239/380 236/395/380 109/240/380
f 237/393/381 236/395/381 140/239/381
f 239/396/382 240/397/382 184/309/382
f 184/309/383 240/397/383 182/307/383
f 239/306/384 183/242/384 238/398/384
f 185/310/385 182/307/385 341/399/385
f 241/313/386 238/398/386 183/242/386
f 304/400/387 242/401/387 185/310/387
f 242/402/388 244/403/388 185/311/388
f 244/403/389 187/315/389 185/311/389
f 308/404/390 245/317/390 246/319/390
f 190/318/391 191/321/391 189/250/391
f 145/248/392 191/321/392 190/318/392
f 187/315/393 191/321/393 145/248/393
f 246/319/394 146/249/394 308/404/394
f 146/249/395 247/405/395 308/404/395
f 247/405/396 146/249/396 194/323/396
f 194/323/397 197/325/397 248/406/397
f 113/407/398 356/408/398 200/257/398
f 249/258/399 112/255/399 200/257/399
f 355/409/400 250/410/400 149/185/400
f 250/410/401 150/261/401 149/185/401
f 150/261/402 252/330/402 65/186/402
f 116/192/403 203/334/403 115/191/403
f 154/265/404 205/336/404 81/121/404
f 254/411/405 165/412/405 126/282/405
f 170/413/406 165/412/406 255/414/406
f 164/280/407 211/350/407 256/415/407
f 212/416/408 257/417/408 214/418/408
f 214/354/409 258/356/409 215/355/409
f 257/419/410 259/420/410 214/354/410
f 258/356/411 213/353/411 215/355/411
f 259/420/412 260/360/412 214/354/412
f 214/354/413 219/358/413 258/356/413
f 213/353/414 216/359/414 211/351/414
f 259/420/415 261/421/415 260/360/415
f 260/360/416 219/358/416 214/354/416
f 262/422/417 256/415/417 211/350/417
f 260/360/418 261/421/418 263/423/418
f 260/424/419 263/425/419 218/426/419
f 216/427/420 220/428/420 211/350/420
f 211/350/421 220/428/421 262/422/421
f 218/426/422 263/425/422 221/429/422
f 217/357/423 222/363/423 220/362/423
f 222/363/424 219/358/424 265/366/424
f 264/430/425 262/431/425 220/362/425
f 266/432/426 221/429/426 263/425/426
f 222/363/427 264/430/427 220/362/427
f 224/433/428 221/429/428 266/432/428
f 223/364/429 222/363/429 265/366/429
f 222/363/430 267/434/430 264/430/430
f 223/364/431 271/435/431 222/363/431
f 268/436/432 223/364/432 224/367/432
f 268/437/433 224/433/433 266/432/433
f 222/363/434 271/435/434 267/434/434
f 269/438/435 271/435/435 223/364/435
f 268/436/436 270/439/436 223/364/436
f 270/439/437 269/438/437 223/364/437
f 269/438/438 273/440/438 271/435/438
f 269/438/439 275/441/439 273/440/439
f 272/442/440 276/443/440 274/444/440
f 271/435/441 273/440/441 272/442/441
f 273/440/442 276/443/442 272/442/442
f 277/445/443 274/444/443 276/443/443
f 275/441/444 278/446/444 273/440/444
f 280/447/445 276/443/445 273/440/445
f 279/448/446 278/446/446 275/441/446
f 281/449/447 277/445/447 276/443/447
f 282/450/448 280/447/448 273/440/448
f 278/446/449 282/450/449 273/440/449
f 280/447/450 281/449/450 276/443/450
f 283/451/451 279/452/451 330/453/451
f 279/448/452 283/454/452 278/446/452
f 283/454/453 284/455/453 278/446/453
f 280/447/454 333/456/454 281/449/454
f 284/455/455 282/450/455 278/446/455
f 280/447/456 285/457/456 333/456/456
f 282/450/457 285/457/457 280/447/457
f 282/458/458 225/368/458 285/459/458
f 225/460/459 226/461/459 285/457/459
f 282/450/460 172/462/460 225/460/460
f 172/462/461 282/450/461 173/463/461
f 284/455/462 286/464/462 282/450/462
f 227/370/463 288/465/463 226/369/463
f 226/461/464 288/466/464 285/457/464
f 286/467/465 173/292/465 282/458/465
f 287/468/466 286/464/466 284/455/466
f 333/456/467 288/466/467 336/469/467
f 285/457/468 288/466/468 333/456/468
f 176/470/469 174/471/469 289/472/469
f 174/471/470 290/473/470 289/472/470
f 175/474/471 290/473/471 174/471/471
f 288/466/472 227/475/472 228/476/472
f 289/472/473 131/477/473 176/470/473
f 175/474/474 177/478/474 290/473/474
f 289/472/475 291/479/475 131/477/475
f 286/480/476 296/481/476 229/374/476
f 173/463/477 286/464/477 229/482/477
f 288/466/478 292/483/478 336/469/478
f 228/372/479 292/484/479 288/485/479
f 289/472/480 293/486/480 291/479/480
f 290/473/481 293/486/481 289/472/481
f 177/478/482 230/487/482 290/473/482
f 294/488/483 286/464/483 287/468/483
f 291/479/484 178/489/484 131/477/484
f 294/488/485 296/490/485 286/464/485
f 230/487/486 293/486/486 290/473/486
f 292/483/487 295/491/487 336/469/487
f 228/476/488 231/492/488 292/483/488
f 179/493/489 178/489/489 291/479/489
f 293/486/490 179/493/490 291/479/490
f 180/494/491 179/493/491 293/486/491
f 230/487/492 180/494/492 293/486/492
f 232/495/493 229/482/493 296/490/493
f 297/496/494 295/491/494 292/483/494
f 292/484/495 231/376/495 297/497/495
f 231/492/496 233/498/496 297/496/496
f 296/481/497 298/499/497 232/380/497
f 233/381/498 299/500/498 297/501/498
f 232/495/499 298/502/499 234/503/499
f 233/386/500 181/305/500 299/504/500
f 298/502/501 300/505/501 234/503/501
f 301/506/502 299/507/502 181/389/502
f 300/508/503 139/237/503 234/387/503
f 300/508/504 302/509/504 139/237/504
f 301/506/505 181/389/505 235/510/505
f 303/511/506 301/512/506 235/390/506
f 236/513/507 303/514/507 235/510/507
f 302/509/508 237/394/508 139/237/508
f 237/393/509 303/515/509 236/395/509
f 339/516/510 240/517/510 239/306/510
f 239/306/511 238/398/511 339/516/511
f 182/307/512 240/397/512 341/399/512
f 185/310/513 341/399/513 304/400/513
f 305/518/514 187/315/514 244/403/514
f 243/312/515 245/317/515 346/519/515
f 245/317/516 306/520/516 346/519/516
f 187/315/517 305/518/517 307/521/517
f 308/404/518 306/520/518 245/317/518
f 191/321/519 187/315/519 307/521/519
f 307/521/520 192/320/520 191/321/520
f 309/522/521 192/320/521 307/521/521
f 193/523/522 192/524/522 309/525/522
f 309/522/523 196/324/523 193/322/523
f 247/405/524 194/323/524 310/526/524
f 194/323/525 248/406/525 310/526/525
f 199/327/526 196/324/526 312/527/526
f 196/324/527 311/528/527 312/527/527
f 248/529/528 197/530/528 313/531/528
f 198/532/529 313/531/529 197/530/529
f 198/532/530 314/533/530 313/531/530
f 199/534/531 314/533/531 198/532/531
f 199/534/532 315/535/532 314/533/532
f 312/536/533 315/535/533 199/534/533
f 70/331/534 252/330/534 202/332/534
f 202/332/535 316/537/535 77/115/535
f 77/115/536 316/537/536 152/264/536
f 29/35/537 21/36/537 253/538/537
f 78/116/538 317/539/538 22/37/538
f 22/37/539 318/540/539 79/117/539
f 154/265/540 204/337/540 321/541/540
f 204/335/541 319/542/541 321/543/541
f 320/544/542 203/334/542 116/192/542
f 116/193/543 83/123/543 363/545/543
f 205/336/544 363/545/544 83/123/544
f 321/541/545 205/336/545 154/265/545
f 207/340/546 206/339/546 323/546/546
f 208/342/547 207/340/547 323/546/547
f 324/547/548 206/339/548 209/344/548
f 163/276/549 254/411/549 126/282/549
f 170/413/550 255/414/550 212/416/550
f 326/548/551 262/422/551 264/549/551
f 264/430/552 267/434/552 326/550/552
f 271/435/553 370/551/553 267/434/553
f 271/435/554 272/442/554 370/551/554
f 268/436/555 327/552/555 270/439/555
f 370/551/556 272/442/556 274/444/556
f 270/439/557 328/553/557 269/438/557
f 329/554/558 370/555/558 274/556/558
f 327/552/559 328/553/559 270/439/559
f 328/553/560 275/441/560 269/438/560
f 329/554/561 274/556/561 277/557/561
f 275/441/562 328/553/562 279/448/562
f 372/558/563 279/448/563 328/553/563
f 330/559/564 279/448/564 372/558/564
f 332/560/565 277/445/565 281/449/565
f 330/453/566 331/561/566 283/451/566
f 281/449/567 333/456/567 332/560/567
f 334/562/568 283/451/568 331/561/568
f 334/563/569 284/455/569 283/454/569
f 336/564/570 335/565/570 332/566/570
f 333/456/571 336/469/571 332/560/571
f 334/563/572 287/468/572 284/455/572
f 334/563/573 337/567/573 287/468/573
f 287/468/574 337/567/574 338/568/574
f 287/468/575 338/568/575 294/488/575
f 295/569/576 335/565/576 336/564/576
f 294/488/577 298/502/577 296/490/577
f 299/507/578 301/506/578 297/496/578
f 298/502/579 302/570/579 300/505/579
f 297/496/580 301/506/580 295/491/580
f 340/571/581 294/488/581 338/568/581
f 301/506/582 339/516/582 295/491/582
f 340/571/583 342/572/583 294/488/583
f 303/514/584 339/516/584 301/506/584
f 237/573/585 302/570/585 341/574/585
f 298/502/586 341/574/586 302/570/586
f 294/488/587 342/572/587 298/502/587
f 343/575/588 335/565/588 295/569/588
f 341/574/589 303/514/589 237/573/589
f 342/572/590 341/574/590 298/502/590
f 339/516/591 343/576/591 295/491/591
f 303/514/592 240/517/592 339/516/592
f 341/574/593 240/517/593 303/514/593
f 342/572/594 304/577/594 341/574/594
f 344/578/595 304/577/595 342/572/595
f 344/578/596 342/572/596 340/571/596
f 345/579/597 343/575/597 238/580/597
f 343/576/598 339/516/598 238/398/598
f 242/402/599 304/577/599 344/578/599
f 238/580/600 241/581/600 345/579/600
f 242/402/601 344/578/601 244/403/601
f 243/312/602 346/519/602 345/582/602
f 241/581/603 243/583/603 345/579/603
f 309/522/604 311/528/604 196/324/604
f 247/584/605 310/585/605 347/586/605
f 352/587/606 347/586/606 310/585/606
f 352/588/607 310/526/607 348/589/607
f 248/406/608 348/589/608 310/526/608
f 248/406/609 313/590/609 348/589/609
f 349/591/610 348/589/610 313/590/610
f 314/592/611 349/591/611 313/590/611
f 315/593/612 349/591/612 314/592/612
f 349/591/613 315/593/613 350/594/613
f 312/527/614 350/594/614 315/593/614
f 352/588/615 348/589/615 351/595/615
f 349/591/616 353/596/616 348/589/616
f 350/594/617 353/596/617 349/591/617
f 353/596/618 351/595/618 348/589/618
f 350/594/619 355/597/619 353/596/619
f 355/409/620 350/598/620 354/599/620
f 351/595/621 356/600/621 352/588/621
f 250/601/622 355/597/622 354/602/622
f 351/595/623 200/603/623 356/600/623
f 249/604/624 200/603/624 351/595/624
f 353/596/625 249/604/625 351/595/625
f 355/597/626 249/604/626 353/596/626
f 250/601/627 358/605/627 150/606/627
f 358/607/628 359/608/628 150/261/628
f 150/261/629 359/608/629 252/330/629
f 114/187/630 151/263/630 360/609/630
f 361/610/631 152/264/631 316/537/631
f 318/540/632 204/335/632 79/117/632
f 116/193/633 363/545/633 320/611/633
f 363/545/634 362/612/634 320/611/634
f 364/613/635 363/545/635 205/336/635
f 321/541/636 365/614/636 205/336/636
f 206/339/637 324/547/637 322/615/637
f 323/546/638 206/339/638 322/615/638
f 163/276/639 325/616/639 254/411/639
f 255/617/640 366/618/640 212/619/640
f 259/620/641 367/621/641 261/622/641
f 262/422/642 326/548/642 369/623/642
f 370/555/643 369/623/643 326/548/643
f 326/550/644 267/434/644 370/551/644
f 266/624/645 371/625/645 268/436/645
f 268/437/646 371/626/646 327/627/646
f 328/553/647 327/552/647 372/558/647
f 327/552/648 373/628/648 372/558/648
f 373/629/649 327/627/649 371/626/649
f 330/559/650 372/558/650 373/628/650
f 277/557/651 332/566/651 374/630/651
f 332/566/652 335/565/652 374/630/652
f 338/631/653 376/632/653 340/633/653
f 335/565/654 343/575/654 375/634/654
f 375/634/655 343/575/655 345/579/655
f 340/633/656 376/632/656 344/635/656
f 244/636/657 377/637/657 305/638/657
f 305/638/658 377/637/658 378/639/658
f 305/640/659 378/641/659 307/642/659
f 307/521/660 378/643/660 408/644/660
f 306/645/661 308/646/661 379/647/661
f 307/521/662 408/644/662 309/522/662
f 247/584/663 347/586/663 379/647/663
f 308/646/664 247/584/664 379/647/664
f 380/648/665 311/649/665 309/650/665
f 347/586/666 352/587/666 381/651/666
f 312/652/667 311/649/667 412/653/667
f 416/654/668 414/655/668 382/656/668
f 383/657/669 382/656/669 414/655/669
f 383/657/670 414/655/670 413/658/670
f 201/262/671 381/651/671 352/587/671
f 312/527/672 354/602/672 350/594/672
f 354/599/673 384/659/673 250/410/673
f 352/587/674 356/328/674 201/262/674
f 385/660/675 357/661/675 386/662/675
f 422/663/676 387/664/676 385/660/676
f 468/665/677 358/605/677 250/601/677
f 386/662/678 358/605/678 468/665/678
f 385/660/679 387/664/679 357/661/679
f 386/662/680 357/661/680 358/605/680
f 388/666/681 357/661/681 387/664/681
f 358/605/682 357/661/682 388/666/682
f 388/666/683 389/667/683 358/605/683
f 359/668/684 358/605/684 389/667/684
f 427/669/685 252/670/685 359/668/685
f 390/671/686 252/330/686 427/672/686
f 251/329/687 114/187/687 360/609/687
f 252/330/688 391/673/688 202/332/688
f 202/332/689 392/674/689 316/537/689
f 431/675/690 316/537/690 392/674/690
f 361/610/691 316/537/691 431/675/691
f 151/263/692 43/71/692 393/676/692
f 361/677/693 431/678/693 436/679/693
f 361/677/694 436/679/694 152/680/694
f 436/679/695 434/681/695 394/682/695
f 394/682/696 434/681/696 437/683/696
f 152/680/697 436/679/697 78/684/697
f 394/682/698 437/683/698 395/685/698
f 78/684/699 436/679/699 317/686/699
f 317/686/700 436/679/700 394/682/700
f 317/539/701 318/540/701 22/37/701
f 204/335/702 502/687/702 319/542/702
f 203/334/703 320/544/703 396/688/703
f 320/544/704 362/689/704 396/688/704
f 364/613/705 205/336/705 365/614/705
f 321/543/706 319/542/706 365/690/706
f 362/612/707 363/545/707 397/691/707
f 364/613/708 397/691/708 363/545/708
f 210/348/709 398/692/709 160/275/709
f 212/619/710 366/618/710 399/693/710
f 212/416/711 399/694/711 257/417/711
f 261/622/712 368/695/712 263/425/712
f 369/623/713 370/555/713 479/696/713
f 329/554/714 479/696/714 370/555/714
f 330/453/715 373/629/715 331/561/715
f 329/554/716 277/557/716 374/630/716
f 334/562/717 400/697/717 337/698/717
f 337/698/718 401/699/718 338/631/718
f 401/699/719 402/700/719 338/631/719
f 402/700/720 403/701/720 338/631/720
f 338/631/721 403/701/721 376/632/721
f 404/702/722 344/635/722 376/632/722
f 404/702/723 406/703/723 344/635/723
f 244/704/724 344/705/724 457/706/724
f 344/705/725 406/707/725 457/706/725
f 244/636/726 457/708/726 377/637/726
f 407/709/727 377/710/727 457/711/727
f 377/637/728 408/712/728 378/639/728
f 458/713/729 409/714/729 407/709/729
f 407/709/730 408/644/730 377/710/730
f 309/650/731 408/712/731 380/648/731
f 408/644/732 407/709/732 410/715/732
f 410/715/733 407/709/733 409/714/733
f 380/648/734 411/716/734 311/649/734
f 411/717/735 412/718/735 311/719/735
f 410/715/736 413/658/736 414/655/736
f 412/653/737 415/720/737 312/652/737
f 415/720/738 417/721/738 312/652/738
f 312/652/739 417/721/739 354/599/739
f 465/722/740 418/723/740 417/724/740
f 418/723/741 354/602/741 417/724/741
f 416/654/742 418/723/742 465/722/742
f 416/654/743 382/656/743 418/723/743
f 420/725/744 382/656/744 383/657/744
f 419/726/745 420/725/745 383/657/745
f 418/723/746 382/656/746 421/727/746
f 421/727/747 382/656/747 420/725/747
f 418/723/748 384/728/748 354/602/748
f 420/725/749 385/660/749 421/727/749
f 422/663/750 385/660/750 420/725/750
f 385/660/751 386/662/751 421/727/751
f 421/727/752 386/662/752 468/665/752
f 468/665/753 250/601/753 384/728/753
f 422/663/754 423/729/754 387/664/754
f 424/730/755 387/731/755 423/732/755
f 387/731/756 425/733/756 388/734/756
f 424/730/757 425/733/757 387/731/757
f 388/734/758 425/733/758 389/735/758
f 359/668/759 389/667/759 426/736/759
f 426/736/760 427/669/760 359/668/760
f 390/737/761 427/669/761 428/738/761
f 252/330/762 390/671/762 391/673/762
f 391/739/763 429/740/763 202/741/763
f 202/741/764 429/740/764 392/742/764
f 433/743/765 429/740/765 430/744/765
f 392/742/766 429/740/766 431/678/766
f 430/744/767 432/745/767 433/743/767
f 429/740/768 433/743/768 434/681/768
f 429/740/769 434/681/769 436/679/769
f 431/678/770 429/740/770 436/679/770
f 433/743/771 432/745/771 434/681/771
f 432/745/772 435/746/772 437/683/772
f 438/747/773 437/748/773 435/749/773
f 434/681/774 432/745/774 437/683/774
f 439/750/775 437/748/775 438/747/775
f 395/685/776 437/683/776 439/751/776
f 394/682/777 395/685/777 440/752/777
f 394/682/778 440/752/778 317/686/778
f 318/540/779 441/753/779 204/335/779
f 441/753/780 502/687/780 204/335/780
f 397/754/781 442/755/781 362/756/781
f 443/757/782 397/754/782 364/758/782
f 365/759/783 444/760/783 364/758/783
f 322/615/784 324/547/784 478/761/784
f 322/615/785 445/762/785 323/546/785
f 208/342/786 323/546/786 681/763/786
f 209/349/787 446/764/787 324/765/787
f 160/275/788 325/616/788 163/276/788
f 165/412/789 254/411/789 255/414/789
f 257/417/790 399/694/790 259/620/790
f 263/425/791 447/766/791 266/432/791
f 447/766/792 371/626/792 266/432/792
f 331/561/793 523/767/793 334/562/793
f 523/767/794 400/697/794 334/562/794
f 483/768/795 449/769/795 403/770/795
f 448/771/796 449/769/796 483/768/796
f 451/772/797 449/769/797 448/771/797
f 450/773/798 451/772/798 448/771/798
f 403/701/799 452/774/799 376/632/799
f 449/769/800 452/775/800 403/770/800
f 449/769/801 453/776/801 452/775/801
f 451/772/802 405/777/802 449/769/802
f 376/632/803 452/774/803 404/702/803
f 405/777/804 453/776/804 449/769/804
f 453/776/805 405/777/805 454/778/805
f 456/779/806 405/777/806 451/772/806
f 375/634/807 345/579/807 455/780/807
f 457/711/808 405/777/808 456/779/808
f 405/777/809 457/711/809 454/778/809
f 454/778/810 457/711/810 406/781/810
f 407/709/811 457/711/811 456/779/811
f 458/713/812 407/709/812 456/779/812
f 345/579/813 346/782/813 455/780/813
f 346/782/814 306/645/814 455/780/814
f 458/713/815 459/783/815 409/714/815
f 306/645/816 379/647/816 455/780/816
f 460/784/817 409/785/817 459/786/817
f 408/644/818 410/715/818 380/787/818
f 409/714/819 460/788/819 410/715/819
f 379/647/820 347/586/820 461/789/820
f 410/715/821 411/790/821 380/787/821
f 460/788/822 413/658/822 410/715/822
f 412/791/823 411/790/823 462/792/823
f 413/658/824 460/788/824 463/793/824
f 411/790/825 414/655/825 462/792/825
f 411/790/826 410/715/826 414/655/826
f 462/792/827 414/655/827 416/654/827
f 464/794/828 413/795/828 463/796/828
f 383/657/829 413/658/829 464/797/829
f 465/722/830 417/724/830 415/798/830
f 462/792/831 416/654/831 465/722/831
f 383/799/832 464/794/832 466/800/832
f 383/799/833 466/800/833 419/801/833
f 384/728/834 418/723/834 468/665/834
f 418/723/835 421/727/835 468/665/835
f 422/663/836 420/725/836 419/726/836
f 467/802/837 422/663/837 419/726/837
f 467/803/838 423/732/838 422/804/838
f 426/736/839 389/667/839 425/805/839
f 427/672/840 426/806/840 428/807/840
f 469/808/841 390/809/841 428/810/841
f 390/671/842 469/811/842 391/673/842
f 429/812/843 391/673/843 470/813/843
f 470/814/844 471/815/844 429/740/844
f 471/816/845 430/817/845 429/818/845
f 432/819/846 430/817/846 472/820/846
f 472/821/847 430/822/847 471/823/847
f 432/824/848 472/821/848 435/749/848
f 435/749/849 472/821/849 473/825/849
f 435/749/850 473/825/850 438/747/850
f 498/826/851 474/827/851 438/747/851
f 438/747/852 474/827/852 439/750/852
f 440/752/853 395/685/853 439/751/853
f 500/828/854 440/752/854 439/751/854
f 475/829/855 317/686/855 440/752/855
f 475/830/856 318/540/856 317/539/856
f 319/542/857 476/831/857 365/690/857
f 443/757/858 364/758/858 444/760/858
f 443/757/859 477/832/859 397/754/859
f 322/615/860 478/761/860 445/762/860
f 208/347/861 681/833/861 210/348/861
f 681/833/862 398/692/862 210/348/862
f 259/620/863 399/694/863 367/621/863
f 367/621/864 368/695/864 261/622/864
f 256/415/865 262/422/865 553/834/865
f 368/695/866 506/835/866 263/425/866
f 479/696/867 329/554/867 856/836/867
f 373/629/868 523/767/868 331/561/868
f 337/698/869 400/697/869 401/699/869
f 510/837/870 482/838/870 481/839/870
f 402/700/871 483/840/871 403/701/871
f 482/838/872 448/771/872 483/768/872
f 484/841/873 448/771/873 482/838/873
f 448/771/874 484/841/874 450/773/874
f 450/773/875 484/841/875 485/842/875
f 451/772/876 450/773/876 485/842/876
f 486/843/877 451/844/877 485/845/877
f 456/846/878 451/844/878 486/843/878
f 452/775/879 406/781/879 404/847/879
f 453/776/880 454/778/880 452/775/880
f 454/778/881 406/781/881 452/775/881
f 456/779/882 486/848/882 458/713/882
f 458/849/883 486/843/883 487/850/883
f 458/849/884 487/850/884 459/786/884
f 455/780/885 379/647/885 461/789/885
f 459/786/886 488/851/886 460/784/886
f 460/784/887 488/851/887 463/796/887
f 347/586/888 381/651/888 461/789/888
f 462/792/889 415/798/889 412/791/889
f 462/792/890 465/722/890 415/798/890
f 467/802/891 419/726/891 466/852/891
f 423/732/892 489/853/892 424/730/892
f 489/853/893 490/854/893 424/730/893
f 424/730/894 490/854/894 425/733/894
f 425/733/895 490/854/895 491/855/895
f 426/806/896 425/733/896 491/855/896
f 491/855/897 492/856/897 426/806/897
f 426/806/898 492/856/898 493/857/898
f 426/806/899 493/857/899 428/807/899
f 428/807/900 493/857/900 469/811/900
f 470/813/901 391/673/901 469/811/901
f 469/811/902 494/858/902 470/813/902
f 470/813/903 494/858/903 495/859/903
f 470/813/904 495/859/904 471/823/904
f 495/859/905 496/860/905 471/823/905
f 472/861/906 471/815/906 496/862/906
f 497/863/907 472/820/907 496/864/907
f 473/825/908 472/821/908 497/865/908
f 43/71/909 153/333/909 393/676/909
f 473/825/910 498/826/910 438/747/910
f 499/866/911 439/750/911 474/827/911
f 439/867/912 499/868/912 500/869/912
f 440/752/913 500/828/913 501/870/913
f 440/752/914 501/870/914 475/829/914
f 203/334/915 396/688/915 503/871/915
f 396/688/916 362/689/916 503/871/916
f 362/689/917 442/872/917 503/871/917
f 365/759/918 504/873/918 444/760/918
f 365/690/919 476/831/919 504/874/919
f 553/834/920 262/422/920 369/623/920
f 263/425/921 507/875/921 447/766/921
f 371/626/922 508/876/922 373/629/922
f 480/877/923 329/554/923 374/630/923
f 374/630/924 335/565/924 480/877/924
f 480/877/925 335/565/925 509/878/925
f 510/837/926 481/839/926 527/879/926
f 511/880/927 527/879/927 526/881/927
f 510/837/928 527/879/928 511/880/928
f 402/882/929 401/883/929 512/884/929
f 512/884/930 482/838/930 402/882/930
f 482/838/931 483/768/931 402/882/931
f 512/884/932 481/839/932 482/838/932
f 482/838/933 510/837/933 513/885/933
f 510/837/934 511/880/934 513/885/934
f 513/885/935 484/841/935 482/838/935
f 463/796/936 514/886/936 464/794/936
f 466/800/937 464/794/937 514/886/937
f 516/887/938 467/803/938 466/800/938
f 467/803/939 489/853/939 423/732/939
f 498/826/940 517/888/940 474/827/940
f 517/888/941 499/866/941 474/827/941
f 544/889/942 499/868/942 517/890/942
f 500/869/943 499/868/943 544/889/943
f 518/891/944 500/892/944 544/893/944
f 501/870/945 500/828/945 518/894/945
f 501/870/946 318/895/946 475/829/946
f 80/120/947 203/334/947 548/896/947
f 319/542/948 502/687/948 476/831/948
f 160/275/949 398/692/949 325/616/949
f 254/411/950 505/897/950 255/414/950
f 255/414/951 505/897/951 519/898/951
f 366/899/952 519/898/952 399/694/952
f 519/898/953 366/899/953 255/414/953
f 399/694/954 521/900/954 367/621/954
f 506/835/955 522/901/955 263/425/955
f 507/875/956 263/425/956 522/901/956
f 523/767/957 524/902/957 400/697/957
f 526/881/958 527/879/958 525/903/958
f 528/904/959 525/903/959 527/879/959
f 511/905/960 526/906/960 529/907/960
f 528/908/961 512/909/961 401/699/961
f 527/879/962 481/839/962 528/904/962
f 481/839/963 512/884/963 528/904/963
f 530/910/964 511/905/964 529/907/964
f 530/910/965 513/911/965 511/905/965
f 530/912/966 484/841/966 513/885/966
f 484/913/967 530/910/967 531/914/967
f 485/845/968 484/913/968 531/914/968
f 509/878/969 335/565/969 375/634/969
f 485/845/970 532/915/970 486/843/970
f 487/850/971 558/916/971 459/786/971
f 459/786/972 558/916/972 488/851/972
f 558/916/973 533/917/973 488/851/973
f 455/780/974 461/789/974 534/918/974
f 488/851/975 535/919/975 463/796/975
f 463/796/976 535/919/976 514/886/976
f 536/920/977 466/800/977 514/886/977
f 515/921/978 381/651/978 201/262/978
f 467/803/979 516/887/979 489/853/979
f 490/854/980 489/853/980 537/922/980
f 490/854/981 537/922/981 538/923/981
f 490/854/982 538/923/982 491/855/982
f 493/857/983 539/924/983 469/811/983
f 469/811/984 540/925/984 494/858/984
f 494/858/985 541/926/985 495/859/985
f 496/860/986 495/859/986 542/927/986
f 497/863/987 496/864/987 542/928/987
f 563/929/988 517/930/988 543/931/988
f 498/826/989 543/932/989 517/888/989
f 563/929/990 544/933/990 517/930/990
f 580/934/991 544/933/991 563/929/991
f 545/935/992 544/933/992 580/934/992
f 545/935/993 546/936/993 544/933/993
f 544/893/994 546/937/994 518/891/994
f 547/938/995 518/891/995 546/937/995
f 501/870/996 518/894/996 547/939/996
f 547/939/997 549/940/997 501/870/997
f 501/870/998 549/940/998 318/895/998
f 21/36/999 80/120/999 548/896/999
f 549/940/1000 550/941/1000 318/895/1000
f 550/942/1001 441/753/1001 318/540/1001
f 477/832/1002 443/757/1002 551/943/1002
f 444/760/1003 551/943/1003 443/757/1003
f 477/832/1004 588/944/1004 397/754/1004
f 164/280/1005 256/415/1005 553/834/1005
f 369/623/1006 479/696/1006 780/945/1006
f 371/626/1007 447/766/1007 508/876/1007
f 508/876/1008 523/767/1008 373/629/1008
f 856/836/1009 329/554/1009 480/877/1009
f 554/946/1010 401/699/1010 400/697/1010
f 554/947/1011 525/903/1011 528/904/1011
f 401/883/1012 554/947/1012 528/904/1012
f 526/906/1013 555/948/1013 529/907/1013
f 531/914/1014 556/949/1014 485/845/1014
f 556/949/1015 532/915/1015 485/845/1015
f 557/950/1016 486/843/1016 532/915/1016
f 486/843/1017 557/950/1017 487/850/1017
f 558/916/1018 487/850/1018 572/951/1018
f 461/789/1019 381/651/1019 515/921/1019
f 466/800/1020 559/952/1020 516/887/1020
f 489/853/1021 560/953/1021 537/922/1021
f 491/855/1022 538/923/1022 492/856/1022
f 538/923/1023 561/954/1023 492/856/1023
f 561/954/1024 539/924/1024 492/856/1024
f 539/924/1025 493/857/1025 492/856/1025
f 540/925/1026 469/811/1026 539/924/1026
f 495/859/1027 541/926/1027 542/927/1027
f 497/865/1028 579/955/1028 473/825/1028
f 579/955/1029 562/956/1029 473/825/1029
f 473/825/1030 562/956/1030 498/826/1030
f 543/932/1031 498/826/1031 562/956/1031
f 546/936/1032 545/935/1032 565/957/1032
f 565/957/1033 545/935/1033 564/958/1033
f 546/937/1034 565/959/1034 547/938/1034
f 21/36/1035 548/896/1035 253/538/1035
f 566/960/1036 547/938/1036 565/959/1036
f 547/939/1037 566/961/1037 549/940/1037
f 584/962/1038 549/940/1038 566/961/1038
f 503/871/1039 442/872/1039 567/963/1039
f 551/943/1040 444/760/1040 552/964/1040
f 444/760/1041 568/965/1041 552/964/1041
f 504/873/1042 568/965/1042 444/760/1042
f 323/546/1043 445/762/1043 610/966/1043
f 520/967/1044 521/900/1044 399/694/1044
f 523/767/1045 569/968/1045 524/902/1045
f 525/969/1046 554/970/1046 570/971/1046
f 525/969/1047 570/971/1047 571/972/1047
f 526/973/1048 525/969/1048 571/972/1048
f 526/906/1049 571/974/1049 555/948/1049
f 555/948/1050 593/975/1050 529/907/1050
f 557/950/1051 572/951/1051 487/850/1051
f 488/851/1052 533/917/1052 535/919/1052
f 533/917/1053 573/976/1053 535/919/1053
f 535/919/1054 573/976/1054 514/886/1054
f 573/976/1055 536/920/1055 514/886/1055
f 466/800/1056 536/920/1056 559/952/1056
f 559/952/1057 574/977/1057 516/887/1057
f 574/977/1058 489/853/1058 516/887/1058
f 489/853/1059 574/977/1059 560/953/1059
f 560/953/1060 538/923/1060 537/922/1060
f 494/858/1061 540/925/1061 576/978/1061
f 576/978/1062 541/926/1062 494/858/1062
f 577/979/1063 541/926/1063 576/978/1063
f 541/926/1064 577/979/1064 542/927/1064
f 542/927/1065 577/979/1065 578/980/1065
f 542/928/1066 578/981/1066 497/863/1066
f 497/863/1067 578/981/1067 579/982/1067
f 563/929/1068 543/931/1068 562/983/1068
f 563/929/1069 562/983/1069 580/934/1069
f 581/984/1070 545/935/1070 580/934/1070
f 564/985/1071 545/986/1071 582/987/1071
f 564/958/1072 583/988/1072 565/957/1072
f 565/959/1073 583/989/1073 566/960/1073
f 584/990/1074 566/960/1074 583/989/1074
f 442/872/1075 587/991/1075 567/963/1075
f 442/755/1076 588/944/1076 587/992/1076
f 397/754/1077 588/944/1077 442/755/1077
f 368/695/1078 589/993/1078 506/835/1078
f 506/835/1079 590/994/1079 522/901/1079
f 524/902/1080 591/995/1080 400/697/1080
f 400/697/1081 592/996/1081 554/946/1081
f 570/971/1082 554/970/1082 592/997/1082
f 593/975/1083 555/948/1083 571/974/1083
f 530/910/1084 594/998/1084 531/914/1084
f 594/998/1085 595/999/1085 531/914/1085
f 595/999/1086 556/949/1086 531/914/1086
f 595/999/1087 596/1000/1087 556/949/1087
f 596/1000/1088 532/915/1088 556/949/1088
f 532/915/1089 596/1000/1089 557/950/1089
f 572/951/1090 597/1001/1090 558/916/1090
f 533/917/1091 558/916/1091 598/1002/1091
f 538/923/1092 599/1003/1092 561/954/1092
f 599/1003/1093 600/1004/1093 561/954/1093
f 561/954/1094 600/1004/1094 539/924/1094
f 539/924/1095 600/1004/1095 601/1005/1095
f 539/924/1096 602/1006/1096 540/925/1096
f 601/1005/1097 602/1006/1097 539/924/1097
f 540/925/1098 602/1006/1098 576/978/1098
f 578/980/1099 603/1007/1099 579/955/1099
f 579/955/1100 603/1007/1100 562/956/1100
f 630/1008/1101 562/983/1101 603/1009/1101
f 580/934/1102 562/983/1102 630/1008/1102
f 580/934/1103 653/1010/1103 581/984/1103
f 581/1011/1104 604/1012/1104 545/986/1104
f 604/1012/1105 605/1013/1105 545/986/1105
f 545/986/1106 605/1013/1106 582/987/1106
f 582/1014/1107 606/1015/1107 564/958/1107
f 606/1015/1108 607/1016/1108 564/958/1108
f 564/958/1109 607/1016/1109 583/988/1109
f 583/989/1110 608/1017/1110 584/990/1110
f 608/1017/1111 585/1018/1111 584/990/1111
f 549/940/1112 584/962/1112 585/1019/1112
f 550/942/1113 502/687/1113 441/753/1113
f 586/1020/1114 609/1021/1114 502/687/1114
f 502/687/1115 609/1021/1115 476/831/1115
f 476/831/1116 609/1021/1116 504/874/1116
f 568/965/1117 504/873/1117 609/1022/1117
f 323/546/1118 610/966/1118 681/763/1118
f 505/897/1119 254/411/1119 612/1023/1119
f 505/897/1120 612/1023/1120 519/898/1120
f 399/694/1121 663/1024/1121 520/967/1121
f 589/993/1122 368/695/1122 615/1025/1122
f 590/994/1123 616/1026/1123 522/901/1123
f 522/901/1124 616/1026/1124 507/875/1124
f 569/968/1125 617/1027/1125 524/902/1125
f 524/902/1126 617/1027/1126 618/1028/1126
f 591/995/1127 619/1029/1127 400/697/1127
f 400/697/1128 619/1029/1128 592/996/1128
f 592/1030/1129 620/1031/1129 570/1032/1129
f 571/1033/1130 620/1031/1130 621/1034/1130
f 571/1033/1131 570/1032/1131 620/1031/1131
f 571/974/1132 621/1035/1132 593/975/1132
f 622/1036/1133 529/907/1133 593/975/1133
f 529/907/1134 622/1036/1134 530/910/1134
f 597/1001/1135 557/950/1135 596/1000/1135
f 557/950/1136 597/1001/1136 572/951/1136
f 375/634/1137 455/780/1137 623/1037/1137
f 597/1001/1138 624/1038/1138 558/916/1138
f 598/1002/1139 558/916/1139 624/1038/1139
f 623/1037/1140 455/780/1140 534/918/1140
f 573/976/1141 533/917/1141 598/1002/1141
f 573/976/1142 646/1039/1142 536/920/1142
f 646/1039/1143 625/1040/1143 536/920/1143
f 536/920/1144 625/1040/1144 559/952/1144
f 559/952/1145 625/1040/1145 626/1041/1145
f 559/952/1146 626/1041/1146 574/977/1146
f 648/1042/1147 627/1043/1147 560/953/1147
f 560/953/1148 627/1043/1148 538/923/1148
f 628/1044/1149 577/979/1149 576/978/1149
f 577/979/1150 628/1044/1150 629/1045/1150
f 629/1045/1151 578/980/1151 577/979/1151
f 630/1046/1152 578/980/1152 629/1045/1152
f 630/1046/1153 603/1007/1153 578/980/1153
f 580/934/1154 630/1008/1154 652/1047/1154
f 653/1010/1155 580/934/1155 652/1047/1155
f 700/1048/1156 604/1012/1156 581/1011/1156
f 605/1013/1157 631/1049/1157 582/987/1157
f 631/1049/1158 606/1050/1158 582/987/1158
f 632/1051/1159 583/988/1159 607/1016/1159
f 583/989/1160 632/1052/1160 608/1017/1160
f 632/1052/1161 585/1018/1161 608/1017/1161
f 203/334/1162 503/871/1162 548/896/1162
f 633/1053/1163 549/940/1163 585/1019/1163
f 633/1053/1164 550/941/1164 549/940/1164
f 633/1054/1165 502/687/1165 550/942/1165
f 551/943/1166 552/964/1166 634/1055/1166
f 634/1055/1167 477/832/1167 551/943/1167
f 445/762/1168 478/761/1168 635/1056/1168
f 398/692/1169 611/1057/1169 325/616/1169
f 325/616/1170 707/1058/1170 254/411/1170
f 636/1059/1171 612/1023/1171 254/411/1171
f 519/898/1172 663/1024/1172 399/694/1172
f 663/1024/1173 613/1060/1173 520/967/1173
f 613/1060/1174 637/1061/1174 520/967/1174
f 521/900/1175 520/967/1175 637/1061/1175
f 367/621/1176 521/900/1176 614/1062/1176
f 367/621/1177 615/1025/1177 368/695/1177
f 506/835/1178 589/993/1178 638/1063/1178
f 506/835/1179 638/1063/1179 639/1064/1179
f 506/835/1180 639/1064/1180 590/994/1180
f 640/1065/1181 641/1066/1181 590/994/1181
f 590/994/1182 641/1066/1182 616/1026/1182
f 523/767/1183 685/1067/1183 569/968/1183
f 591/995/1184 524/902/1184 618/1028/1184
f 642/1068/1185 620/1031/1185 592/1030/1185
f 642/1069/1186 592/996/1186 619/1029/1186
f 593/975/1187 621/1035/1187 622/1036/1187
f 622/1036/1188 594/998/1188 530/910/1188
f 595/999/1189 643/1070/1189 596/1000/1189
f 643/1070/1190 644/1071/1190 596/1000/1190
f 596/1000/1191 644/1071/1191 597/1001/1191
f 598/1002/1192 645/1072/1192 573/976/1192
f 573/976/1193 645/1072/1193 646/1039/1193
f 461/789/1194 515/921/1194 690/1073/1194
f 626/1041/1195 647/1074/1195 574/977/1195
f 574/977/1196 647/1074/1196 560/953/1196
f 647/1074/1197 648/1042/1197 560/953/1197
f 599/1003/1198 538/923/1198 627/1043/1198
f 674/1075/1199 649/1076/1199 599/1003/1199
f 599/1003/1200 649/1076/1200 600/1004/1200
f 650/1077/1201 600/1004/1201 649/1076/1201
f 600/1004/1202 650/1077/1202 601/1005/1202
f 601/1005/1203 650/1077/1203 651/1078/1203
f 601/1005/1204 651/1078/1204 602/1006/1204
f 652/1047/1205 630/1008/1205 629/1079/1205
f 653/1080/1206 700/1048/1206 581/1011/1206
f 604/1012/1207 678/1081/1207 605/1013/1207
f 654/1082/1208 606/1050/1208 631/1049/1208
f 606/1050/1209 655/1083/1209 607/1084/1209
f 606/1050/1210 654/1082/1210 655/1083/1210
f 656/1085/1211 607/1084/1211 655/1083/1211
f 632/1052/1212 607/1084/1212 656/1085/1212
f 632/1052/1213 657/1086/1213 585/1018/1213
f 658/1087/1214 585/1018/1214 657/1086/1214
f 585/1018/1215 658/1087/1215 659/1088/1215
f 633/1089/1216 585/1090/1216 659/1091/1216
f 633/1054/1217 679/1092/1217 502/687/1217
f 502/687/1218 679/1092/1218 586/1020/1218
f 660/1093/1219 568/1094/1219 609/1021/1219
f 568/965/1220 660/1095/1220 552/964/1220
f 587/991/1221 661/1096/1221 567/963/1221
f 477/832/1222 634/1055/1222 680/1097/1222
f 477/832/1223 662/1098/1223 588/944/1223
f 477/832/1224 680/1097/1224 662/1098/1224
f 478/761/1225 324/547/1225 875/1099/1225
f 610/966/1226 445/762/1226 635/1056/1226
f 519/898/1227 612/1023/1227 663/1024/1227
f 367/621/1228 614/1062/1228 615/1025/1228
f 615/1025/1229 638/1063/1229 589/993/1229
f 507/875/1230 664/1100/1230 447/766/1230
f 664/1100/1231 665/1101/1231 447/766/1231
f 447/766/1232 666/1102/1232 508/876/1232
f 508/876/1233 666/1102/1233 523/767/1233
f 620/1031/1234 642/1068/1234 667/1103/1234
f 621/1034/1235 620/1031/1235 687/1104/1235
f 622/1036/1236 621/1035/1236 687/1105/1236
f 668/1106/1237 622/1036/1237 687/1105/1237
f 594/998/1238 622/1036/1238 668/1106/1238
f 595/999/1239 594/998/1239 668/1106/1239
f 669/1107/1240 643/1070/1240 595/999/1240
f 644/1071/1241 670/1108/1241 597/1001/1241
f 597/1001/1242 670/1108/1242 624/1038/1242
f 624/1038/1243 671/1109/1243 598/1002/1243
f 671/1109/1244 645/1072/1244 598/1002/1244
f 625/1040/1245 646/1039/1245 672/1110/1245
f 625/1040/1246 672/1110/1246 626/1041/1246
f 647/1074/1247 626/1041/1247 673/1111/1247
f 693/1112/1248 599/1003/1248 627/1043/1248
f 674/1075/1249 599/1003/1249 693/1112/1249
f 251/329/1250 360/609/1250 575/1113/1250
f 602/1114/1251 651/1115/1251 675/1116/1251
f 576/978/1252 602/1006/1252 675/1117/1252
f 628/1118/1253 576/1119/1253 675/1116/1253
f 676/1120/1254 629/1045/1254 628/1044/1254
f 676/1120/1255 652/1121/1255 629/1045/1255
f 697/1122/1256 652/1047/1256 676/1123/1256
f 697/1122/1257 699/1124/1257 652/1047/1257
f 653/1010/1258 652/1047/1258 699/1124/1258
f 151/263/1259 393/676/1259 698/1125/1259
f 700/1048/1260 677/1126/1260 604/1012/1260
f 604/1012/1261 677/1126/1261 678/1081/1261
f 656/1085/1262 657/1086/1262 632/1052/1262
f 633/1089/1263 659/1091/1263 679/1127/1263
f 503/871/1264 567/963/1264 661/1096/1264
f 660/1095/1265 705/1128/1265 552/964/1265
f 682/1129/1266 637/1061/1266 613/1060/1266
f 521/900/1267 833/1130/1267 614/1062/1267
f 639/1064/1268 683/1131/1268 590/994/1268
f 590/1132/1269 683/1133/1269 640/1134/1269
f 641/1066/1270 640/1065/1270 683/1131/1270
f 616/1026/1271 641/1066/1271 684/1135/1271
f 616/1026/1272 684/1135/1272 507/875/1272
f 685/1067/1273 617/1027/1273 569/968/1273
f 591/995/1274 712/1136/1274 619/1029/1274
f 619/1029/1275 686/1137/1275 642/1069/1275
f 620/1031/1276 667/1103/1276 687/1104/1276
f 688/1138/1277 642/1069/1277 686/1137/1277
f 642/1068/1278 688/1139/1278 667/1103/1278
f 668/1106/1279 669/1107/1279 595/999/1279
f 689/1140/1280 643/1141/1280 669/1142/1280
f 643/1070/1281 689/1143/1281 644/1071/1281
f 689/1143/1282 670/1108/1282 644/1071/1282
f 534/918/1283 461/789/1283 690/1073/1283
f 626/1041/1284 672/1110/1284 673/1111/1284
f 691/1144/1285 648/1042/1285 647/1074/1285
f 627/1043/1286 648/1042/1286 691/1144/1286
f 693/1112/1287 627/1043/1287 691/1144/1287
f 515/921/1288 201/262/1288 692/1145/1288
f 693/1146/1289 694/1147/1289 674/1148/1289
f 692/1145/1290 201/262/1290 696/1149/1290
f 694/1147/1291 649/1150/1291 674/1148/1291
f 201/262/1292 251/329/1292 696/1149/1292
f 650/1077/1293 649/1076/1293 695/1151/1293
f 696/1149/1294 251/329/1294 575/1113/1294
f 651/1078/1295 650/1077/1295 695/1151/1295
f 676/1120/1296 628/1044/1296 675/1117/1296
f 676/1123/1297 675/1152/1297 697/1122/1297
f 697/1122/1298 823/1153/1298 699/1124/1298
f 653/1080/1299 699/1154/1299 700/1048/1299
f 701/1155/1300 605/1013/1300 678/1081/1300
f 605/1013/1301 701/1155/1301 631/1049/1301
f 654/1082/1302 703/1156/1302 655/1083/1302
f 659/1088/1303 658/1087/1303 657/1086/1303
f 679/1092/1304 704/1157/1304 586/1020/1304
f 705/1128/1305 734/1158/1305 634/1055/1305
f 552/964/1306 705/1128/1306 634/1055/1306
f 735/1159/1307 680/1097/1307 634/1055/1307
f 398/692/1308 681/833/1308 706/1160/1308
f 681/763/1309 736/1161/1309 706/1162/1309
f 398/692/1310 706/1160/1310 611/1057/1310
f 611/1057/1311 707/1058/1311 325/616/1311
f 707/1058/1312 636/1059/1312 254/411/1312
f 663/1024/1313 709/1163/1313 613/1060/1313
f 709/1163/1314 682/1129/1314 613/1060/1314
f 521/900/1315 637/1061/1315 682/1129/1315
f 833/1130/1316 710/1164/1316 614/1062/1316
f 614/1062/1317 710/1164/1317 615/1025/1317
f 615/1025/1318 710/1164/1318 638/1063/1318
f 710/1164/1319 639/1064/1319 638/1063/1319
f 684/1135/1320 641/1066/1320 683/1131/1320
f 523/767/1321 743/1165/1321 685/1067/1321
f 617/1027/1322 685/1067/1322 618/1028/1322
f 685/1067/1323 712/1136/1323 618/1028/1323
f 712/1136/1324 591/995/1324 618/1028/1324
f 712/1136/1325 859/1166/1325 619/1029/1325
f 480/877/1326 509/878/1326 939/1167/1326
f 619/1029/1327 859/1166/1327 686/1137/1327
f 686/1168/1328 713/1169/1328 688/1139/1328
f 667/1103/1329 688/1139/1329 715/1170/1329
f 715/1170/1330 688/1139/1330 713/1169/1330
f 667/1103/1331 715/1170/1331 714/1171/1331
f 687/1104/1332 667/1103/1332 714/1171/1332
f 668/1172/1333 687/1104/1333 714/1171/1333
f 668/1172/1334 714/1171/1334 669/1142/1334
f 716/1173/1335 669/1142/1335 714/1171/1335
f 716/1173/1336 717/1174/1336 669/1142/1336
f 747/1175/1337 745/1176/1337 718/1177/1337
f 669/1142/1338 717/1174/1338 689/1140/1338
f 670/1108/1339 719/1178/1339 624/1038/1339
f 624/1038/1340 719/1178/1340 671/1109/1340
f 671/1109/1341 720/1179/1341 645/1072/1341
f 645/1072/1342 720/1179/1342 646/1039/1342
f 646/1039/1343 720/1179/1343 721/1180/1343
f 672/1110/1344 646/1039/1344 721/1180/1344
f 721/1180/1345 722/1181/1345 672/1110/1345
f 672/1110/1346 722/1181/1346 673/1111/1346
f 694/1182/1347 758/1183/1347 723/1184/1347
f 693/1146/1348 758/1185/1348 694/1147/1348
f 694/1182/1349 723/1184/1349 724/1186/1349
f 694/1147/1350 724/1187/1350 649/1150/1350
f 649/1150/1351 724/1187/1351 725/1188/1351
f 695/1189/1352 649/1150/1352 725/1188/1352
f 651/1078/1353 695/1151/1353 726/1190/1353
f 651/1078/1354 726/1190/1354 765/1191/1354
f 651/1078/1355 765/1191/1355 675/1117/1355
f 727/1192/1356 677/1126/1356 700/1048/1356
f 677/1126/1357 728/1193/1357 678/1081/1357
f 678/1081/1358 728/1193/1358 729/1194/1358
f 678/1195/1359 729/1196/1359 730/1197/1359
f 701/1155/1360 678/1081/1360 730/1198/1360
f 702/1199/1361 631/1049/1361 701/1155/1361
f 631/1049/1362 702/1199/1362 654/1082/1362
f 679/1127/1363 659/1091/1363 731/1200/1363
f 679/1127/1364 731/1200/1364 732/1201/1364
f 732/1202/1365 704/1157/1365 679/1092/1365
f 704/1157/1366 733/1203/1366 586/1020/1366
f 634/1055/1367 734/1158/1367 735/1159/1367
f 662/1098/1368 776/1204/1368 588/944/1368
f 209/349/1369 162/269/1369 737/1205/1369
f 162/269/1370 164/280/1370 738/1206/1370
f 682/1129/1371 833/1130/1371 521/900/1371
f 684/1135/1372 683/1131/1372 507/875/1372
f 683/1131/1373 664/1100/1373 507/875/1373
f 739/1207/1374 740/1208/1374 664/1209/1374
f 479/696/1375 856/836/1375 780/945/1375
f 447/766/1376 665/1101/1376 666/1102/1376
f 711/1210/1377 741/1211/1377 666/1102/1377
f 742/1212/1378 743/1165/1378 666/1102/1378
f 666/1102/1379 743/1165/1379 523/767/1379
f 859/1166/1380 713/1213/1380 686/1137/1380
f 744/1214/1381 745/1215/1381 713/1213/1381
f 713/1169/1382 745/1176/1382 715/1170/1382
f 714/1171/1383 715/1170/1383 746/1216/1383
f 715/1170/1384 745/1176/1384 747/1175/1384
f 746/1216/1385 715/1170/1385 747/1175/1385
f 714/1171/1386 746/1216/1386 716/1173/1386
f 745/1215/1387 744/1214/1387 748/1217/1387
f 716/1173/1388 746/1216/1388 747/1175/1388
f 745/1215/1389 748/1217/1389 718/1218/1389
f 751/1219/1390 716/1173/1390 747/1175/1390
f 717/1174/1391 716/1173/1391 751/1219/1391
f 748/1217/1392 749/1220/1392 718/1218/1392
f 747/1175/1393 718/1177/1393 750/1221/1393
f 751/1219/1394 747/1175/1394 750/1221/1394
f 750/1222/1395 718/1223/1395 749/1224/1395
f 670/1225/1396 689/1140/1396 717/1174/1396
f 719/1226/1397 788/1227/1397 671/1228/1397
f 788/1227/1398 720/1229/1398 671/1228/1398
f 756/1230/1399 752/1231/1399 755/1232/1399
f 756/1230/1400 753/1233/1400 752/1231/1400
f 792/1234/1401 673/1111/1401 722/1181/1401
f 647/1074/1402 673/1111/1402 792/1234/1402
f 792/1234/1403 691/1144/1403 647/1074/1403
f 691/1235/1404 758/1185/1404 693/1146/1404
f 758/1183/1405 759/1236/1405 723/1184/1405
f 725/1188/1406 760/1237/1406 695/1189/1406
f 760/1237/1407 762/1238/1407 726/1239/1407
f 760/1237/1408 726/1239/1408 695/1189/1408
f 762/1238/1409 761/1240/1409 764/1241/1409
f 726/1239/1410 762/1238/1410 764/1241/1410
f 763/1242/1411 765/1243/1411 761/1240/1411
f 764/1241/1412 761/1240/1412 765/1243/1412
f 726/1239/1413 764/1241/1413 765/1243/1413
f 801/1244/1414 675/1117/1414 765/1191/1414
f 675/1117/1415 801/1244/1415 697/1245/1415
f 823/1153/1416 697/1122/1416 801/1246/1416
f 700/1048/1417 699/1154/1417 766/1247/1417
f 728/1193/1418 677/1126/1418 767/1248/1418
f 729/1249/1419 728/1250/1419 768/1251/1419
f 729/1249/1420 768/1251/1420 730/1252/1420
f 730/1198/1421 769/1253/1421 701/1155/1421
f 654/1254/1422 702/1255/1422 770/1256/1422
f 770/1257/1423 703/1156/1423 654/1082/1423
f 703/1156/1424 771/1258/1424 655/1083/1424
f 655/1083/1425 771/1258/1425 656/1085/1425
f 771/1258/1426 772/1259/1426 656/1085/1426
f 657/1086/1427 772/1259/1427 659/1088/1427
f 731/1260/1428 659/1088/1428 772/1259/1428
f 733/1203/1429 773/1261/1429 586/1020/1429
f 586/1020/1430 773/1261/1430 609/1021/1430
f 774/1262/1431 660/1093/1431 609/1021/1431
f 774/1262/1432 609/1021/1432 773/1261/1432
f 587/991/1433 775/1263/1433 661/1096/1433
f 775/1264/1434 587/992/1434 588/944/1434
f 610/966/1435 777/1265/1435 681/763/1435
f 778/1266/1436 612/1023/1436 636/1059/1436
f 663/1024/1437 778/1266/1437 779/1267/1437
f 778/1266/1438 663/1024/1438 612/1023/1438
f 663/1024/1439 779/1267/1439 708/1268/1439
f 663/1024/1440 708/1268/1440 709/1163/1440
f 833/1130/1441 682/1129/1441 709/1163/1441
f 710/1164/1442 683/1131/1442 639/1064/1442
f 664/1100/1443 683/1131/1443 739/1269/1443
f 740/1270/1444 781/1271/1444 664/1100/1444
f 665/1101/1445 711/1210/1445 666/1102/1445
f 741/1211/1446 711/1210/1446 782/1272/1446
f 741/1211/1447 742/1212/1447 666/1102/1447
f 751/1273/1448 750/1222/1448 783/1274/1448
f 783/1275/1449 784/1276/1449 751/1219/1449
f 751/1219/1450 784/1276/1450 717/1174/1450
f 784/1277/1451 670/1108/1451 717/1278/1451
f 719/1178/1452 670/1108/1452 784/1277/1452
f 784/1277/1453 785/1279/1453 719/1178/1453
f 786/1280/1454 623/1037/1454 534/918/1454
f 785/1281/1455 787/1282/1455 788/1227/1455
f 719/1226/1456 785/1281/1456 788/1227/1456
f 789/1283/1457 788/1227/1457 787/1282/1457
f 788/1227/1458 789/1283/1458 720/1229/1458
f 789/1283/1459 790/1284/1459 721/1285/1459
f 720/1229/1460 789/1283/1460 721/1285/1460
f 721/1285/1461 790/1284/1461 753/1233/1461
f 753/1233/1462 791/1286/1462 752/1231/1462
f 790/1284/1463 791/1286/1463 753/1233/1463
f 753/1233/1464 756/1230/1464 793/1287/1464
f 792/1288/1465 753/1233/1465 793/1287/1465
f 721/1285/1466 753/1233/1466 722/1289/1466
f 722/1289/1467 753/1233/1467 792/1288/1467
f 755/1232/1468 793/1287/1468 756/1230/1468
f 752/1290/1469 794/1291/1469 755/1292/1469
f 793/1287/1470 755/1232/1470 757/1293/1470
f 755/1292/1471 794/1291/1471 757/1294/1471
f 793/1287/1472 757/1293/1472 795/1295/1472
f 792/1288/1473 793/1287/1473 795/1295/1473
f 757/1294/1474 794/1291/1474 796/1296/1474
f 796/1297/1475 795/1295/1475 757/1293/1475
f 795/1295/1476 691/1235/1476 792/1288/1476
f 691/1235/1477 795/1295/1477 797/1298/1477
f 758/1183/1478 691/1144/1478 797/1299/1478
f 797/1299/1479 759/1236/1479 758/1183/1479
f 723/1184/1480 798/1300/1480 724/1186/1480
f 760/1301/1481 799/1302/1481 762/1303/1481
f 762/1238/1482 799/1304/1482 761/1240/1482
f 761/1305/1483 800/1306/1483 763/1307/1483
f 800/1306/1484 765/1191/1484 763/1307/1484
f 800/1306/1485 801/1244/1485 765/1191/1485
f 360/609/1486 151/263/1486 575/1113/1486
f 700/1048/1487 766/1247/1487 727/1192/1487
f 701/1308/1488 769/1309/1488 802/1310/1488
f 702/1199/1489 701/1155/1489 802/1311/1489
f 656/1085/1490 772/1259/1490 657/1086/1490
f 732/1201/1491 731/1200/1491 803/1312/1491
f 660/1095/1492 804/1313/1492 705/1128/1492
f 774/1314/1493 804/1313/1493 660/1095/1493
f 734/1158/1494 874/1315/1494 735/1159/1494
f 588/944/1495 776/1204/1495 775/1264/1495
f 735/1159/1496 662/1098/1496 680/1097/1496
f 681/763/1497 777/1265/1497 736/1161/1497
f 737/1205/1498 162/269/1498 738/1206/1498
f 707/1058/1499 611/1057/1499 706/1160/1499
f 164/280/1500 899/1316/1500 738/1206/1500
f 707/1058/1501 778/1266/1501 636/1059/1501
f 710/1164/1502 805/1317/1502 683/1131/1502
f 781/1271/1503 740/1270/1503 739/1269/1503
f 664/1100/1504 781/1271/1504 665/1101/1504
f 665/1101/1505 835/1318/1505 711/1210/1505
f 806/1319/1506 741/1211/1506 782/1272/1506
f 741/1211/1507 806/1319/1507 742/1212/1507
f 685/1067/1508 859/1166/1508 712/1136/1508
f 859/1166/1509 744/1214/1509 713/1213/1509
f 748/1217/1510 862/1320/1510 749/1220/1510
f 749/1224/1511 862/1321/1511 808/1322/1511
f 749/1224/1512 808/1322/1512 750/1222/1512
f 783/1274/1513 750/1222/1513 809/1323/1513
f 784/1277/1514 810/1324/1514 785/1279/1514
f 787/1325/1515 785/1279/1515 863/1326/1515
f 787/1325/1516 863/1326/1516 811/1327/1516
f 534/918/1517 690/1073/1517 786/1280/1517
f 811/1327/1518 789/1328/1518 787/1325/1518
f 789/1328/1519 811/1327/1519 812/1329/1519
f 813/1330/1520 789/1328/1520 812/1329/1520
f 814/1331/1521 790/1332/1521 813/1330/1521
f 813/1330/1522 790/1332/1522 789/1328/1522
f 791/1333/1523 790/1334/1523 814/1335/1523
f 816/1336/1524 817/1337/1524 796/1296/1524
f 795/1338/1525 796/1339/1525 817/1340/1525
f 817/1337/1526 797/1299/1526 795/1341/1526
f 797/1299/1527 818/1342/1527 759/1236/1527
f 818/1343/1528 819/1344/1528 759/1345/1528
f 759/1236/1529 819/1346/1529 723/1184/1529
f 725/1347/1530 724/1186/1530 798/1300/1530
f 725/1347/1531 798/1300/1531 760/1301/1531
f 821/1348/1532 800/1349/1532 761/1350/1532
f 821/1348/1533 761/1350/1533 799/1351/1533
f 800/1352/1534 822/1353/1534 801/1246/1534
f 823/1153/1535 801/1246/1535 822/1353/1535
f 846/1354/1536 766/1247/1536 699/1154/1536
f 727/1192/1537 767/1248/1537 677/1126/1537
f 768/1355/1538 824/1356/1538 825/1357/1538
f 728/1358/1539 824/1356/1539 768/1355/1539
f 802/1310/1540 769/1309/1540 826/1359/1540
f 703/1156/1541 828/1360/1541 771/1258/1541
f 772/1259/1542 771/1258/1542 829/1361/1542
f 503/871/1543 661/1096/1543 872/1362/1543
f 736/1161/1544 777/1265/1544 706/1162/1544
f 830/1363/1545 706/1364/1545 850/1365/1545
f 706/1364/1546 830/1363/1546 707/1366/1546
f 778/1367/1547 707/1366/1547 830/1363/1547
f 779/1267/1548 831/1368/1548 708/1268/1548
f 708/1268/1549 831/1368/1549 709/1163/1549
f 831/1368/1550 832/1369/1550 709/1163/1550
f 832/1369/1551 833/1130/1551 709/1163/1551
f 833/1130/1552 853/1370/1552 710/1164/1552
f 853/1370/1553 805/1317/1553 710/1164/1553
f 742/1212/1554 836/1371/1554 743/1165/1554
f 859/1166/1555 837/1372/1555 744/1214/1555
f 744/1214/1556 837/1372/1556 807/1373/1556
f 375/634/1557 623/1037/1557 509/878/1557
f 783/1274/1558 809/1323/1558 838/1374/1558
f 783/1375/1559 838/1376/1559 784/1277/1559
f 810/1324/1560 839/1377/1560 785/1279/1560
f 752/1290/1561 840/1378/1561 815/1379/1561
f 840/1380/1562 752/1381/1562 791/1333/1562
f 752/1290/1563 815/1379/1563 794/1291/1563
f 841/1382/1564 842/1383/1564 794/1291/1564
f 842/1383/1565 796/1296/1565 794/1291/1565
f 819/1344/1566 818/1343/1566 844/1384/1566
f 798/1300/1567 845/1385/1567 760/1301/1567
f 760/1386/1568 845/1387/1568 820/1388/1568
f 799/1302/1569 760/1301/1569 820/1389/1569
f 799/1351/1570 820/1388/1570 821/1348/1570
f 821/1390/1571 822/1391/1571 800/1306/1571
f 869/1392/1572 823/1153/1572 822/1353/1572
f 823/1153/1573 846/1393/1573 699/1124/1573
f 575/1113/1574 151/263/1574 698/1125/1574
f 847/1394/1575 728/1193/1575 767/1248/1575
f 824/1356/1576 728/1358/1576 847/1395/1576
f 768/1396/1577 825/1397/1577 848/1398/1577
f 768/1396/1578 848/1398/1578 730/1198/1578
f 730/1198/1579 848/1398/1579 769/1253/1579
f 771/1258/1580 828/1360/1580 829/1361/1580
f 772/1259/1581 829/1361/1581 731/1260/1581
f 731/1260/1582 829/1361/1582 803/1399/1582
f 704/1157/1583 732/1202/1583 733/1203/1583
f 733/1203/1584 849/1400/1584 773/1261/1584
f 734/1158/1585 705/1128/1585 873/1401/1585
f 705/1128/1586 804/1313/1586 873/1401/1586
f 777/1402/1587 850/1365/1587 706/1364/1587
f 209/349/1588 737/1205/1588 446/764/1588
f 830/1363/1589 850/1365/1589 851/1403/1589
f 852/1404/1590 830/1363/1590 851/1403/1590
f 778/1367/1591 830/1363/1591 852/1404/1591
f 778/1367/1592 852/1404/1592 779/1405/1592
f 831/1368/1593 779/1267/1593 852/1406/1593
f 781/1271/1594 739/1269/1594 834/1407/1594
f 854/1408/1595 781/1409/1595 834/1410/1595
f 855/1411/1596 781/1271/1596 854/1412/1596
f 781/1271/1597 855/1411/1597 665/1101/1597
f 855/1411/1598 835/1318/1598 665/1101/1598
f 835/1318/1599 857/1413/1599 711/1210/1599
f 711/1210/1600 857/1413/1600 782/1272/1600
f 857/1413/1601 937/1414/1601 782/1272/1601
f 937/1414/1602 806/1319/1602 782/1272/1602
f 806/1319/1603 858/1415/1603 742/1212/1603
f 742/1212/1604 858/1415/1604 836/1371/1604
f 902/1416/1605 859/1166/1605 743/1165/1605
f 743/1165/1606 859/1166/1606 685/1067/1606
f 861/1417/1607 807/1373/1607 837/1372/1607
f 864/1418/1608 812/1329/1608 811/1327/1608
f 905/1419/1609 812/1329/1609 864/1418/1609
f 812/1329/1610 905/1419/1610 813/1330/1610
f 840/1380/1611 791/1333/1611 865/1420/1611
f 814/1335/1612 865/1420/1612 791/1333/1612
f 754/1421/1613 515/921/1613 843/1422/1613
f 815/1379/1614 841/1382/1614 794/1291/1614
f 842/1423/1615 816/1424/1615 796/1339/1615
f 723/1184/1616 819/1346/1616 866/1425/1616
f 723/1184/1617 866/1425/1617 798/1300/1617
f 821/1348/1618 820/1388/1618 867/1426/1618
f 867/1427/1619 868/1428/1619 822/1391/1619
f 867/1427/1620 822/1391/1620 821/1390/1620
f 823/1153/1621 869/1392/1621 846/1393/1621
f 769/1253/1622 848/1398/1622 826/1429/1622
f 802/1310/1623 826/1359/1623 827/1430/1623
f 802/1311/1624 870/1431/1624 702/1199/1624
f 702/1255/1625 870/1432/1625 770/1256/1625
f 803/1399/1626 829/1361/1626 871/1433/1626
f 661/1096/1627 775/1263/1627 872/1362/1627
f 734/1158/1628 873/1401/1628 874/1315/1628
f 662/1098/1629 874/1315/1629 776/1204/1629
f 735/1159/1630 874/1315/1630 662/1098/1630
f 610/966/1631 635/1056/1631 916/1434/1631
f 324/547/1632 446/1435/1632 875/1099/1632
f 876/1436/1633 850/1437/1633 777/1265/1633
f 877/1438/1634 850/1439/1634 876/1440/1634
f 850/1439/1635 877/1438/1635 851/1441/1635
f 852/1404/1636 851/1403/1636 877/1442/1636
f 878/1443/1637 852/1406/1637 877/1438/1637
f 852/1406/1638 878/1443/1638 879/1444/1638
f 852/1406/1639 879/1444/1639 831/1368/1639
f 879/1445/1640 880/1446/1640 831/1447/1640
f 831/1447/1641 880/1446/1641 832/1448/1641
f 832/1448/1642 880/1446/1642 881/1449/1642
f 833/1450/1643 832/1448/1643 881/1449/1643
f 881/1451/1644 853/1370/1644 833/1130/1644
f 553/834/1645 369/623/1645 780/945/1645
f 683/1131/1646 805/1317/1646 739/1269/1646
f 805/1317/1647 834/1407/1647 739/1269/1647
f 854/1412/1648 882/1452/1648 855/1411/1648
f 855/1411/1649 857/1413/1649 835/1318/1649
f 883/1453/1650 743/1165/1650 836/1371/1650
f 859/1166/1651 860/1454/1651 837/1372/1651
f 861/1417/1652 884/1455/1652 807/1373/1652
f 744/1214/1653 884/1455/1653 748/1217/1653
f 884/1455/1654 862/1320/1654 748/1217/1654
f 750/1222/1655 808/1322/1655 809/1323/1655
f 838/1376/1656 885/1456/1656 784/1277/1656
f 784/1277/1657 885/1456/1657 810/1324/1657
f 904/1457/1658 863/1458/1658 785/1459/1658
f 813/1330/1659 886/1460/1659 814/1331/1659
f 865/1420/1660 814/1335/1660 886/1461/1660
f 815/1379/1661 887/1462/1661 841/1382/1661
f 816/1336/1662 888/1463/1662 817/1337/1662
f 843/1422/1663 515/921/1663 692/1145/1663
f 817/1337/1664 889/1464/1664 797/1299/1664
f 820/1388/1665 845/1387/1665 890/1465/1665
f 869/1392/1666 822/1353/1666 868/1466/1666
f 846/1354/1667 869/1467/1667 891/1468/1667
f 846/1354/1668 892/1469/1668 766/1247/1668
f 766/1247/1669 892/1469/1669 727/1192/1669
f 703/1156/1670 893/1470/1670 828/1360/1670
f 828/1360/1671 895/1471/1671 829/1361/1671
f 896/1472/1672 804/1313/1672 774/1314/1672
f 896/1473/1673 774/1262/1673 773/1261/1673
f 478/761/1674 875/1099/1674 897/1474/1674
f 877/1438/1675 980/1475/1675 898/1476/1675
f 898/1476/1676 878/1443/1676 877/1438/1676
f 880/1446/1677 879/1445/1677 878/1477/1677
f 164/280/1678 553/834/1678 899/1316/1678
f 900/1478/1679 881/1451/1679 880/1479/1679
f 881/1451/1680 900/1478/1680 853/1370/1680
f 857/1413/1681 855/1411/1681 882/1452/1681
f 937/1414/1682 858/1415/1682 806/1319/1682
f 858/1415/1683 901/1480/1683 836/1371/1683
f 901/1480/1684 883/1453/1684 836/1371/1684
f 883/1453/1685 902/1416/1685 743/1165/1685
f 903/1481/1686 837/1372/1686 860/1454/1686
f 837/1372/1687 903/1481/1687 861/1417/1687
f 807/1373/1688 884/1455/1688 744/1214/1688
f 839/1377/1689 904/1482/1689 785/1279/1689
f 863/1326/1690 864/1418/1690 811/1327/1690
f 841/1483/1691 816/1424/1691 842/1423/1691
f 888/1463/1692 889/1464/1692 817/1337/1692
f 889/1464/1693 818/1342/1693 797/1299/1693
f 844/1484/1694 941/1485/1694 819/1346/1694
f 798/1300/1695 927/1486/1695 845/1385/1695
f 927/1487/1696 890/1465/1696 845/1387/1696
f 867/1427/1697 906/1488/1697 868/1428/1697
f 820/1388/1698 906/1489/1698 867/1426/1698
f 892/1469/1699 956/1490/1699 727/1192/1699
f 727/1192/1700 956/1490/1700 767/1248/1700
f 767/1248/1701 907/1491/1701 847/1394/1701
f 847/1395/1702 908/1492/1702 824/1356/1702
f 824/1356/1703 908/1492/1703 909/1493/1703
f 909/1493/1704 825/1357/1704 824/1356/1704
f 825/1397/1705 909/1494/1705 848/1398/1705
f 826/1429/1706 848/1398/1706 931/1495/1706
f 910/1496/1707 826/1359/1707 931/1497/1707
f 826/1359/1708 910/1496/1708 827/1430/1708
f 870/1431/1709 802/1311/1709 827/1498/1709
f 770/1256/1710 870/1432/1710 911/1499/1710
f 703/1500/1711 770/1256/1711 911/1499/1711
f 911/1501/1712 893/1470/1712 703/1156/1712
f 829/1361/1713 895/1471/1713 871/1433/1713
f 871/1433/1714 912/1502/1714 803/1399/1714
f 803/1399/1715 912/1502/1715 913/1503/1715
f 732/1201/1716 803/1312/1716 932/1504/1716
f 773/1261/1717 914/1505/1717 896/1473/1717
f 804/1313/1718 915/1506/1718 873/1401/1718
f 876/1440/1719 980/1475/1719 877/1438/1719
f 898/1476/1720 917/1507/1720 878/1443/1720
f 878/1443/1721 917/1507/1721 880/1479/1721
f 917/1507/1722 900/1478/1722 880/1479/1722
f 900/1478/1723 918/1508/1723 853/1370/1723
f 854/1408/1724 834/1410/1724 919/1509/1724
f 854/1412/1725 919/1510/1725 882/1452/1725
f 902/1416/1726 921/1511/1726 859/1166/1726
f 922/1512/1727 903/1481/1727 860/1454/1727
f 861/1417/1728 903/1481/1728 884/1455/1728
f 885/1456/1729 839/1377/1729 810/1324/1729
f 863/1326/1730 904/1482/1730 864/1418/1730
f 905/1419/1731 923/1513/1731 813/1330/1731
f 923/1513/1732 886/1460/1732 813/1330/1732
f 840/1378/1733 969/1514/1733 815/1379/1733
f 841/1483/1734 924/1515/1734 816/1424/1734
f 888/1463/1735 816/1336/1735 924/1516/1735
f 818/1342/1736 889/1464/1736 940/1517/1736
f 940/1518/1737 925/1519/1737 818/1520/1737
f 818/1520/1738 925/1519/1738 844/1521/1738
f 941/1485/1739 844/1484/1739 925/1522/1739
f 819/1346/1740 926/1523/1740 866/1425/1740
f 798/1300/1741 866/1425/1741 927/1486/1741
f 820/1388/1742 890/1465/1742 906/1489/1742
f 928/1524/1743 869/1525/1743 868/1526/1743
f 846/1354/1744 891/1468/1744 892/1469/1744
f 930/1527/1745 908/1492/1745 847/1395/1745
f 909/1494/1746 931/1495/1746 848/1398/1746
f 894/1528/1747 828/1360/1747 893/1470/1747
f 828/1360/1748 894/1528/1748 895/1471/1748
f 732/1201/1749 932/1504/1749 933/1529/1749
f 933/1530/1750 733/1203/1750 732/1202/1750
f 733/1203/1751 933/1530/1751 849/1400/1751
f 503/871/1752 872/1362/1752 548/896/1752
f 804/1313/1753 896/1472/1753 915/1506/1753
f 874/1315/1754 934/1531/1754 776/1204/1754
f 873/1401/1755 934/1531/1755 874/1315/1755
f 918/1508/1756 805/1317/1756 853/1370/1756
f 919/1509/1757 834/1410/1757 935/1532/1757
f 936/1533/1758 857/1413/1758 882/1452/1758
f 936/1533/1759 937/1414/1759 857/1413/1759
f 937/1414/1760 938/1534/1760 858/1415/1760
f 858/1415/1761 920/1535/1761 901/1480/1761
f 883/1453/1762 950/1536/1762 902/1416/1762
f 902/1416/1763 950/1536/1763 921/1511/1763
f 903/1481/1764 952/1537/1764 884/1455/1764
f 819/1346/1765 941/1485/1765 926/1523/1765
f 942/1538/1766 927/1486/1766 866/1425/1766
f 944/1539/1767 868/1428/1767 943/1540/1767
f 943/1540/1768 868/1428/1768 906/1488/1768
f 906/1489/1769 890/1465/1769 945/1541/1769
f 890/1465/1770 927/1487/1770 945/1541/1770
f 891/1468/1771 929/1542/1771 892/1469/1771
f 929/1542/1772 946/1543/1772 892/1469/1772
f 956/1490/1773 907/1491/1773 767/1248/1773
f 908/1544/1774 947/1545/1774 909/1546/1774
f 931/1495/1775 909/1494/1775 947/1547/1775
f 910/1548/1776 931/1549/1776 947/1545/1776
f 827/1430/1777 910/1496/1777 957/1550/1777
f 827/1498/1778 957/1551/1778 870/1431/1778
f 895/1471/1779 948/1552/1779 871/1433/1779
f 803/1312/1780 913/1553/1780 932/1504/1780
f 849/1400/1781 914/1505/1781 773/1261/1781
f 919/1510/1782 936/1533/1782 882/1452/1782
f 938/1534/1783 949/1554/1783 858/1415/1783
f 949/1554/1784 920/1535/1784 858/1415/1784
f 920/1535/1785 950/1536/1785 901/1480/1785
f 901/1480/1786 950/1536/1786 883/1453/1786
f 950/1536/1787 951/1555/1787 921/1511/1787
f 860/1454/1788 984/1556/1788 922/1512/1788
f 922/1512/1789 952/1537/1789 903/1481/1789
f 690/1073/1790 515/921/1790 754/1421/1790
f 815/1379/1791 953/1557/1791 887/1462/1791
f 866/1425/1792 926/1523/1792 942/1538/1792
f 868/1526/1793 944/1558/1793 928/1524/1793
f 954/1559/1794 869/1467/1794 928/1560/1794
f 869/1467/1795 954/1559/1795 891/1468/1795
f 946/1543/1796 955/1561/1796 892/1469/1796
f 955/1561/1797 956/1490/1797 892/1469/1797
f 847/1394/1798 907/1491/1798 930/1562/1798
f 947/1545/1799 908/1544/1799 957/1563/1799
f 957/1563/1800 910/1548/1800 947/1545/1800
f 958/1564/1801 870/1431/1801 957/1551/1801
f 870/1432/1802 958/1565/1802 911/1499/1802
f 911/1501/1803 959/1566/1803 893/1470/1803
f 912/1502/1804 871/1433/1804 960/1567/1804
f 871/1433/1805 948/1552/1805 960/1567/1805
f 913/1503/1806 912/1502/1806 960/1567/1806
f 913/1503/1807 960/1567/1807 961/1568/1807
f 913/1553/1808 961/1569/1808 932/1504/1808
f 962/1570/1809 914/1505/1809 849/1400/1809
f 872/1362/1810 775/1263/1810 963/1571/1810
f 964/1572/1811 963/1571/1811 775/1263/1811
f 964/1573/1812 775/1264/1812 776/1204/1812
f 610/966/1813 916/1434/1813 965/1574/1813
f 610/966/1814 965/1574/1814 777/1265/1814
f 917/1507/1815 966/1575/1815 900/1478/1815
f 805/1317/1816 935/1576/1816 834/1407/1816
f 480/877/1817 939/1167/1817 856/836/1817
f 968/1577/1818 884/1455/1818 952/1537/1818
f 884/1455/1819 968/1577/1819 862/1320/1819
f 864/1418/1820 1004/1578/1820 905/1419/1820
f 1004/1578/1821 923/1513/1821 905/1419/1821
f 841/1483/1822 887/1579/1822 924/1515/1822
f 945/1541/1823 972/1580/1823 906/1489/1823
f 906/1489/1824 972/1580/1824 971/1581/1824
f 973/1582/1825 956/1583/1825 955/1584/1825
f 973/1582/1826 974/1585/1826 956/1583/1826
f 975/1586/1827 956/1583/1827 974/1585/1827
f 956/1490/1828 975/1587/1828 907/1491/1828
f 29/35/1829 253/538/1829 976/1588/1829
f 930/1562/1830 977/1589/1830 908/1590/1830
f 908/1590/1831 977/1589/1831 957/1551/1831
f 957/1551/1832 977/1589/1832 958/1564/1832
f 911/1499/1833 958/1565/1833 959/1591/1833
f 959/1566/1834 995/1592/1834 893/1470/1834
f 995/1592/1835 894/1528/1835 893/1470/1835
f 894/1528/1836 978/1593/1836 895/1471/1836
f 895/1471/1837 978/1593/1837 948/1552/1837
f 915/1506/1838 934/1531/1838 873/1401/1838
f 478/761/1839 897/1474/1839 979/1594/1839
f 478/761/1840 979/1594/1840 635/1056/1840
f 998/1595/1841 980/1475/1841 876/1440/1841
f 900/1478/1842 966/1575/1842 918/1508/1842
f 553/834/1843 780/945/1843 1020/1596/1843
f 1020/1596/1844 780/945/1844 967/1597/1844
f 919/1510/1845 935/1576/1845 936/1533/1845
f 920/1535/1846 982/1598/1846 950/1536/1846
f 950/1536/1847 982/1598/1847 951/1555/1847
f 921/1511/1848 983/1599/1848 859/1166/1848
f 859/1166/1849 984/1556/1849 860/1454/1849
f 808/1322/1850 862/1321/1850 985/1600/1850
f 862/1321/1851 1061/1601/1851 985/1600/1851
f 809/1323/1852 808/1322/1852 986/1602/1852
f 838/1374/1853 809/1323/1853 986/1602/1853
f 987/1603/1854 838/1376/1854 986/1604/1854
f 838/1376/1855 987/1603/1855 885/1456/1855
f 885/1456/1856 988/1605/1856 839/1377/1856
f 989/1606/1857 904/1482/1857 988/1605/1857
f 988/1605/1858 904/1482/1858 839/1377/1858
f 970/1607/1859 990/1608/1859 889/1464/1859
f 889/1609/1860 990/1610/1860 940/1518/1860
f 944/1539/1861 943/1540/1861 991/1611/1861
f 927/1487/1862 972/1580/1862 945/1541/1862
f 927/1487/1863 942/1612/1863 972/1580/1863
f 891/1468/1864 954/1559/1864 929/1542/1864
f 973/1582/1865 993/1613/1865 974/1585/1865
f 974/1585/1866 994/1614/1866 975/1586/1866
f 974/1585/1867 993/1613/1867 994/1614/1867
f 907/1615/1868 975/1586/1868 994/1614/1868
f 907/1615/1869 994/1614/1869 930/1616/1869
f 930/1562/1870 994/1617/1870 977/1589/1870
f 958/1618/1871 977/1619/1871 1017/1620/1871
f 959/1621/1872 958/1618/1872 1017/1620/1872
f 915/1506/1873 896/1472/1873 962/1622/1873
f 962/1570/1874 896/1473/1874 914/1505/1874
f 934/1531/1875 964/1573/1875 776/1204/1875
f 915/1506/1876 997/1623/1876 934/1531/1876
f 635/1056/1877 979/1594/1877 916/1434/1877
f 998/1595/1878 876/1440/1878 777/1624/1878
f 898/1476/1879 1000/1625/1879 917/1507/1879
f 936/1533/1880 1001/1626/1880 937/1414/1880
f 937/1414/1881 1001/1626/1881 938/1534/1881
f 509/878/1882 623/1037/1882 1002/1627/1882
f 1003/1628/1883 904/1482/1883 989/1606/1883
f 904/1482/1884 1003/1628/1884 864/1418/1884
f 864/1418/1885 1003/1628/1885 1004/1578/1885
f 865/1420/1886 1005/1629/1886 840/1380/1886
f 969/1514/1887 1028/1630/1887 815/1379/1887
f 1028/1630/1888 953/1557/1888 815/1379/1888
f 1029/1631/1889 924/1515/1889 887/1579/1889
f 924/1516/1890 1029/1632/1890 888/1463/1890
f 888/1463/1891 970/1607/1891 889/1464/1891
f 940/1518/1892 990/1610/1892 1006/1633/1892
f 925/1519/1893 940/1518/1893 1006/1633/1893
f 1006/1634/1894 941/1485/1894 925/1522/1894
f 941/1485/1895 1008/1635/1895 926/1523/1895
f 906/1489/1896 1009/1636/1896 943/1637/1896
f 906/1489/1897 971/1581/1897 1009/1636/1897
f 944/1558/1898 991/1638/1898 928/1524/1898
f 928/1524/1899 1030/1639/1899 954/1640/1899
f 946/1543/1900 1011/1641/1900 955/1561/1900
f 946/1543/1901 1010/1642/1901 1011/1641/1901
f 973/1643/1902 955/1561/1902 1012/1644/1902
f 1012/1645/1903 1013/1646/1903 973/1647/1903
f 1013/1646/1904 993/1648/1904 973/1647/1904
f 1014/1649/1905 993/1613/1905 1013/1650/1905
f 1015/1651/1906 993/1613/1906 1014/1649/1906
f 1015/1651/1907 1016/1652/1907 993/1613/1907
f 993/1613/1908 1016/1652/1908 994/1614/1908
f 1017/1620/1909 994/1614/1909 1016/1652/1909
f 1017/1620/1910 977/1619/1910 994/1614/1910
f 959/1566/1911 1017/1653/1911 995/1592/1911
f 995/1592/1912 978/1593/1912 894/1528/1912
f 948/1552/1913 1018/1654/1913 960/1567/1913
f 960/1567/1914 1018/1654/1914 961/1568/1914
f 964/1573/1915 934/1531/1915 997/1623/1915
f 915/1506/1916 1019/1655/1916 997/1623/1916
f 962/1622/1917 1019/1655/1917 915/1506/1917
f 999/1656/1918 1000/1625/1918 898/1476/1918
f 938/1534/1919 1021/1657/1919 949/1554/1919
f 949/1554/1920 1022/1658/1920 920/1535/1920
f 920/1535/1921 1022/1658/1921 982/1598/1921
f 982/1598/1922 1023/1659/1922 951/1555/1922
f 921/1511/1923 951/1555/1923 1023/1659/1923
f 983/1599/1924 984/1556/1924 859/1166/1924
f 509/878/1925 1002/1627/1925 1024/1660/1925
f 808/1322/1926 985/1600/1926 1025/1661/1926
f 808/1322/1927 1025/1661/1927 986/1602/1927
f 885/1456/1928 987/1603/1928 1026/1662/1928
f 988/1605/1929 885/1456/1929 1026/1662/1929
f 865/1420/1930 886/1461/1930 1005/1629/1930
f 840/1378/1931 1027/1663/1931 969/1514/1931
f 969/1664/1932 1027/1665/1932 1028/1666/1932
f 1005/1629/1933 1027/1665/1933 840/1380/1933
f 888/1463/1934 1029/1632/1934 970/1607/1934
f 1006/1634/1935 1007/1667/1935 941/1485/1935
f 941/1485/1936 1007/1667/1936 1008/1635/1936
f 928/1524/1937 991/1638/1937 1030/1639/1937
f 954/1559/1938 1031/1668/1938 929/1542/1938
f 929/1542/1939 1031/1668/1939 992/1669/1939
f 929/1542/1940 992/1669/1940 1010/1642/1940
f 946/1543/1941 929/1542/1941 1010/1642/1941
f 955/1670/1942 1011/1671/1942 1012/1645/1942
f 1014/1672/1943 1032/1673/1943 1015/1674/1943
f 1015/1674/1944 1033/1675/1944 1016/1676/1944
f 1033/1675/1945 1015/1674/1945 1032/1673/1945
f 1034/1677/1946 1016/1676/1946 1033/1675/1946
f 1017/1653/1947 1016/1676/1947 1034/1677/1947
f 1017/1653/1948 1034/1677/1948 995/1592/1948
f 978/1593/1949 1046/1678/1949 948/1552/1949
f 933/1529/1950 932/1504/1950 1048/1679/1950
f 1035/1680/1951 849/1400/1951 933/1530/1951
f 849/1400/1952 1035/1680/1952 962/1570/1952
f 963/1571/1953 964/1572/1953 1036/1681/1953
f 965/1574/1954 998/1682/1954 777/1265/1954
f 918/1508/1955 981/1683/1955 805/1317/1955
f 938/1534/1956 1037/1684/1956 1021/1657/1956
f 1023/1659/1957 1038/1685/1957 921/1511/1957
f 983/1599/1958 921/1511/1958 1038/1685/1958
f 984/1556/1959 1039/1686/1959 922/1512/1959
f 922/1512/1960 1039/1686/1960 952/1537/1960
f 623/1037/1961 786/1280/1961 1002/1627/1961
f 1040/1687/1962 887/1579/1962 953/1688/1962
f 887/1462/1963 1040/1689/1963 1029/1632/1963
f 1009/1690/1964 1066/1691/1964 943/1540/1964
f 1066/1691/1965 1041/1692/1965 943/1540/1965
f 943/1637/1966 1041/1693/1966 991/1638/1966
f 972/1580/1967 1042/1694/1967 971/1581/1967
f 972/1580/1968 942/1612/1968 1042/1694/1968
f 991/1638/1969 1041/1693/1969 1030/1639/1969
f 1043/1695/1970 954/1559/1970 1030/1696/1970
f 1012/1644/1971 1011/1641/1971 1044/1697/1971
f 1012/1645/1972 1044/1698/1972 1013/1646/1972
f 1013/1699/1973 1069/1700/1973 1014/1672/1973
f 1033/1675/1974 1032/1673/1974 1034/1677/1974
f 995/1592/1975 1034/1677/1975 1046/1678/1975
f 995/1592/1976 1046/1678/1976 978/1593/1976
f 548/896/1977 996/1701/1977 253/538/1977
f 1046/1678/1978 1018/1654/1978 948/1552/1978
f 961/1568/1979 1018/1654/1979 1047/1702/1979
f 1048/1679/1980 932/1504/1980 961/1569/1980
f 933/1529/1981 1048/1679/1981 1035/1703/1981
f 1019/1655/1982 962/1622/1982 1049/1704/1982
f 1001/1626/1983 1037/1684/1983 938/1534/1983
f 1037/1684/1984 1050/1705/1984 1021/1657/1984
f 1021/1657/1985 1050/1705/1985 949/1554/1985
f 1050/1705/1986 1022/1658/1986 949/1554/1986
f 1051/1706/1987 1023/1659/1987 982/1598/1987
f 1023/1659/1988 1051/1706/1988 1038/1685/1988
f 952/1537/1989 1039/1686/1989 968/1577/1989
f 886/1461/1990 923/1707/1990 1005/1629/1990
f 971/1708/1991 1066/1691/1991 1009/1690/1991
f 971/1581/1992 1042/1694/1992 1066/1709/1992
f 942/1538/1993 926/1523/1993 1052/1710/1993
f 942/1612/1994 1052/1711/1994 1042/1694/1994
f 1043/1695/1995 1031/1668/1995 954/1559/1995
f 1069/1700/1996 1053/1712/1996 1014/1672/1996
f 1053/1712/1997 1032/1673/1997 1014/1672/1997
f 1032/1673/1998 1045/1713/1998 1034/1677/1998
f 1034/1677/1999 1045/1713/1999 1046/1678/1999
f 1018/1654/2000 1054/1714/2000 1047/1702/2000
f 961/1569/2001 1047/1715/2001 1048/1679/2001
f 964/1573/2002 1056/1716/2002 1036/1717/2002
f 964/1573/2003 1057/1718/2003 1056/1716/2003
f 997/1623/2004 1057/1718/2004 964/1573/2004
f 997/1623/2005 1019/1655/2005 1057/1718/2005
f 917/1507/2006 1000/1625/2006 966/1575/2006
f 936/1533/2007 1059/1719/2007 1001/1626/2007
f 1038/1685/2008 1060/1720/2008 983/1599/2008
f 989/1606/2009 988/1605/2009 1062/1721/2009
f 1040/1687/2010 953/1688/2010 1063/1722/2010
f 1040/1687/2011 1063/1722/2011 1064/1723/2011
f 1064/1724/2012 1029/1632/2012 1040/1689/2012
f 1064/1724/2013 970/1607/2013 1029/1632/2013
f 990/1610/2014 1065/1725/2014 1006/1633/2014
f 1008/1635/2015 1067/1726/2015 926/1523/2015
f 926/1523/2016 1067/1726/2016 1052/1710/2016
f 1010/1642/2017 1068/1727/2017 1011/1641/2017
f 1013/1646/2018 1044/1698/2018 1069/1728/2018
f 1053/1712/2019 1070/1729/2019 1032/1673/2019
f 1032/1673/2020 1070/1729/2020 1045/1713/2020
f 1072/1730/2021 1048/1679/2021 1047/1715/2021
f 1048/1679/2022 1072/1730/2022 1035/1703/2022
f 1055/1731/2023 1049/1732/2023 962/1570/2023
f 1019/1655/2024 1049/1704/2024 1057/1718/2024
f 899/1316/2025 553/834/2025 1020/1596/2025
f 981/1683/2026 1088/1733/2026 805/1317/2026
f 805/1317/2027 1088/1733/2027 935/1576/2027
f 935/1576/2028 1058/1734/2028 1073/1735/2028
f 936/1533/2029 935/1576/2029 1073/1735/2029
f 936/1533/2030 1073/1735/2030 1059/1719/2030
f 780/945/2031 856/836/2031 967/1597/2031
f 1074/1736/2032 1050/1705/2032 1037/1684/2032
f 1050/1705/2033 1074/1736/2033 1022/1658/2033
f 1075/1737/2034 1076/1738/2034 1022/1658/2034
f 1038/1685/2035 1051/1706/2035 1060/1720/2035
f 509/878/2036 1024/1660/2036 939/1167/2036
f 862/1320/2037 968/1577/2037 1061/1739/2037
f 986/1604/2038 1125/1740/2038 987/1603/2038
f 987/1603/2039 1077/1741/2039 1026/1662/2039
f 988/1605/2040 1026/1662/2040 1062/1721/2040
f 1064/1724/2041 1078/1742/2041 970/1607/2041
f 1066/1709/2042 1042/1694/2042 1079/1743/2042
f 1030/1639/2043 1041/1693/2043 1081/1744/2043
f 1043/1695/2044 1082/1745/2044 1031/1668/2044
f 1031/1668/2045 1082/1745/2045 992/1669/2045
f 1011/1671/2046 1068/1746/2046 1044/1698/2046
f 1045/1713/2047 1070/1729/2047 1114/1747/2047
f 1083/1748/2048 1046/1678/2048 1045/1713/2048
f 1046/1678/2049 1083/1748/2049 1071/1749/2049
f 1046/1678/2050 1071/1749/2050 1018/1654/2050
f 1018/1654/2051 1071/1749/2051 1054/1714/2051
f 1072/1730/2052 1047/1715/2052 1084/1750/2052
f 548/896/2053 872/1362/2053 1085/1751/2053
f 963/1571/2054 1036/1681/2054 1086/1752/2054
f 1057/1718/2055 1087/1753/2055 1056/1716/2055
f 1057/1718/2056 1049/1704/2056 1087/1753/2056
f 1059/1719/2057 1074/1736/2057 1001/1626/2057
f 1001/1626/2058 1074/1736/2058 1037/1684/2058
f 1074/1736/2059 1075/1737/2059 1022/1658/2059
f 1022/1658/2060 1076/1738/2060 982/1598/2060
f 1076/1738/2061 1051/1706/2061 982/1598/2061
f 983/1599/2062 1101/1754/2062 984/1556/2062
f 1089/1755/2063 989/1606/2063 1062/1721/2063
f 1027/1663/2064 1090/1756/2064 1028/1630/2064
f 1027/1665/2065 1005/1629/2065 1144/1757/2065
f 1091/1758/2066 1028/1630/2066 1090/1756/2066
f 953/1557/2067 1028/1630/2067 1091/1758/2067
f 1092/1759/2068 1063/1760/2068 953/1557/2068
f 1093/1761/2069 1007/1667/2069 1006/1634/2069
f 1066/1691/2070 1094/1762/2070 1041/1692/2070
f 1080/1763/2071 1041/1692/2071 1094/1762/2071
f 1042/1694/2072 1109/1764/2072 1079/1743/2072
f 1042/1694/2073 1052/1711/2073 1109/1764/2073
f 1041/1693/2074 1080/1765/2074 1081/1744/2074
f 992/1669/2075 1082/1745/2075 1095/1766/2075
f 992/1669/2076 1095/1766/2076 1096/1767/2076
f 1096/1767/2077 1010/1642/2077 992/1669/2077
f 1068/1727/2078 1010/1642/2078 1096/1767/2078
f 1044/1697/2079 1068/1727/2079 1111/1768/2079
f 1044/1698/2080 1111/1769/2080 1069/1728/2080
f 1053/1712/2081 1069/1700/2081 1112/1770/2081
f 1053/1712/2082 1097/1771/2082 1070/1729/2082
f 45/74/2083 29/35/2083 1098/1772/2083
f 29/35/2084 976/1588/2084 1098/1772/2084
f 1070/1729/2085 1097/1771/2085 1114/1747/2085
f 1114/1747/2086 1135/1773/2086 1045/1713/2086
f 1071/1749/2087 1099/1774/2087 1054/1714/2087
f 1047/1702/2088 1054/1714/2088 1100/1775/2088
f 1035/1680/2089 1136/1776/2089 962/1570/2089
f 872/1362/2090 963/1571/2090 1085/1751/2090
f 1117/1777/2091 1087/1753/2091 1049/1704/2091
f 980/1475/2092 1119/1778/2092 898/1476/2092
f 1119/1778/2093 999/1656/2093 898/1476/2093
f 1051/1706/2094 1122/1779/2094 1060/1720/2094
f 1039/1780/2095 1103/1781/2095 968/1782/2095
f 1025/1661/2096 1124/1783/2096 986/1602/2096
f 1125/1740/2097 1104/1784/2097 987/1603/2097
f 1077/1741/2098 1105/1785/2098 1026/1662/2098
f 1105/1785/2099 1062/1721/2099 1026/1662/2099
f 989/1606/2100 1089/1755/2100 1003/1628/2100
f 1005/1629/2101 923/1707/2101 1106/1786/2101
f 1106/1786/2102 1144/1757/2102 1005/1629/2102
f 1107/1787/2103 1064/1723/2103 1063/1722/2103
f 1064/1724/2104 1107/1788/2104 1078/1742/2104
f 1108/1789/2105 990/1608/2105 970/1607/2105
f 990/1610/2106 1108/1790/2106 1065/1725/2106
f 1006/1633/2107 1065/1725/2107 1093/1791/2107
f 1079/1743/2108 1127/1792/2108 1066/1709/2108
f 1030/1639/2109 1081/1744/2109 1110/1793/2109
f 1030/1696/2110 1110/1794/2110 1043/1695/2110
f 1112/1795/2111 1069/1728/2111 1111/1769/2111
f 1053/1796/2112 1112/1797/2112 1097/1798/2112
f 1097/1798/2113 1112/1797/2113 1113/1799/2113
f 45/74/2114 1098/1772/2114 1148/1800/2114
f 1097/1798/2115 1113/1799/2115 1114/1801/2115
f 1114/1801/2116 1113/1799/2116 1133/1802/2116
f 1114/1801/2117 1133/1802/2117 1134/1803/2117
f 1134/1803/2118 1135/1804/2118 1114/1801/2118
f 1045/1713/2119 1135/1773/2119 1083/1748/2119
f 1099/1774/2120 1100/1775/2120 1054/1714/2120
f 1047/1715/2121 1100/1805/2121 1084/1750/2121
f 1072/1806/2122 1115/1807/2122 1035/1680/2122
f 1085/1751/2123 963/1571/2123 1086/1752/2123
f 1116/1808/2124 1086/1752/2124 1036/1681/2124
f 1116/1809/2125 1036/1717/2125 1056/1716/2125
f 1049/1704/2126 1118/1810/2126 1117/1777/2126
f 1073/1735/2127 1058/1734/2127 1120/1811/2127
f 1076/1738/2128 1122/1779/2128 1051/1706/2128
f 1060/1720/2129 1101/1754/2129 983/1599/2129
f 984/1556/2130 1102/1812/2130 1039/1686/2130
f 1123/1813/2131 1103/1814/2131 1039/1686/2131
f 968/1577/2132 1103/1814/2132 1158/1815/2132
f 1061/1601/2133 1140/1816/2133 985/1600/2133
f 1025/1661/2134 985/1600/2134 1124/1783/2134
f 985/1600/2135 1140/1816/2135 1124/1783/2135
f 986/1602/2136 1124/1783/2136 1125/1817/2136
f 987/1603/2137 1104/1784/2137 1077/1741/2137
f 1004/1578/2138 1003/1628/2138 1142/1818/2138
f 923/1707/2139 1143/1819/2139 1106/1786/2139
f 953/1557/2140 1091/1758/2140 1092/1759/2140
f 1063/1722/2141 1092/1820/2141 1107/1787/2141
f 1093/1761/2142 1126/1821/2142 1007/1667/2142
f 1007/1667/2143 1126/1821/2143 1008/1635/2143
f 1066/1691/2144 1127/1822/2144 1094/1762/2144
f 1067/1726/2145 1128/1823/2145 1052/1710/2145
f 1081/1744/2146 1080/1765/2146 1129/1824/2146
f 1110/1794/2147 1130/1825/2147 1043/1695/2147
f 1043/1695/2148 1130/1825/2148 1082/1745/2148
f 1096/1767/2149 1146/1826/2149 1068/1727/2149
f 1111/1827/2150 1131/1828/2150 1112/1797/2150
f 1112/1797/2151 1131/1828/2151 1113/1799/2151
f 1113/1799/2152 1131/1828/2152 1132/1829/2152
f 1133/1830/2153 1113/1831/2153 1132/1832/2153
f 1135/1773/2154 1151/1833/2154 1083/1748/2154
f 962/1570/2155 1136/1776/2155 1055/1731/2155
f 1087/1753/2156 1138/1834/2156 1056/1716/2156
f 1087/1753/2157 1117/1777/2157 1138/1834/2157
f 1118/1810/2158 1049/1704/2158 1055/1835/2158
f 998/1595/2159 1119/1778/2159 980/1475/2159
f 1088/1733/2160 1139/1836/2160 935/1576/2160
f 935/1576/2161 1139/1836/2161 1058/1734/2161
f 1074/1736/2162 1059/1719/2162 1121/1837/2162
f 1122/1779/2163 1101/1754/2163 1060/1720/2163
f 1102/1812/2164 1123/1813/2164 1039/1686/2164
f 1123/1813/2165 1158/1815/2165 1103/1814/2165
f 1140/1838/2166 1061/1739/2166 968/1577/2166
f 1141/1839/2167 1062/1840/2167 1105/1841/2167
f 1089/1755/2168 1062/1721/2168 1141/1842/2168
f 1089/1755/2169 1142/1818/2169 1003/1628/2169
f 1004/1578/2170 1142/1818/2170 1143/1843/2170
f 1004/1578/2171 1143/1843/2171 923/1513/2171
f 1027/1665/2172 1144/1757/2172 1090/1844/2172
f 1078/1742/2173 1145/1845/2173 970/1607/2173
f 1126/1821/2174 1067/1726/2174 1008/1635/2174
f 1052/1711/2175 1128/1846/2175 1109/1764/2175
f 1081/1744/2176 1129/1824/2176 1110/1793/2176
f 1068/1847/2177 1147/1848/2177 1111/1827/2177
f 1111/1768/2178 1147/1849/2178 1131/1850/2178
f 1148/1800/2179 153/333/2179 45/74/2179
f 1131/1850/2180 1147/1849/2180 1132/1832/2180
f 1133/1802/2181 1149/1851/2181 1134/1803/2181
f 1150/1852/2182 1135/1804/2182 1134/1803/2182
f 1151/1853/2183 1135/1854/2183 1150/1855/2183
f 1151/1833/2184 1152/1856/2184 1083/1748/2184
f 1083/1748/2185 1152/1856/2185 1071/1749/2185
f 1071/1749/2186 1153/1857/2186 1099/1774/2186
f 1136/1776/2187 1137/1858/2187 1055/1731/2187
f 1056/1716/2188 1138/1834/2188 1116/1809/2188
f 966/1575/2189 1187/1859/2189 918/1508/2189
f 1120/1811/2190 1154/1860/2190 1073/1735/2190
f 1155/1861/2191 1059/1719/2191 1073/1735/2191
f 1121/1837/2192 1075/1737/2192 1074/1736/2192
f 1075/1737/2193 1156/1862/2193 1076/1738/2193
f 1157/1863/2194 1123/1813/2194 1102/1812/2194
f 1123/1813/2195 1157/1863/2195 1158/1815/2195
f 1125/1740/2196 1194/1864/2196 1104/1784/2196
f 1160/1865/2197 1092/1759/2197 1159/1866/2197
f 1092/1820/2198 1160/1867/2198 1107/1787/2198
f 1161/1868/2199 1065/1869/2199 1108/1789/2199
f 1079/1743/2200 1177/1870/2200 1127/1792/2200
f 1162/1871/2201 1109/1764/2201 1128/1846/2201
f 1080/1763/2202 1094/1762/2202 1129/1872/2202
f 1096/1767/2203 1095/1766/2203 1146/1826/2203
f 1068/1727/2204 1146/1826/2204 1147/1849/2204
f 1181/1873/2205 1133/1830/2205 1132/1832/2205
f 1181/1874/2206 1163/1875/2206 1133/1876/2206
f 1164/1877/2207 1149/1851/2207 1165/1878/2207
f 1165/1878/2208 1149/1851/2208 1163/1879/2208
f 1133/1830/2209 1163/1880/2209 1149/1881/2209
f 1149/1851/2210 1164/1877/2210 1184/1882/2210
f 1166/1883/2211 1134/1884/2211 1149/1881/2211
f 1150/1885/2212 1134/1884/2212 1166/1883/2212
f 1151/1853/2213 1150/1855/2213 1167/1886/2213
f 1153/1857/2214 1071/1749/2214 1168/1887/2214
f 1099/1774/2215 1153/1857/2215 1169/1888/2215
f 1099/1774/2216 1169/1888/2216 1100/1775/2216
f 1100/1805/2217 1169/1889/2217 1084/1750/2217
f 1072/1730/2218 1084/1750/2218 1170/1890/2218
f 1115/1807/2219 1072/1806/2219 1170/1891/2219
f 1115/1807/2220 1136/1776/2220 1035/1680/2220
f 1171/1892/2221 1055/1731/2221 1137/1858/2221
f 1117/1777/2222 1172/1893/2222 1138/1834/2222
f 1117/1777/2223 1118/1810/2223 1172/1893/2223
f 1171/1894/2224 1118/1810/2224 1055/1835/2224
f 1187/1859/2225 981/1683/2225 918/1508/2225
f 1058/1895/2226 1139/1896/2226 1120/1897/2226
f 1073/1735/2227 1154/1860/2227 1155/1861/2227
f 1059/1719/2228 1155/1861/2228 1121/1837/2228
f 1076/1738/2229 1156/1862/2229 1191/1898/2229
f 1191/1898/2230 1122/1779/2230 1076/1738/2230
f 1102/1812/2231 984/1556/2231 1101/1754/2231
f 1124/1783/2232 1140/1816/2232 1173/1899/2232
f 1174/1900/2233 1104/1784/2233 1194/1864/2233
f 1141/1842/2234 1175/1901/2234 1089/1755/2234
f 1144/1757/2235 1106/1786/2235 1198/1902/2235
f 1092/1759/2236 1091/1758/2236 1159/1866/2236
f 1107/1788/2237 1145/1845/2237 1078/1742/2237
f 1065/1725/2238 1161/1903/2238 1093/1791/2238
f 1176/1904/2239 1067/1726/2239 1126/1821/2239
f 1129/1872/2240 1094/1762/2240 1178/1905/2240
f 1178/1905/2241 1094/1762/2241 1127/1822/2241
f 1079/1743/2242 1162/1871/2242 1177/1870/2242
f 1109/1764/2243 1162/1871/2243 1079/1743/2243
f 1110/1793/2244 1129/1824/2244 1178/1906/2244
f 1110/1793/2245 1178/1906/2245 1179/1907/2245
f 1179/1908/2246 1130/1825/2246 1110/1794/2246
f 1180/1909/2247 1082/1745/2247 1130/1825/2247
f 1147/1849/2248 1181/1873/2248 1132/1832/2248
f 1165/1878/2249 1182/1910/2249 1164/1877/2249
f 1183/1911/2250 1164/1912/2250 1182/1913/2250
f 1184/1914/2251 1164/1912/2251 1183/1911/2251
f 1149/1915/2252 1184/1916/2252 1166/1917/2252
f 1151/1853/2253 1167/1886/2253 1185/1918/2253
f 1151/1833/2254 1185/1919/2254 1152/1856/2254
f 1000/1625/2255 1187/1859/2255 966/1575/2255
f 1188/1920/2256 1154/1860/2256 1120/1811/2256
f 1188/1920/2257 1155/1861/2257 1154/1860/2257
f 1121/1837/2258 1190/1921/2258 1075/1737/2258
f 1189/1922/2259 856/836/2259 939/1167/2259
f 1075/1737/2260 1190/1921/2260 1156/1862/2260
f 1101/1754/2261 1192/1923/2261 1102/1812/2261
f 1102/1812/2262 1192/1923/2262 1157/1863/2262
f 1158/1815/2263 1193/1924/2263 968/1577/2263
f 968/1925/2264 1193/1926/2264 1140/1816/2264
f 1125/1817/2265 1124/1783/2265 1194/1927/2265
f 1174/1900/2266 1195/1928/2266 1104/1784/2266
f 1104/1784/2267 1195/1928/2267 1077/1741/2267
f 1089/1755/2268 1175/1901/2268 1142/1818/2268
f 786/1280/2269 690/1073/2269 1197/1929/2269
f 1144/1757/2270 1198/1902/2270 1090/1844/2270
f 1107/1787/2271 1160/1867/2271 1145/1930/2271
f 970/1607/2272 1145/1845/2272 1108/1789/2272
f 1108/1789/2273 1199/1931/2273 1161/1868/2273
f 1211/1932/2274 1126/1821/2274 1093/1761/2274
f 1128/1823/2275 1067/1726/2275 1176/1904/2275
f 1152/1856/2276 1186/1933/2276 1071/1749/2276
f 1186/1933/2277 1168/1887/2277 1071/1749/2277
f 1138/1834/2278 1200/1934/2278 1116/1809/2278
f 1138/1834/2279 1201/1935/2279 1200/1934/2279
f 1172/1893/2280 1201/1935/2280 1138/1834/2280
f 875/1099/2281 1202/1936/2281 897/1474/2281
f 1120/1897/2282 1139/1896/2282 1204/1937/2282
f 1120/1811/2283 1204/1938/2283 1188/1920/2283
f 1188/1939/2284 1205/1940/2284 1155/1941/2284
f 1205/1942/2285 1206/1943/2285 1155/1861/2285
f 1155/1861/2286 1206/1943/2286 1121/1837/2286
f 1121/1837/2287 1207/1944/2287 1190/1921/2287
f 1191/1898/2288 1222/1945/2288 1122/1779/2288
f 1157/1863/2289 1192/1923/2289 1158/1815/2289
f 1158/1815/2290 1248/1946/2290 1193/1924/2290
f 1124/1783/2291 1173/1899/2291 1194/1927/2291
f 1077/1741/2292 1195/1928/2292 1105/1785/2292
f 1105/1841/2293 1196/1947/2293 1141/1839/2293
f 1141/1839/2294 1196/1947/2294 1208/1948/2294
f 1142/1818/2295 1210/1949/2295 1143/1843/2295
f 1093/1791/2296 1161/1903/2296 1211/1950/2296
f 1211/1932/2297 1176/1904/2297 1126/1821/2297
f 1127/1822/2298 1212/1951/2298 1178/1905/2298
f 1177/1870/2299 1212/1952/2299 1127/1792/2299
f 1256/1953/2300 1177/1870/2300 1162/1871/2300
f 1179/1954/2301 1178/1955/2301 1257/1956/2301
f 1179/1908/2302 1180/1909/2302 1130/1825/2302
f 1082/1745/2303 1180/1909/2303 1095/1766/2303
f 1180/1909/2304 1232/1957/2304 1095/1766/2304
f 1232/1957/2305 1146/1826/2305 1095/1766/2305
f 1163/1875/2306 1213/1958/2306 1165/1959/2306
f 1213/1958/2307 1163/1875/2307 1181/1874/2307
f 1214/1960/2308 1182/1961/2308 1165/1959/2308
f 1214/1962/2309 1183/1911/2309 1182/1913/2309
f 1184/1914/2310 1183/1911/2310 1215/1963/2310
f 1166/1917/2311 1184/1916/2311 1215/1964/2311
f 1216/1965/2312 1152/1966/2312 1185/1918/2312
f 1152/1856/2313 1216/1967/2313 1186/1933/2313
f 1169/1888/2314 1153/1857/2314 1168/1887/2314
f 1217/1968/2315 1170/1890/2315 1084/1750/2315
f 875/1099/2316 446/1435/2316 1202/1936/2316
f 1218/1969/2317 1119/1778/2317 998/1595/2317
f 1119/1778/2318 1218/1969/2318 1219/1970/2318
f 1119/1778/2319 1219/1970/2319 999/1656/2319
f 1219/1970/2320 1000/1625/2320 999/1656/2320
f 1088/1733/2321 1203/1971/2321 1139/1836/2321
f 1205/1942/2322 1220/1972/2322 1206/1943/2322
f 1206/1943/2323 1221/1973/2323 1121/1837/2323
f 967/1597/2324 856/836/2324 1189/1922/2324
f 1121/1837/2325 1221/1973/2325 1207/1944/2325
f 1190/1921/2326 1222/1945/2326 1156/1862/2326
f 1156/1862/2327 1222/1945/2327 1191/1898/2327
f 1222/1945/2328 1244/1974/2328 1122/1779/2328
f 1101/1754/2329 1223/1975/2329 1192/1923/2329
f 1140/1816/2330 1193/1926/2330 1224/1976/2330
f 1140/1816/2331 1224/1976/2331 1173/1899/2331
f 1175/1901/2332 1141/1842/2332 1208/1977/2332
f 1175/1901/2333 1250/1978/2333 1225/1979/2333
f 1143/1843/2334 1210/1949/2334 1226/1980/2334
f 1226/1981/2335 1106/1786/2335 1143/1819/2335
f 1226/1981/2336 1198/1902/2336 1106/1786/2336
f 1091/1758/2337 1090/1756/2337 1251/1982/2337
f 1160/1865/2338 1159/1866/2338 1227/1983/2338
f 1145/1930/2339 1160/1867/2339 1227/1984/2339
f 1145/1845/2340 1199/1931/2340 1108/1789/2340
f 1176/1904/2341 1228/1985/2341 1128/1823/2341
f 1229/1986/2342 1162/1987/2342 1128/1823/2342
f 1229/1988/2343 1256/1953/2343 1162/1871/2343
f 1212/1951/2344 1230/1989/2344 1178/1905/2344
f 1256/1953/2345 1212/1952/2345 1177/1870/2345
f 1178/1905/2346 1230/1989/2346 1257/1990/2346
f 1257/1956/2347 1231/1991/2347 1179/1954/2347
f 1231/1991/2348 1180/1992/2348 1179/1954/2348
f 1146/1826/2349 1233/1993/2349 1147/1849/2349
f 1181/1873/2350 1147/1849/2350 1233/1993/2350
f 1213/1958/2351 1234/1994/2351 1165/1959/2351
f 1234/1995/2352 1214/1962/2352 1165/1996/2352
f 1183/1911/2353 1235/1997/2353 1215/1963/2353
f 1150/1885/2354 1236/1998/2354 1167/1999/2354
f 1168/1887/2355 1237/2000/2355 1169/1888/2355
f 1084/1750/2356 1169/1889/2356 1217/1968/2356
f 1085/1751/2357 1086/1752/2357 1116/1808/2357
f 1118/1810/2358 1171/1894/2358 1238/2001/2358
f 1238/2002/2359 1171/1892/2359 1137/1858/2359
f 1239/2003/2360 998/1682/2360 965/1574/2360
f 1239/2004/2361 1218/1969/2361 998/1595/2361
f 1239/2005/2362 1240/2006/2362 1218/2007/2362
f 1241/2008/2363 1219/2009/2363 1263/2010/2363
f 1000/2011/2364 1219/2009/2364 1241/2008/2364
f 1242/2012/2365 1000/1625/2365 1241/2013/2365
f 1000/1625/2366 1242/2012/2366 1187/1859/2366
f 1139/1836/2367 1243/2014/2367 1204/1938/2367
f 1270/2015/2368 1188/1920/2368 1204/1938/2368
f 1270/2015/2369 1205/1942/2369 1188/1920/2369
f 1220/1972/2370 1221/1973/2370 1206/1943/2370
f 1245/2016/2371 1223/1975/2371 1101/1754/2371
f 1192/1923/2372 1247/2017/2372 1158/1815/2372
f 1105/1785/2373 1195/1928/2373 1249/2018/2373
f 1249/2018/2374 1196/2019/2374 1105/1785/2374
f 1175/1901/2375 1208/1977/2375 1250/1978/2375
f 1225/1979/2376 1142/1818/2376 1175/1901/2376
f 1210/1949/2377 1142/1818/2377 1225/1979/2377
f 786/1280/2378 1197/1929/2378 1209/2020/2378
f 1251/2021/2379 1090/1844/2379 1198/1902/2379
f 1227/1983/2380 1159/1866/2380 1252/2022/2380
f 1145/1930/2381 1227/1984/2381 1253/2023/2381
f 1253/2024/2382 1254/2025/2382 1145/1845/2382
f 1145/1845/2383 1254/2025/2383 1199/1931/2383
f 1199/1931/2384 1255/2026/2384 1161/1868/2384
f 1255/2027/2385 1211/1950/2385 1161/1903/2385
f 1128/1823/2386 1228/1985/2386 1229/1986/2386
f 1212/1952/2387 1256/1953/2387 1230/2028/2387
f 1232/1957/2388 1233/1993/2388 1146/1826/2388
f 1213/1958/2389 1181/1874/2389 1258/2029/2389
f 1166/1917/2390 1215/1964/2390 1259/2030/2390
f 1215/1963/2391 1305/2031/2391 1259/2032/2391
f 1259/2032/2392 1150/1885/2392 1166/1883/2392
f 1150/1885/2393 1259/2032/2393 1236/1998/2393
f 1260/2033/2394 1186/1933/2394 1216/1967/2394
f 996/1701/2395 548/896/2395 1085/1751/2395
f 1172/1893/2396 1286/2034/2396 1201/1935/2396
f 1172/1893/2397 1118/1810/2397 1287/2035/2397
f 1201/1935/2398 1261/2036/2398 1200/1934/2398
f 446/1435/2399 1262/2037/2399 1202/1936/2399
f 446/764/2400 737/1205/2400 1262/2038/2400
f 1240/2006/2401 1263/2010/2401 1218/2007/2401
f 1218/2007/2402 1263/2010/2402 1219/2009/2402
f 1242/2012/2403 1264/2039/2403 1187/1859/2403
f 1264/2039/2404 1265/2040/2404 1187/1859/2404
f 1265/2040/2405 1310/2041/2405 1187/1859/2405
f 1187/1859/2406 1310/2041/2406 981/1683/2406
f 1088/1733/2407 981/1683/2407 1266/2042/2407
f 1269/2043/2408 1243/2014/2408 1139/1836/2408
f 1243/2014/2409 1270/2015/2409 1204/1938/2409
f 1220/1972/2410 1271/2044/2410 1221/1973/2410
f 967/1597/2411 1189/1922/2411 1272/2045/2411
f 1271/2044/2412 1273/2046/2412 1221/1973/2412
f 1221/1973/2413 1273/2046/2413 1207/1944/2413
f 1273/2046/2414 1293/2047/2414 1207/1944/2414
f 1207/1944/2415 1293/2047/2415 1190/1921/2415
f 1293/2047/2416 1222/1945/2416 1190/1921/2416
f 1122/1779/2417 1244/1974/2417 1101/1754/2417
f 1244/1974/2418 1245/2016/2418 1101/1754/2418
f 1246/2048/2419 939/1167/2419 1024/1660/2419
f 1158/1815/2420 1247/2017/2420 1248/1946/2420
f 1194/1927/2421 1173/1899/2421 1274/2049/2421
f 1174/1900/2422 1194/1864/2422 1274/2050/2422
f 1251/1982/2423 1159/1866/2423 1091/1758/2423
f 1227/1984/2424 1275/2051/2424 1253/2023/2424
f 1255/2026/2425 1199/1931/2425 1254/2025/2425
f 1255/2052/2426 1176/2053/2426 1211/2054/2426
f 1229/1986/2427 1228/1985/2427 1328/2055/2427
f 1229/1988/2428 1353/2056/2428 1256/1953/2428
f 1257/2057/2429 1276/2058/2429 1277/2059/2429
f 1230/1989/2430 1276/2060/2430 1257/1990/2430
f 1256/1953/2431 1276/2058/2431 1230/2028/2431
f 1278/2061/2432 1257/1990/2432 1277/2062/2432
f 1257/1956/2433 1279/2063/2433 1231/1991/2433
f 1231/1991/2434 1232/2064/2434 1180/1992/2434
f 1233/1993/2435 1232/1957/2435 1280/2065/2435
f 1281/2066/2436 1213/2067/2436 1258/2068/2436
f 1281/2069/2437 1234/1994/2437 1213/1958/2437
f 1234/1994/2438 1282/2070/2438 1214/1960/2438
f 253/538/2439 996/1701/2439 976/1588/2439
f 1167/1886/2440 1236/2071/2440 1283/2072/2440
f 1185/1918/2441 1167/1886/2441 1283/2072/2441
f 1283/2072/2442 1216/1965/2442 1185/1918/2442
f 1168/1887/2443 1186/1933/2443 1260/2033/2443
f 1168/1887/2444 1260/2033/2444 1284/2073/2444
f 1168/1887/2445 1284/2073/2445 1237/2000/2445
f 1237/2074/2446 1365/2075/2446 1169/1889/2446
f 1170/1891/2447 1285/2076/2447 1115/1807/2447
f 1172/1893/2448 1287/2035/2448 1286/2034/2448
f 1240/2077/2449 1288/2078/2449 1263/2079/2449
f 1288/2078/2450 1289/2080/2450 1263/2079/2450
f 1263/2079/2451 1289/2080/2451 1241/2013/2451
f 1289/2080/2452 1290/2081/2452 1241/2013/2452
f 1241/2013/2453 1335/2082/2453 1242/2012/2453
f 1242/2083/2454 1335/2084/2454 1291/2085/2454
f 1264/2039/2455 1242/2012/2455 1291/2086/2455
f 981/1683/2456 1310/2041/2456 1266/2042/2456
f 1266/2042/2457 1267/2087/2457 1088/1733/2457
f 1267/2087/2458 1292/2088/2458 1088/1733/2458
f 1088/1733/2459 1268/2089/2459 1203/1971/2459
f 1139/1836/2460 1203/1971/2460 1269/2043/2460
f 1311/2090/2461 1220/1972/2461 1205/1942/2461
f 1271/2044/2462 1293/2047/2462 1273/2046/2462
f 1294/2091/2463 1174/1900/2463 1274/2050/2463
f 1174/1900/2464 1294/2091/2464 1195/1928/2464
f 1294/2091/2465 1249/2018/2465 1195/1928/2465
f 1208/1948/2466 1196/1947/2466 1295/2092/2466
f 1208/1977/2467 1296/2093/2467 1250/1978/2467
f 1208/1948/2468 1295/2092/2468 1296/2094/2468
f 1002/1627/2469 786/1280/2469 1209/2020/2469
f 1296/2093/2470 1225/1979/2470 1250/1978/2470
f 1317/2095/2471 1210/1949/2471 1225/1979/2471
f 1210/1949/2472 1317/2095/2472 1226/1980/2472
f 1226/1980/2473 1317/2095/2473 1297/2096/2473
f 1226/1981/2474 1297/2097/2474 1198/1902/2474
f 1198/1902/2475 1297/2097/2475 1251/2021/2475
f 1251/1982/2476 1298/2098/2476 1159/1866/2476
f 1159/1866/2477 1298/2098/2477 1252/2022/2477
f 1275/2099/2478 1227/1983/2478 1252/2022/2478
f 1254/2100/2479 1275/2101/2479 1299/2102/2479
f 1254/2100/2480 1253/2103/2480 1275/2101/2480
f 1299/2104/2481 1300/2105/2481 1254/2025/2481
f 1254/2025/2482 1300/2105/2482 1255/2026/2482
f 1255/2027/2483 1300/2106/2483 1176/2107/2483
f 1176/2053/2484 1300/2108/2484 1228/2109/2484
f 1256/1953/2485 1302/2110/2485 1276/2058/2485
f 1257/1956/2486 1278/2111/2486 1279/2063/2486
f 698/1125/2487 393/676/2487 1303/2112/2487
f 1233/1993/2488 1258/2068/2488 1181/1873/2488
f 1234/1994/2489 1281/2069/2489 1282/2070/2489
f 1214/1962/2490 1304/2113/2490 1183/1911/2490
f 1183/1911/2491 1304/2113/2491 1235/1997/2491
f 1169/1889/2492 1365/2075/2492 1217/1968/2492
f 1217/2114/2493 1285/2076/2493 1170/1891/2493
f 1115/1807/2494 1285/2076/2494 1136/1776/2494
f 1136/1776/2495 1306/2115/2495 1137/1858/2495
f 1238/2001/2496 1287/2035/2496 1118/1810/2496
f 965/1574/2497 916/1434/2497 1307/2116/2497
f 965/1574/2498 1307/2116/2498 1239/2003/2498
f 1308/2117/2499 1240/2118/2499 1239/2003/2499
f 1288/2078/2500 1240/2077/2500 1308/2119/2500
f 1335/2082/2501 1241/2013/2501 1290/2081/2501
f 1291/2086/2502 1309/2120/2502 1264/2039/2502
f 1336/2121/2503 1310/2041/2503 1265/2040/2503
f 1310/2041/2504 1337/2122/2504 1266/2042/2504
f 1292/2088/2505 1268/2089/2505 1088/1733/2505
f 1269/2043/2506 1311/2090/2506 1243/2014/2506
f 1243/2014/2507 1311/2090/2507 1270/2015/2507
f 1270/2015/2508 1311/2090/2508 1205/1942/2508
f 1220/1972/2509 1311/2090/2509 1271/2044/2509
f 1293/2047/2510 1271/2044/2510 1312/2123/2510
f 1293/2047/2511 1312/2123/2511 1222/1945/2511
f 1244/1974/2512 1313/2124/2512 1245/2016/2512
f 1223/1975/2513 1314/2125/2513 1192/1923/2513
f 1192/1923/2514 1315/2126/2514 1247/2017/2514
f 1193/1926/2515 1248/2127/2515 1224/1976/2515
f 1173/1899/2516 1224/1976/2516 1343/2128/2516
f 1274/2049/2517 1173/1899/2517 1343/2128/2517
f 1295/2129/2518 1196/2019/2518 1249/2018/2518
f 1316/2130/2519 1296/2131/2519 1295/2132/2519
f 1317/2133/2520 1296/2131/2520 1316/2130/2520
f 1316/2130/2521 1318/2134/2521 1317/2133/2521
f 1317/2095/2522 1225/1979/2522 1296/2093/2522
f 1318/2134/2523 1320/2135/2523 1317/2133/2523
f 690/1073/2524 754/1421/2524 1197/1929/2524
f 1319/2136/2525 1251/2021/2525 1297/2097/2525
f 1297/2137/2526 1317/2133/2526 1320/2135/2526
f 1319/2138/2527 1298/2139/2527 1251/2140/2527
f 1319/2138/2528 1297/2137/2528 1321/2141/2528
f 1297/2137/2529 1323/2142/2529 1321/2141/2529
f 1320/2135/2530 1323/2142/2530 1297/2137/2530
f 1323/2143/2531 1320/2144/2531 1322/2145/2531
f 1324/2146/2532 1319/2138/2532 1321/2141/2532
f 1298/2098/2533 1324/2147/2533 1252/2022/2533
f 1321/2141/2534 1299/2102/2534 1324/2146/2534
f 1323/2142/2535 1325/2148/2535 1321/2141/2535
f 1325/2148/2536 1299/2102/2536 1321/2141/2536
f 1252/2022/2537 1324/2147/2537 1275/2099/2537
f 1299/2102/2538 1275/2101/2538 1324/2146/2538
f 1325/2148/2539 1300/2108/2539 1299/2102/2539
f 1326/2149/2540 1300/2105/2540 1325/2150/2540
f 1327/2151/2541 1300/2105/2541 1326/2149/2541
f 1228/1985/2542 1300/2105/2542 1327/2151/2542
f 1228/1985/2543 1327/2151/2543 1328/2055/2543
f 1353/2152/2544 1229/1986/2544 1329/2153/2544
f 1329/2153/2545 1229/1986/2545 1328/2055/2545
f 1353/2152/2546 1302/2154/2546 1256/2155/2546
f 1276/2058/2547 1330/2156/2547 1277/2059/2547
f 1276/2058/2548 1331/2157/2548 1330/2156/2548
f 1302/2158/2549 1331/2159/2549 1276/2160/2549
f 1277/2062/2550 1330/2161/2550 1278/2061/2550
f 1330/2161/2551 1332/2162/2551 1278/2061/2551
f 1357/2163/2552 1278/2061/2552 1332/2162/2552
f 1279/2164/2553 1278/2061/2553 1357/2163/2553
f 1279/2063/2554 1333/2165/2554 1231/1991/2554
f 1231/2166/2555 1333/2167/2555 1232/1957/2555
f 1280/2065/2556 1232/1957/2556 1333/2167/2556
f 1282/2168/2557 1304/2113/2557 1214/1962/2557
f 1235/2169/2558 1305/2170/2558 1215/1964/2558
f 1236/2071/2559 1363/2171/2559 1283/2072/2559
f 1365/2172/2560 1237/2000/2560 1284/2073/2560
f 1365/2075/2561 1334/2173/2561 1217/1968/2561
f 1306/2115/2562 1238/2002/2562 1137/1858/2562
f 1116/1809/2563 1200/1934/2563 1368/2174/2563
f 1307/2116/2564 1308/2117/2564 1239/2003/2564
f 1336/2121/2565 1264/2039/2565 1309/2120/2565
f 1264/2039/2566 1336/2121/2566 1265/2040/2566
f 1292/2088/2567 1338/2175/2567 1268/2089/2567
f 1268/2089/2568 1339/2176/2568 1203/1971/2568
f 1314/2125/2569 1315/2126/2569 1192/1923/2569
f 1315/2126/2570 1340/2177/2570 1247/2017/2570
f 1340/2178/2571 1403/2179/2571 1341/2180/2571
f 1341/2180/2572 1403/2179/2572 1376/2181/2572
f 1247/2017/2573 1342/2182/2573 1248/1946/2573
f 1340/2177/2574 1342/2182/2574 1247/2017/2574
f 1341/2180/2575 1343/2183/2575 1340/2178/2575
f 1343/2183/2576 1342/2184/2576 1340/2178/2576
f 1224/1976/2577 1248/2127/2577 1342/2185/2577
f 1343/2128/2578 1224/1976/2578 1342/2185/2578
f 1344/2186/2579 1274/2049/2579 1343/2128/2579
f 1294/2187/2580 1274/2188/2580 1344/2189/2580
f 1294/2091/2581 1344/2190/2581 1249/2018/2581
f 1344/2190/2582 1346/2191/2582 1249/2018/2582
f 1249/2192/2583 1346/2193/2583 1295/2132/2583
f 1295/2132/2584 1346/2193/2584 1316/2130/2584
f 1002/1627/2585 1209/2020/2585 1345/2194/2585
f 1318/2134/2586 1316/2130/2586 1346/2193/2586
f 1347/2195/2587 1318/2134/2587 1346/2193/2587
f 1347/2196/2588 1348/2197/2588 1318/2198/2588
f 1318/2134/2589 1348/2199/2589 1320/2135/2589
f 1348/2197/2590 1322/2145/2590 1320/2144/2590
f 1319/2138/2591 1324/2146/2591 1298/2139/2591
f 1322/2200/2592 1325/2148/2592 1323/2142/2592
f 1325/2148/2593 1322/2200/2593 1349/2201/2593
f 1350/2202/2594 1325/2150/2594 1349/2203/2594
f 1326/2149/2595 1325/2150/2595 1351/2204/2595
f 1352/2205/2596 1327/2206/2596 1326/2207/2596
f 1352/2205/2597 1328/2208/2597 1327/2206/2597
f 1385/2209/2598 1355/2210/2598 1353/2211/2598
f 1355/2210/2599 1302/2158/2599 1353/2211/2599
f 1356/2212/2600 1302/2158/2600 1355/2210/2600
f 1331/2159/2601 1357/2213/2601 1330/2214/2601
f 1357/2213/2602 1332/2215/2602 1330/2214/2602
f 1356/2212/2603 1331/2159/2603 1302/2158/2603
f 1331/2159/2604 1356/2212/2604 1357/2213/2604
f 1358/2216/2605 1357/2213/2605 1356/2212/2605
f 1357/2163/2606 1358/2217/2606 1279/2164/2606
f 1359/2218/2607 1279/2164/2607 1358/2217/2607
f 1279/2063/2608 1359/2219/2608 1333/2165/2608
f 393/676/2609 153/333/2609 1303/2112/2609
f 1281/2066/2610 1258/2068/2610 1360/2220/2610
f 1304/2221/2611 1282/2222/2611 1361/2223/2611
f 1361/2223/2612 1282/2222/2612 1281/2224/2612
f 1304/2113/2613 1362/2225/2613 1235/1997/2613
f 1305/2170/2614 1235/2169/2614 1362/2226/2614
f 1363/2227/2615 1236/1998/2615 1259/2032/2615
f 1260/2033/2616 1216/1967/2616 1364/2228/2616
f 1284/2073/2617 1260/2033/2617 1364/2228/2617
f 1366/2229/2618 1306/2115/2618 1136/1776/2618
f 1116/1808/2619 1367/2230/2619 1085/1751/2619
f 1368/2174/2620 1367/2231/2620 1116/1809/2620
f 1201/1935/2621 1369/2232/2621 1261/2036/2621
f 1261/2036/2622 1370/2233/2622 1200/1934/2622
f 1370/2233/2623 1261/2036/2623 1369/2232/2623
f 1371/2234/2624 1310/2041/2624 1336/2121/2624
f 1310/2041/2625 1371/2234/2625 1337/2122/2625
f 1266/2042/2626 1372/2235/2626 1267/2087/2626
f 1292/2088/2627 1267/2087/2627 1373/2236/2627
f 1373/2236/2628 1374/2237/2628 1292/2088/2628
f 1312/2123/2629 1244/1974/2629 1222/1945/2629
f 1245/2016/2630 1375/2238/2630 1223/1975/2630
f 1315/2126/2631 1401/2239/2631 1340/2177/2631
f 1376/2181/2632 1403/2179/2632 1402/2240/2632
f 1403/2179/2633 1340/2178/2633 1401/2241/2633
f 1405/2242/2634 1341/2180/2634 1376/2181/2634
f 1405/2242/2635 1344/2189/2635 1341/2180/2635
f 1344/2189/2636 1405/2242/2636 1377/2243/2636
f 1024/1660/2637 1002/1627/2637 1345/2194/2637
f 1343/2183/2638 1341/2180/2638 1344/2189/2638
f 1377/2244/2639 1378/2245/2639 1344/2190/2639
f 1344/2190/2640 1378/2245/2640 1346/2191/2640
f 1347/2196/2641 1379/2246/2641 1348/2197/2641
f 1322/2145/2642 1348/2197/2642 1380/2247/2642
f 1325/2150/2643 1350/2202/2643 1351/2204/2643
f 1351/2248/2644 1381/2249/2644 1326/2207/2644
f 1381/2250/2645 1382/2251/2645 1352/2252/2645
f 1326/2207/2646 1381/2249/2646 1352/2205/2646
f 1383/2253/2647 1328/2208/2647 1352/2205/2647
f 1329/2153/2648 1328/2055/2648 1384/2254/2648
f 1383/2255/2649 1384/2256/2649 1328/2257/2649
f 1384/2258/2650 1385/2209/2650 1329/2259/2650
f 1385/2209/2651 1353/2211/2651 1329/2259/2651
f 1301/2260/2652 696/1149/2652 1354/2261/2652
f 1354/2261/2653 696/1149/2653 575/1113/2653
f 1355/2262/2654 1386/2263/2654 1356/2264/2654
f 1356/2264/2655 1386/2263/2655 1358/2217/2655
f 1358/2217/2656 1387/2265/2656 1359/2218/2656
f 1411/2266/2657 1359/2218/2657 1387/2265/2657
f 1411/2267/2658 1333/2165/2658 1359/2219/2658
f 1280/2065/2659 1333/2167/2659 1388/2268/2659
f 1389/2269/2660 1280/2065/2660 1388/2268/2660
f 1389/2269/2661 1233/1993/2661 1280/2065/2661
f 1281/2066/2662 1360/2220/2662 1361/2270/2662
f 1304/2271/2663 1361/2272/2663 1362/2226/2663
f 1362/2225/2664 1363/2227/2664 1305/2031/2664
f 1305/2031/2665 1363/2227/2665 1259/2032/2665
f 1283/2273/2666 1363/2227/2666 1364/2228/2666
f 1364/2228/2667 1216/1967/2667 1283/2273/2667
f 1364/2228/2668 1430/2274/2668 1284/2073/2668
f 1284/2073/2669 1430/2274/2669 1390/2275/2669
f 1390/2275/2670 1365/2172/2670 1284/2073/2670
f 1285/2076/2671 1366/2229/2671 1136/1776/2671
f 1287/2035/2672 1238/2001/2672 1391/2276/2672
f 1306/2115/2673 1391/2277/2673 1238/2002/2673
f 1286/2034/2674 1412/2278/2674 1201/1935/2674
f 1200/1934/2675 1370/2233/2675 1368/2174/2675
f 1288/2078/2676 1393/2279/2676 1289/2080/2676
f 1394/2280/2677 1336/2121/2677 1309/2120/2677
f 1395/2281/2678 1267/2087/2678 1372/2235/2678
f 1267/2087/2679 1395/2281/2679 1373/2236/2679
f 1396/2282/2680 1268/2089/2680 1338/2175/2680
f 1268/2089/2681 1396/2282/2681 1339/2176/2681
f 1339/2176/2682 1397/2283/2682 1203/1971/2682
f 1269/2043/2683 1203/1971/2683 1397/2283/2683
f 1311/2090/2684 1312/2123/2684 1271/2044/2684
f 1189/1922/2685 939/1167/2685 1246/2048/2685
f 1313/2124/2686 1398/2284/2686 1245/2016/2686
f 1245/2016/2687 1398/2284/2687 1375/2238/2687
f 1399/2285/2688 1223/1975/2688 1375/2238/2688
f 1399/2285/2689 1314/2125/2689 1223/1975/2689
f 1400/2286/2690 1403/2179/2690 1401/2241/2690
f 1402/2240/2691 1403/2179/2691 1400/2286/2691
f 1376/2287/2692 1402/2288/2692 1404/2289/2692
f 1404/2289/2693 1405/2290/2693 1376/2287/2693
f 1378/2245/2694 1406/2291/2694 1346/2191/2694
f 1346/2191/2695 1406/2291/2695 1347/2196/2695
f 1406/2291/2696 1407/2292/2696 1347/2196/2696
f 1347/2196/2697 1407/2292/2697 1379/2246/2697
f 1379/2246/2698 1380/2247/2698 1348/2197/2698
f 1322/2145/2699 1380/2247/2699 1349/2203/2699
f 1380/2247/2700 1408/2293/2700 1349/2203/2700
f 1349/2203/2701 1408/2293/2701 1350/2202/2701
f 1352/2252/2702 1382/2251/2702 1383/2294/2702
f 1385/2209/2703 1384/2258/2703 1383/2253/2703
f 1385/2209/2704 1383/2253/2704 1409/2295/2704
f 1410/2296/2705 1385/2297/2705 1409/2298/2705
f 1385/2297/2706 1410/2296/2706 1355/2262/2706
f 1355/2262/2707 1410/2296/2707 1386/2263/2707
f 1358/2217/2708 1386/2263/2708 1387/2265/2708
f 1333/2165/2709 1411/2267/2709 1388/2299/2709
f 1362/2225/2710 1428/2300/2710 1363/2227/2710
f 1429/2301/2711 1364/2228/2711 1363/2227/2711
f 1365/2075/2712 1390/2302/2712 1334/2173/2712
f 1334/2303/2713 1366/2229/2713 1217/2114/2713
f 1217/2114/2714 1366/2229/2714 1285/2076/2714
f 1366/2229/2715 1433/2304/2715 1306/2115/2715
f 1433/2304/2716 1391/2277/2716 1306/2115/2716
f 1286/2034/2717 1287/2035/2717 1436/2305/2717
f 1369/2232/2718 1201/1935/2718 1412/2278/2718
f 916/1434/2719 979/1594/2719 1392/2306/2719
f 1289/2080/2720 1413/2307/2720 1290/2081/2720
f 1290/2081/2721 1413/2307/2721 1335/2082/2721
f 1309/2120/2722 1291/2086/2722 1335/2082/2722
f 1371/2234/2723 1336/2121/2723 1414/2308/2723
f 1371/2234/2724 1414/2308/2724 1337/2122/2724
f 1337/2122/2725 1439/2309/2725 1266/2042/2725
f 1292/2088/2726 1374/2237/2726 1338/2175/2726
f 1397/2283/2727 1311/2090/2727 1269/2043/2727
f 1443/2310/2728 1400/2286/2728 1401/2241/2728
f 1443/2311/2729 1401/2239/2729 1315/2126/2729
f 1314/2125/2730 1443/2311/2730 1315/2126/2730
f 1400/2286/2731 1415/2312/2731 1402/2240/2731
f 1402/2288/2732 1415/2313/2732 1416/2314/2732
f 1416/2314/2733 1404/2289/2733 1402/2288/2733
f 1405/2290/2734 1417/2315/2734 1377/2244/2734
f 1377/2244/2735 1417/2315/2735 1378/2245/2735
f 1417/2315/2736 1418/2316/2736 1378/2245/2736
f 1406/2291/2737 1378/2245/2737 1418/2316/2737
f 1408/2293/2738 1419/2317/2738 1350/2202/2738
f 1350/2202/2739 1419/2317/2739 1351/2204/2739
f 1351/2204/2740 1420/2318/2740 1381/2250/2740
f 1381/2250/2741 1420/2318/2741 1382/2251/2741
f 1382/2251/2742 1421/2319/2742 1383/2294/2742
f 1410/2296/2743 1422/2320/2743 1386/2263/2743
f 1387/2321/2744 1386/2322/2744 1423/2323/2744
f 1423/2323/2745 1424/2324/2745 1387/2321/2745
f 1387/2321/2746 1424/2324/2746 1425/2325/2746
f 1425/2326/2747 1411/2266/2747 1387/2265/2747
f 1426/2327/2748 1411/2266/2748 1425/2326/2748
f 1426/2328/2749 1492/2329/2749 1411/2267/2749
f 1411/2267/2750 1492/2329/2750 1388/2299/2750
f 1427/2330/2751 1233/1993/2751 1389/2269/2751
f 1427/2330/2752 1258/2068/2752 1233/1993/2752
f 1258/2068/2753 1427/2330/2753 1360/2220/2753
f 1361/2270/2754 1360/2220/2754 1428/2300/2754
f 1361/2270/2755 1428/2300/2755 1362/2225/2755
f 1432/2331/2756 1334/2173/2756 1390/2302/2756
f 1432/2332/2757 1366/2229/2757 1334/2303/2757
f 1434/2333/2758 1085/1751/2758 1435/2334/2758
f 1435/2334/2759 1085/1751/2759 1367/2230/2759
f 1412/2278/2760 1286/2034/2760 1436/2305/2760
f 1335/2082/2761 1437/2335/2761 1309/2120/2761
f 1438/2336/2762 1336/2121/2762 1394/2280/2762
f 1438/2336/2763 1414/2308/2763 1336/2121/2763
f 1439/2309/2764 1337/2122/2764 1414/2308/2764
f 1266/2042/2765 1440/2337/2765 1372/2235/2765
f 1372/2338/2766 1440/2339/2766 1395/2340/2766
f 1454/2341/2767 1374/2237/2767 1373/2236/2767
f 1339/2176/2768 1396/2282/2768 1441/2342/2768
f 1339/2176/2769 1441/2342/2769 1397/2283/2769
f 1313/2124/2770 1442/2343/2770 1398/2284/2770
f 1375/2238/2771 1398/2284/2771 1399/2285/2771
f 1404/2289/2772 1461/2344/2772 1405/2290/2772
f 1417/2315/2773 1405/2290/2773 1461/2344/2773
f 1406/2291/2774 1418/2316/2774 1444/2345/2774
f 1379/2246/2775 1407/2292/2775 1445/2346/2775
f 1380/2247/2776 1379/2246/2776 1445/2346/2776
f 1380/2247/2777 1446/2347/2777 1408/2293/2777
f 1419/2317/2778 1447/2348/2778 1351/2204/2778
f 1351/2204/2779 1447/2348/2779 1420/2318/2779
f 1382/2251/2780 1420/2318/2780 1448/2349/2780
f 1382/2251/2781 1448/2349/2781 1421/2319/2781
f 1383/2294/2782 1421/2319/2782 1409/2298/2782
f 1421/2319/2783 1410/2296/2783 1409/2298/2783
f 1449/2350/2784 1386/2263/2784 1422/2320/2784
f 1386/2263/2785 1449/2350/2785 1423/2351/2785
f 1425/2326/2786 1424/2352/2786 1450/2353/2786
f 1425/2326/2787 1450/2353/2787 1426/2327/2787
f 1426/2327/2788 1450/2353/2788 1451/2354/2788
f 1426/2328/2789 1451/2355/2789 1492/2329/2789
f 1148/1800/2790 1303/2112/2790 153/333/2790
f 1472/2356/2791 1389/2357/2791 1388/2299/2791
f 1427/2330/2792 1389/2269/2792 1472/2358/2792
f 1428/2300/2793 1429/2301/2793 1363/2227/2793
f 1429/2301/2794 1474/2359/2794 1364/2228/2794
f 1474/2359/2795 1430/2274/2795 1364/2228/2795
f 1475/2360/2796 1430/2361/2796 1474/2362/2796
f 1430/2274/2797 1475/2363/2797 1431/2364/2797
f 1452/2365/2798 1390/2275/2798 1431/2364/2798
f 1431/2364/2799 1390/2275/2799 1430/2274/2799
f 1452/2366/2800 1432/2331/2800 1390/2302/2800
f 1453/2367/2801 1369/2232/2801 1412/2278/2801
f 1370/2233/2802 1453/2367/2802 1368/2174/2802
f 1369/2232/2803 1453/2367/2803 1370/2233/2803
f 979/1594/2804 897/1474/2804 1568/2368/2804
f 1335/2082/2805 1413/2307/2805 1437/2335/2805
f 1438/2336/2806 1439/2309/2806 1414/2308/2806
f 1439/2309/2807 1440/2337/2807 1266/2042/2807
f 1395/2281/2808 1440/2337/2808 1373/2236/2808
f 1440/2337/2809 1454/2341/2809 1373/2236/2809
f 1441/2342/2810 1396/2282/2810 1338/2175/2810
f 1442/2343/2811 1399/2285/2811 1398/2284/2811
f 1457/2369/2812 1400/2286/2812 1456/2370/2812
f 1415/2312/2813 1400/2286/2813 1457/2369/2813
f 1458/2371/2814 1443/2311/2814 1314/2125/2814
f 1456/2372/2815 1443/2373/2815 1458/2374/2815
f 1456/2370/2816 1400/2286/2816 1443/2310/2816
f 1459/2375/2817 1416/2314/2817 1415/2313/2817
f 1246/2048/2818 1024/1660/2818 1553/2376/2818
f 1416/2314/2819 1460/2377/2819 1404/2289/2819
f 1460/2377/2820 1461/2344/2820 1404/2289/2820
f 1417/2315/2821 1461/2344/2821 1462/2378/2821
f 1417/2315/2822 1462/2378/2822 1418/2316/2822
f 1418/2316/2823 1502/2379/2823 1444/2345/2823
f 1444/2345/2824 1463/2380/2824 1406/2291/2824
f 1463/2380/2825 1407/2292/2825 1406/2291/2825
f 1407/2292/2826 1464/2381/2826 1445/2346/2826
f 1380/2247/2827 1445/2346/2827 1446/2347/2827
f 1446/2347/2828 1465/2382/2828 1408/2293/2828
f 1419/2317/2829 1408/2293/2829 1465/2382/2829
f 1422/2320/2830 1410/2296/2830 1466/2383/2830
f 1422/2320/2831 1466/2383/2831 1467/2384/2831
f 1422/2320/2832 1467/2384/2832 1449/2350/2832
f 1423/2323/2833 1468/2385/2833 1424/2324/2833
f 1469/2386/2834 1450/2353/2834 1468/2387/2834
f 1450/2388/2835 1424/2389/2835 1468/2390/2835
f 1470/2391/2836 1450/2353/2836 1469/2386/2836
f 1451/2354/2837 1450/2353/2837 1470/2391/2837
f 1471/2392/2838 1451/2355/2838 1470/2393/2838
f 1473/2394/2839 1428/2300/2839 1427/2330/2839
f 1428/2300/2840 1360/2220/2840 1427/2330/2840
f 1473/2394/2841 1429/2301/2841 1428/2300/2841
f 1431/2364/2842 1475/2363/2842 1493/2395/2842
f 1431/2364/2843 1493/2395/2843 1452/2365/2843
f 1494/2396/2844 1432/2397/2844 1452/2398/2844
f 1366/2229/2845 1476/2399/2845 1433/2304/2845
f 996/1701/2846 1085/1751/2846 1434/2333/2846
f 1367/2231/2847 1368/2174/2847 1435/2400/2847
f 1412/2278/2848 1477/2401/2848 1453/2367/2848
f 979/1594/2849 1568/2368/2849 1392/2306/2849
f 1307/2116/2850 916/1434/2850 1392/2306/2850
f 1393/2279/2851 1689/2402/2851 1289/2080/2851
f 738/1206/2852 899/1316/2852 1588/2403/2852
f 1394/2280/2853 1478/2404/2853 1438/2336/2853
f 1438/2336/2854 1478/2404/2854 1439/2309/2854
f 1454/2341/2855 1338/2175/2855 1374/2237/2855
f 1397/2283/2856 1455/2405/2856 1311/2090/2856
f 1311/2090/2857 1455/2405/2857 1312/2123/2857
f 1455/2405/2858 1244/1974/2858 1312/2123/2858
f 1244/1974/2859 1479/2406/2859 1313/2124/2859
f 1313/2124/2860 1479/2406/2860 1442/2343/2860
f 1399/2285/2861 1480/2407/2861 1314/2125/2861
f 1457/2408/2862 1481/2409/2862 1415/2313/2862
f 1481/2409/2863 1459/2375/2863 1415/2313/2863
f 1522/2410/2864 1482/2411/2864 1461/2344/2864
f 1461/2344/2865 1482/2411/2865 1462/2378/2865
f 1462/2378/2866 1483/2412/2866 1418/2316/2866
f 1483/2412/2867 1502/2379/2867 1418/2316/2867
f 1463/2380/2868 1464/2381/2868 1407/2292/2868
f 1197/1929/2869 754/1421/2869 1485/2413/2869
f 1445/2346/2870 1484/2414/2870 1446/2347/2870
f 1486/2415/2871 1447/2348/2871 1419/2317/2871
f 1447/2348/2872 1448/2349/2872 1420/2318/2872
f 1448/2349/2873 1487/2416/2873 1421/2319/2873
f 1421/2319/2874 1487/2416/2874 1410/2296/2874
f 1466/2383/2875 1410/2296/2875 1487/2416/2875
f 1449/2350/2876 1467/2384/2876 1488/2417/2876
f 1488/2417/2877 1468/2387/2877 1449/2350/2877
f 1449/2350/2878 1468/2387/2878 1423/2351/2878
f 575/1113/2879 698/1125/2879 1489/2418/2879
f 1471/2392/2880 1490/2419/2880 1491/2420/2880
f 1491/2420/2881 1451/2355/2881 1471/2392/2881
f 1388/2299/2882 1492/2329/2882 1472/2356/2882
f 1512/2421/2883 1427/2422/2883 1472/2356/2883
f 1427/2330/2884 1512/2423/2884 1473/2394/2884
f 1513/2424/2885 1429/2425/2885 1473/2426/2885
f 1429/2425/2886 1513/2424/2886 1474/2362/2886
f 1474/2362/2887 1514/2427/2887 1475/2360/2887
f 1475/2363/2888 1514/2428/2888 1493/2395/2888
f 1563/2429/2889 1432/2397/2889 1494/2396/2889
f 1563/2430/2890 1366/2229/2890 1432/2332/2890
f 1476/2399/2891 1495/2431/2891 1433/2304/2891
f 1495/2431/2892 1391/2277/2892 1433/2304/2892
f 1496/2432/2893 1287/2035/2893 1391/2276/2893
f 897/1474/2894 1202/1936/2894 1497/2433/2894
f 1307/2116/2895 1392/2306/2895 1498/2434/2895
f 1307/2116/2896 1498/2434/2896 1308/2117/2896
f 1413/2307/2897 1289/2080/2897 1689/2402/2897
f 899/1316/2898 1020/1596/2898 1499/2435/2898
f 1309/2120/2899 1437/2335/2899 1394/2280/2899
f 1441/2342/2900 1455/2405/2900 1397/2283/2900
f 1442/2343/2901 1480/2407/2901 1399/2285/2901
f 1456/2372/2902 1500/2436/2902 1457/2437/2902
f 1500/2436/2903 1481/2438/2903 1457/2437/2903
f 1456/2439/2904 1501/2440/2904 1500/2441/2904
f 1314/2442/2905 1480/2443/2905 1458/2374/2905
f 1480/2407/2906 1501/2440/2906 1458/2371/2906
f 1458/2374/2907 1501/2444/2907 1456/2372/2907
f 1459/2375/2908 1460/2377/2908 1416/2314/2908
f 1461/2344/2909 1460/2377/2909 1522/2410/2909
f 1483/2412/2910 1462/2378/2910 1482/2411/2910
f 1502/2379/2911 1523/2445/2911 1444/2345/2911
f 1523/2445/2912 1463/2380/2912 1444/2345/2912
f 1345/2194/2913 1209/2020/2913 1524/2446/2913
f 1445/2346/2914 1464/2381/2914 1484/2414/2914
f 754/1421/2915 843/1422/2915 1485/2413/2915
f 1465/2382/2916 1446/2347/2916 1504/2447/2916
f 1505/2448/2917 1465/2382/2917 1504/2447/2917
f 1486/2415/2918 1419/2317/2918 1465/2382/2918
f 1447/2348/2919 1506/2449/2919 1448/2349/2919
f 1488/2417/2920 1507/2450/2920 1468/2387/2920
f 1468/2387/2921 1507/2450/2921 1508/2451/2921
f 1468/2387/2922 1508/2451/2922 1469/2386/2922
f 1470/2391/2923 1469/2386/2923 1508/2451/2923
f 1471/2452/2924 1470/2391/2924 1490/2453/2924
f 1491/2454/2925 1490/2453/2925 1509/2455/2925
f 698/1125/2926 1303/2112/2926 1489/2418/2926
f 1451/2355/2927 1491/2420/2927 1510/2456/2927
f 1510/2456/2928 1491/2420/2928 1536/2457/2928
f 1492/2329/2929 1451/2355/2929 1510/2456/2929
f 1511/2458/2930 1492/2329/2930 1510/2456/2930
f 1472/2356/2931 1492/2329/2931 1511/2458/2931
f 1472/2356/2932 1511/2458/2932 1512/2421/2932
f 1473/2394/2933 1512/2423/2933 1513/2459/2933
f 1513/2424/2934 1538/2460/2934 1474/2362/2934
f 1538/2460/2935 1514/2427/2935 1474/2362/2935
f 1515/2461/2936 1493/2395/2936 1514/2428/2936
f 1494/2396/2937 1493/2462/2937 1515/2463/2937
f 1494/2396/2938 1452/2398/2938 1493/2462/2938
f 1563/2430/2939 1541/2464/2939 1366/2229/2939
f 1366/2229/2940 1541/2464/2940 1476/2399/2940
f 1436/2305/2941 1477/2401/2941 1412/2278/2941
f 1496/2432/2942 1436/2305/2942 1287/2035/2942
f 1435/2400/2943 1368/2174/2943 1516/2465/2943
f 1453/2367/2944 1516/2465/2944 1368/2174/2944
f 1516/2465/2945 1453/2367/2945 1517/2466/2945
f 1394/2280/2946 1437/2335/2946 1518/2467/2946
f 1394/2280/2947 1518/2467/2947 1478/2404/2947
f 1478/2404/2948 1519/2468/2948 1439/2309/2948
f 1454/2341/2949 1441/2342/2949 1338/2175/2949
f 1500/2469/2950 1501/2470/2950 1521/2471/2950
f 1481/2472/2951 1500/2469/2951 1521/2471/2951
f 1481/2472/2952 1521/2471/2952 1459/2473/2952
f 1463/2380/2953 1525/2474/2953 1464/2381/2953
f 1484/2414/2954 1464/2381/2954 1526/2475/2954
f 1446/2347/2955 1484/2414/2955 1527/2476/2955
f 1446/2347/2956 1527/2476/2956 1504/2447/2956
f 1504/2447/2957 1528/2477/2957 1505/2448/2957
f 1465/2382/2958 1505/2448/2958 1486/2415/2958
f 1486/2415/2959 1529/2478/2959 1447/2348/2959
f 1447/2348/2960 1529/2478/2960 1530/2479/2960
f 1447/2348/2961 1530/2479/2961 1506/2449/2961
f 1448/2349/2962 1506/2449/2962 1531/2480/2962
f 1487/2416/2963 1448/2349/2963 1531/2480/2963
f 1487/2416/2964 1532/2481/2964 1466/2383/2964
f 1466/2383/2965 1532/2481/2965 1467/2384/2965
f 1532/2481/2966 1533/2482/2966 1467/2384/2966
f 1467/2384/2967 1533/2482/2967 1488/2417/2967
f 1534/2483/2968 1470/2391/2968 1508/2451/2968
f 1470/2484/2969 1534/2485/2969 1490/2486/2969
f 1535/2487/2970 1491/2454/2970 1509/2455/2970
f 1536/2488/2971 1491/2454/2971 1535/2487/2971
f 1511/2458/2972 1510/2456/2972 1561/2489/2972
f 1512/2421/2973 1511/2458/2973 1513/2424/2973
f 1511/2458/2974 1537/2490/2974 1513/2424/2974
f 1513/2424/2975 1537/2490/2975 1538/2460/2975
f 1539/2491/2976 1538/2492/2976 1537/2493/2976
f 1538/2492/2977 1539/2491/2977 1514/2428/2977
f 1514/2428/2978 1539/2491/2978 1515/2461/2978
f 1540/2494/2979 1515/2463/2979 1539/2495/2979
f 1540/2494/2980 1494/2396/2980 1515/2463/2980
f 1540/2494/2981 1563/2429/2981 1494/2396/2981
f 1542/2496/2982 1391/2277/2982 1495/2431/2982
f 1477/2401/2983 1436/2305/2983 1566/2497/2983
f 1542/2498/2984 1496/2432/2984 1391/2276/2984
f 1543/2499/2985 1288/2078/2985 1308/2119/2985
f 1288/2078/2986 1543/2499/2986 1393/2279/2986
f 1437/2335/2987 1544/2500/2987 1518/2467/2987
f 1545/2501/2988 1454/2341/2988 1440/2337/2988
f 1020/1596/2989 967/1597/2989 1499/2435/2989
f 1455/2405/2990 1546/2502/2990 1244/1974/2990
f 1244/1974/2991 1520/2503/2991 1479/2406/2991
f 1459/2473/2992 1521/2471/2992 1550/2504/2992
f 1501/2440/2993 1480/2407/2993 1548/2505/2993
f 1521/2471/2994 1501/2470/2994 1549/2506/2994
f 1550/2504/2995 1521/2471/2995 1549/2506/2995
f 1459/2375/2996 1550/2507/2996 1460/2377/2996
f 1549/2506/2997 1501/2470/2997 1548/2508/2997
f 1551/2509/2998 1460/2377/2998 1550/2507/2998
f 1460/2377/2999 1551/2509/2999 1522/2410/2999
f 1551/2510/3000 1482/2511/3000 1522/2512/3000
f 1024/1660/3001 1345/2194/3001 1553/2376/3001
f 1482/2411/3002 1552/2513/3002 1483/2412/3002
f 1345/2194/3003 1503/2514/3003 1553/2376/3003
f 1502/2379/3004 1483/2412/3004 1554/2515/3004
f 1523/2445/3005 1502/2379/3005 1554/2515/3005
f 1523/2445/3006 1525/2474/3006 1463/2380/3006
f 1524/2446/3007 1209/2020/3007 1197/1929/3007
f 1525/2474/3008 1526/2475/3008 1464/2381/3008
f 1197/1929/3009 1485/2413/3009 1555/2516/3009
f 1505/2448/3010 1529/2478/3010 1486/2415/3010
f 1531/2480/3011 1506/2449/3011 1530/2479/3011
f 692/1145/3012 696/1149/3012 1301/2260/3012
f 1488/2417/3013 1556/2517/3013 1507/2450/3013
f 1507/2450/3014 1557/2518/3014 1508/2451/3014
f 575/1113/3015 1489/2418/3015 1354/2261/3015
f 1534/2483/3016 1508/2451/3016 1557/2518/3016
f 1558/2519/3017 1490/2486/3017 1534/2485/3017
f 1490/2453/3018 1558/2520/3018 1509/2455/3018
f 1558/2520/3019 1559/2521/3019 1509/2455/3019
f 1560/2522/3020 1536/2488/3020 1535/2487/3020
f 1510/2456/3021 1536/2457/3021 1560/2523/3021
f 1510/2456/3022 1560/2523/3022 1561/2489/3022
f 1511/2458/3023 1561/2489/3023 1537/2490/3023
f 1562/2524/3024 1537/2493/3024 1561/2525/3024
f 1562/2524/3025 1539/2491/3025 1537/2493/3025
f 1540/2494/3026 1539/2495/3026 1562/2526/3026
f 1585/2527/3027 1540/2494/3027 1562/2526/3027
f 1540/2494/3028 1585/2527/3028 1563/2429/3028
f 1436/2305/3029 1496/2432/3029 1566/2497/3029
f 1202/1936/3030 1567/2528/3030 1497/2433/3030
f 897/1474/3031 1497/2433/3031 1568/2368/3031
f 737/1205/3032 738/1206/3032 1587/2529/3032
f 1519/2468/3033 1569/2530/3033 1439/2309/3033
f 1439/2309/3034 1545/2501/3034 1440/2337/3034
f 1272/2045/3035 1189/1922/3035 1547/2531/3035
f 1244/1974/3036 1546/2502/3036 1520/2503/3036
f 1189/1922/3037 1246/2048/3037 1570/2532/3037
f 1442/2343/3038 1571/2533/3038 1480/2407/3038
f 1550/2534/3039 1549/2535/3039 1573/2536/3039
f 1549/2506/3040 1548/2508/3040 1574/2537/3040
f 1550/2504/3041 1573/2538/3041 1575/2539/3041
f 1573/2538/3042 1549/2506/3042 1575/2539/3042
f 1575/2539/3043 1549/2506/3043 1574/2537/3043
f 1550/2504/3044 1575/2539/3044 1551/2510/3044
f 1575/2539/3045 1574/2537/3045 1576/2540/3045
f 1575/2539/3046 1576/2540/3046 1551/2510/3046
f 1576/2540/3047 1552/2541/3047 1551/2510/3047
f 1551/2510/3048 1552/2541/3048 1482/2511/3048
f 1554/2515/3049 1483/2412/3049 1552/2513/3049
f 1523/2445/3050 1554/2515/3050 1525/2474/3050
f 1345/2194/3051 1524/2446/3051 1577/2542/3051
f 1526/2475/3052 1578/2543/3052 1484/2414/3052
f 1484/2414/3053 1578/2543/3053 1527/2476/3053
f 1527/2476/3054 1528/2477/3054 1504/2447/3054
f 1531/2480/3055 1579/2544/3055 1487/2416/3055
f 1532/2481/3056 1487/2416/3056 1579/2544/3056
f 1532/2481/3057 1580/2545/3057 1533/2482/3057
f 1533/2482/3058 1613/2546/3058 1488/2417/3058
f 1613/2546/3059 1556/2517/3059 1488/2417/3059
f 1556/2517/3060 1581/2547/3060 1507/2450/3060
f 1507/2450/3061 1581/2547/3061 1582/2548/3061
f 1557/2518/3062 1507/2450/3062 1582/2548/3062
f 1534/2485/3063 1557/2549/3063 1558/2519/3063
f 1509/2455/3064 1559/2521/3064 1535/2487/3064
f 1561/2550/3065 1560/2551/3065 1583/2552/3065
f 1561/2550/3066 1583/2552/3066 1584/2553/3066
f 1561/2525/3067 1584/2554/3067 1562/2524/3067
f 1585/2527/3068 1562/2526/3068 1584/2555/3068
f 1585/2527/3069 1617/2556/3069 1563/2429/3069
f 1563/2430/3070 1617/2557/3070 1541/2464/3070
f 996/1701/3071 1434/2333/3071 1618/2558/3071
f 1541/2464/3072 1586/2559/3072 1476/2399/3072
f 1434/2333/3073 1435/2334/3073 1564/2560/3073
f 1564/2561/3074 1435/2400/3074 1516/2465/3074
f 1517/2466/3075 1477/2401/3075 1565/2562/3075
f 1517/2466/3076 1453/2367/3076 1477/2401/3076
f 1202/1936/3077 1262/2037/3077 1567/2528/3077
f 1413/2307/3078 1689/2402/3078 1437/2335/3078
f 1689/2402/3079 1544/2500/3079 1437/2335/3079
f 899/1316/3080 1499/2435/3080 1588/2403/3080
f 1518/2467/3081 1519/2468/3081 1478/2404/3081
f 1439/2309/3082 1569/2530/3082 1545/2501/3082
f 1454/2341/3083 1721/2563/3083 1441/2342/3083
f 1455/2405/3084 1441/2342/3084 1721/2563/3084
f 967/1597/3085 1272/2045/3085 1661/2564/3085
f 1479/2406/3086 1571/2533/3086 1442/2343/3086
f 1480/2407/3087 1571/2533/3087 1572/2565/3087
f 1480/2407/3088 1572/2565/3088 1548/2505/3088
f 1548/2505/3089 1591/2566/3089 1574/2567/3089
f 1591/2566/3090 1592/2568/3090 1574/2567/3090
f 1576/2540/3091 1574/2537/3091 1593/2569/3091
f 1593/2569/3092 1594/2570/3092 1576/2540/3092
f 1576/2540/3093 1594/2570/3093 1552/2541/3093
f 1592/2571/3094 1593/2569/3094 1574/2537/3094
f 1624/2572/3095 1552/2541/3095 1594/2570/3095
f 1552/2541/3096 1624/2572/3096 1554/2573/3096
f 1623/2574/3097 1596/2575/3097 1595/2576/3097
f 1597/2577/3098 1554/2573/3098 1624/2572/3098
f 1503/2514/3099 1345/2194/3099 1577/2542/3099
f 1598/2578/3100 1554/2573/3100 1597/2577/3100
f 1554/2515/3101 1598/2579/3101 1525/2474/3101
f 1599/2580/3102 1601/2581/3102 1602/2582/3102
f 1602/2582/3103 1600/2583/3103 1599/2580/3103
f 1601/2581/3104 1603/2584/3104 1602/2582/3104
f 1525/2474/3105 1598/2579/3105 1526/2475/3105
f 1526/2475/3106 1598/2579/3106 1604/2585/3106
f 1578/2543/3107 1526/2475/3107 1604/2585/3107
f 1606/2586/3108 1605/2587/3108 1607/2588/3108
f 1608/2589/3109 1607/2590/3109 1605/2591/3109
f 1607/2588/3110 1608/2592/3110 1609/2593/3110
f 1528/2477/3111 1578/2543/3111 1610/2594/3111
f 1528/2477/3112 1527/2476/3112 1578/2543/3112
f 1610/2595/3113 1643/2596/3113 1528/2597/3113
f 1528/2477/3114 1643/2598/3114 1505/2448/3114
f 1643/2598/3115 1529/2478/3115 1505/2448/3115
f 1643/2598/3116 1611/2599/3116 1529/2478/3116
f 843/1422/3117 692/1145/3117 1301/2260/3117
f 1530/2479/3118 1529/2478/3118 1611/2599/3118
f 1530/2479/3119 1611/2599/3119 1612/2600/3119
f 1530/2479/3120 1612/2600/3120 1531/2480/3120
f 1579/2544/3121 1531/2480/3121 1612/2600/3121
f 1579/2544/3122 1645/2601/3122 1532/2481/3122
f 1532/2481/3123 1645/2601/3123 1580/2545/3123
f 1533/2482/3124 1580/2545/3124 1613/2546/3124
f 1614/2602/3125 1557/2603/3125 1582/2604/3125
f 1614/2602/3126 1615/2605/3126 1557/2603/3126
f 1557/2549/3127 1615/2606/3127 1558/2519/3127
f 1558/2520/3128 1615/2607/3128 1559/2521/3128
f 1535/2487/3129 1652/2608/3129 1560/2522/3129
f 1652/2608/3130 1616/2609/3130 1560/2522/3130
f 1685/2610/3131 1583/2611/3131 1616/2612/3131
f 1616/2609/3132 1583/2613/3132 1560/2522/3132
f 1584/2555/3133 1583/2611/3133 1685/2610/3133
f 1686/2614/3134 1584/2555/3134 1685/2610/3134
f 1585/2527/3135 1584/2555/3135 1686/2614/3135
f 1542/2496/3136 1495/2431/3136 1586/2559/3136
f 1477/2401/3137 1566/2497/3137 1565/2562/3137
f 1496/2432/3138 1620/2615/3138 1566/2497/3138
f 1620/2615/3139 1496/2432/3139 1542/2498/3139
f 1498/2616/3140 1543/2499/3140 1308/2119/3140
f 737/1205/3141 1587/2529/3141 1262/2038/3141
f 738/1206/3142 1588/2403/3142 1587/2529/3142
f 1518/2467/3143 1544/2500/3143 1621/2617/3143
f 1519/2468/3144 1518/2467/3144 1621/2617/3144
f 1547/2531/3145 1189/1922/3145 1590/2618/3145
f 1189/1922/3146 1570/2532/3146 1590/2618/3146
f 1246/2048/3147 1553/2376/3147 1570/2532/3147
f 1592/2568/3148 1591/2566/3148 1595/2619/3148
f 1591/2566/3149 1623/2620/3149 1595/2619/3149
f 1593/2569/3150 1592/2571/3150 1595/2576/3150
f 1594/2570/3151 1593/2569/3151 1624/2572/3151
f 1596/2575/3152 1593/2569/3152 1595/2576/3152
f 1624/2572/3153 1593/2569/3153 1596/2575/3153
f 1624/2572/3154 1596/2575/3154 1626/2621/3154
f 1596/2575/3155 1623/2574/3155 1625/2622/3155
f 1625/2622/3156 1626/2621/3156 1596/2575/3156
f 1624/2572/3157 1626/2621/3157 1597/2577/3157
f 1597/2577/3158 1626/2621/3158 1627/2623/3158
f 1597/2577/3159 1629/2624/3159 1598/2578/3159
f 1600/2583/3160 1627/2623/3160 1599/2580/3160
f 1597/2577/3161 1627/2623/3161 1629/2624/3161
f 1628/2625/3162 1601/2626/3162 1599/2627/3162
f 1627/2623/3163 1600/2583/3163 1631/2628/3163
f 1629/2624/3164 1627/2623/3164 1631/2628/3164
f 1524/2446/3165 1197/1929/3165 1630/2629/3165
f 1632/2630/3166 1602/2582/3166 1603/2584/3166
f 1602/2582/3167 1632/2630/3167 1600/2583/3167
f 1631/2628/3168 1600/2583/3168 1632/2630/3168
f 1629/2624/3169 1604/2631/3169 1598/2578/3169
f 1633/2632/3170 1604/2631/3170 1629/2624/3170
f 1666/2633/3171 1197/1929/3171 1555/2516/3171
f 1634/2634/3172 1606/2586/3172 1635/2635/3172
f 1606/2586/3173 1634/2634/3173 1605/2587/3173
f 1604/2631/3174 1633/2632/3174 1636/2636/3174
f 1607/2588/3175 1635/2635/3175 1606/2586/3175
f 1604/2631/3176 1636/2636/3176 1578/2637/3176
f 1637/2638/3177 1635/2635/3177 1607/2588/3177
f 1607/2588/3178 1609/2593/3178 1637/2638/3178
f 1608/2592/3179 1638/2639/3179 1609/2593/3179
f 1639/2640/3180 1578/2637/3180 1636/2636/3180
f 1578/2543/3181 1639/2641/3181 1610/2594/3181
f 1485/2413/3182 843/1422/3182 1301/2260/3182
f 1610/2595/3183 1639/2640/3183 1641/2642/3183
f 1641/2642/3184 1640/2643/3184 1642/2644/3184
f 1643/2596/3185 1610/2595/3185 1641/2642/3185
f 1642/2645/3186 1640/2646/3186 1644/2647/3186
f 1675/2648/3187 1645/2649/3187 1579/2650/3187
f 1580/2545/3188 1645/2601/3188 1676/2651/3188
f 1301/2260/3189 1354/2261/3189 1646/2652/3189
f 1613/2546/3190 1580/2545/3190 1676/2651/3190
f 1556/2653/3191 1613/2654/3191 1677/2655/3191
f 1556/2517/3192 1677/2656/3192 1647/2657/3192
f 1647/2657/3193 1648/2658/3193 1581/2547/3193
f 1556/2517/3194 1647/2657/3194 1581/2547/3194
f 1582/2604/3195 1581/2659/3195 1648/2660/3195
f 1648/2661/3196 1649/2662/3196 1582/2663/3196
f 1582/2663/3197 1649/2662/3197 1614/2664/3197
f 1649/2662/3198 1650/2665/3198 1614/2664/3198
f 1650/2665/3199 1615/2606/3199 1614/2664/3199
f 1651/2666/3200 1615/2607/3200 1650/2667/3200
f 1615/2607/3201 1651/2666/3201 1559/2521/3201
f 1559/2521/3202 1652/2608/3202 1535/2487/3202
f 1585/2527/3203 1686/2614/3203 1653/2668/3203
f 1654/2669/3204 1585/2527/3204 1653/2668/3204
f 1585/2527/3205 1654/2669/3205 1617/2556/3205
f 1617/2557/3206 1654/2670/3206 1541/2464/3206
f 976/1588/3207 996/1701/3207 1618/2558/3207
f 1654/2670/3208 1619/2671/3208 1541/2464/3208
f 1476/2399/3209 1586/2559/3209 1495/2431/3209
f 1565/2562/3210 1566/2497/3210 1656/2672/3210
f 1656/2672/3211 1566/2497/3211 1620/2615/3211
f 1620/2615/3212 1542/2498/3212 1586/2673/3212
f 1655/2674/3213 1564/2561/3213 1516/2465/3213
f 1655/2674/3214 1516/2465/3214 1517/2466/3214
f 1565/2562/3215 1655/2674/3215 1517/2466/3215
f 1568/2368/3216 1497/2433/3216 1657/2675/3216
f 1392/2306/3217 1568/2368/3217 1657/2675/3217
f 1543/2499/3218 1658/2676/3218 1393/2279/3218
f 1689/2402/3219 1659/2677/3219 1544/2500/3219
f 1659/2677/3220 1660/2678/3220 1544/2500/3220
f 1544/2500/3221 1660/2678/3221 1621/2617/3221
f 1545/2501/3222 1721/2563/3222 1454/2341/3222
f 1499/2435/3223 967/1597/3223 1661/2564/3223
f 1721/2563/3224 1622/2679/3224 1455/2405/3224
f 1737/2680/3225 1571/2681/3225 1479/2682/3225
f 1548/2505/3226 1572/2565/3226 1591/2566/3226
f 1662/2683/3227 1626/2684/3227 1625/2685/3227
f 1663/2686/3228 1627/2687/3228 1626/2688/3228
f 1599/2689/3229 1663/2686/3229 1664/2690/3229
f 1627/2691/3230 1663/2692/3230 1599/2627/3230
f 1665/2693/3231 1603/2694/3231 1601/2695/3231
f 1665/2696/3232 1632/2697/3232 1603/2698/3232
f 1630/2629/3233 1197/1929/3233 1666/2633/3233
f 1631/2628/3234 1632/2630/3234 1629/2624/3234
f 1629/2624/3235 1632/2630/3235 1667/2699/3235
f 1633/2632/3236 1629/2624/3236 1667/2699/3236
f 1635/2635/3237 1667/2699/3237 1634/2634/3237
f 1633/2632/3238 1667/2699/3238 1635/2635/3238
f 1635/2635/3239 1669/2700/3239 1633/2632/3239
f 1633/2632/3240 1669/2700/3240 1636/2636/3240
f 1637/2638/3241 1669/2700/3241 1635/2635/3241
f 1605/2591/3242 1668/2701/3242 1608/2589/3242
f 1668/2701/3243 1638/2702/3243 1608/2589/3243
f 1636/2636/3244 1669/2700/3244 1639/2640/3244
f 1609/2593/3245 1670/2703/3245 1637/2638/3245
f 1670/2703/3246 1639/2640/3246 1669/2700/3246
f 1609/2704/3247 1638/2702/3247 1640/2646/3247
f 1670/2703/3248 1609/2593/3248 1640/2643/3248
f 1639/2640/3249 1670/2703/3249 1641/2642/3249
f 1670/2703/3250 1640/2643/3250 1641/2642/3250
f 1643/2596/3251 1641/2642/3251 1671/2705/3251
f 1671/2705/3252 1641/2642/3252 1672/2706/3252
f 1642/2644/3253 1644/2707/3253 1672/2706/3253
f 1672/2706/3254 1641/2642/3254 1642/2644/3254
f 1643/2596/3255 1673/2708/3255 1611/2709/3255
f 1673/2710/3256 1612/2600/3256 1611/2599/3256
f 1612/2600/3257 1673/2710/3257 1674/2711/3257
f 1612/2600/3258 1674/2711/3258 1579/2544/3258
f 1708/2712/3259 1579/2713/3259 1674/2714/3259
f 1708/2715/3260 1675/2648/3260 1579/2650/3260
f 1675/2648/3261 1676/2716/3261 1645/2649/3261
f 1676/2651/3262 1677/2656/3262 1613/2546/3262
f 1647/2657/3263 1678/2717/3263 1648/2658/3263
f 1650/2718/3264 1649/2719/3264 1681/2720/3264
f 1679/2721/3265 1681/2720/3265 1649/2719/3265
f 1648/2660/3266 1679/2721/3266 1649/2719/3266
f 1678/2722/3267 1679/2721/3267 1648/2660/3267
f 1680/2723/3268 1679/2721/3268 1678/2722/3268
f 1651/2724/3269 1650/2718/3269 1681/2720/3269
f 1681/2720/3270 1682/2725/3270 1651/2724/3270
f 1682/2725/3271 1684/2726/3271 1651/2724/3271
f 1679/2721/3272 1683/2727/3272 1681/2720/3272
f 1559/2728/3273 1651/2724/3273 1652/2729/3273
f 1651/2666/3274 1684/2730/3274 1652/2608/3274
f 1652/2608/3275 1684/2730/3275 1616/2609/3275
f 1714/2731/3276 1616/2612/3276 1684/2726/3276
f 1685/2610/3277 1714/2731/3277 1686/2614/3277
f 1653/2668/3278 1686/2614/3278 1683/2727/3278
f 1685/2610/3279 1616/2612/3279 1714/2731/3279
f 1653/2668/3280 1683/2727/3280 1687/2732/3280
f 1654/2669/3281 1653/2668/3281 1687/2732/3281
f 1687/2733/3282 1619/2671/3282 1654/2670/3282
f 1541/2464/3283 1619/2671/3283 1586/2559/3283
f 1688/2734/3284 1497/2433/3284 1567/2528/3284
f 1657/2675/3285 1497/2433/3285 1688/2734/3285
f 1392/2306/3286 1657/2675/3286 1498/2434/3286
f 1587/2529/3287 1567/2735/3287 1262/2038/3287
f 1658/2676/3288 1689/2402/3288 1393/2279/3288
f 1519/2468/3289 1621/2617/3289 1589/2736/3289
f 1519/2468/3290 1589/2736/3290 1569/2530/3290
f 1622/2679/3291 1690/2737/3291 1455/2405/3291
f 1661/2564/3292 1272/2045/3292 1692/2738/3292
f 1272/2739/3293 1547/2740/3293 1692/2741/3293
f 1455/2405/3294 1690/2737/3294 1546/2502/3294
f 1693/2742/3295 1690/2743/3295 1691/2744/3295
f 1694/2745/3296 1690/2743/3296 1693/2742/3296
f 1690/2737/3297 1694/2746/3297 1546/2502/3297
f 1694/2746/3298 1520/2503/3298 1546/2502/3298
f 1590/2618/3299 1570/2532/3299 1695/2747/3299
f 1520/2503/3300 1735/2748/3300 1479/2406/3300
f 1695/2747/3301 1570/2532/3301 1696/2749/3301
f 1735/2748/3302 1737/2750/3302 1479/2406/3302
f 1737/2750/3303 1739/2751/3303 1571/2533/3303
f 1570/2532/3304 1553/2376/3304 1696/2749/3304
f 1571/2533/3305 1739/2751/3305 1572/2565/3305
f 1572/2565/3306 1697/2752/3306 1591/2566/3306
f 1697/2752/3307 1750/2753/3307 1591/2566/3307
f 1591/2566/3308 1750/2753/3308 1623/2620/3308
f 1750/2753/3309 1698/2754/3309 1623/2620/3309
f 1662/2683/3310 1625/2685/3310 1698/2755/3310
f 1625/2685/3311 1623/2756/3311 1698/2755/3311
f 1663/2686/3312 1626/2688/3312 1662/2757/3312
f 1577/2542/3313 1524/2446/3313 1699/2758/3313
f 1630/2629/3314 1699/2758/3314 1524/2446/3314
f 1664/2759/3315 1628/2625/3315 1599/2627/3315
f 1601/2626/3316 1628/2625/3316 1764/2760/3316
f 1665/2693/3317 1601/2695/3317 1764/2761/3317
f 1667/2762/3318 1632/2763/3318 1665/2693/3318
f 1702/2764/3319 1634/2765/3319 1667/2762/3319
f 1666/2633/3320 1555/2516/3320 1701/2766/3320
f 1702/2764/3321 1668/2701/3321 1605/2591/3321
f 1634/2767/3322 1702/2768/3322 1605/2769/3322
f 1703/2770/3323 1555/2516/3323 1485/2413/3323
f 1668/2771/3324 1771/2772/3324 1638/2639/3324
f 1771/2773/3325 1705/2774/3325 1638/2702/3325
f 1485/2413/3326 1301/2260/3326 1703/2770/3326
f 1637/2638/3327 1670/2703/3327 1669/2700/3327
f 1703/2770/3328 1301/2260/3328 1706/2775/3328
f 1638/2702/3329 1705/2774/3329 1640/2646/3329
f 1640/2646/3330 1705/2774/3330 1644/2647/3330
f 1643/2596/3331 1671/2705/3331 1673/2708/3331
f 1672/2706/3332 1644/2707/3332 1705/2776/3332
f 1672/2706/3333 1707/2777/3333 1671/2705/3333
f 1673/2708/3334 1671/2705/3334 1707/2777/3334
f 1674/2778/3335 1673/2708/3335 1707/2777/3335
f 1707/2777/3336 1672/2706/3336 1708/2715/3336
f 1707/2777/3337 1708/2715/3337 1674/2778/3337
f 1709/2779/3338 1675/2780/3338 1708/2781/3338
f 1675/2648/3339 1709/2782/3339 1676/2716/3339
f 1676/2716/3340 1709/2782/3340 1677/2783/3340
f 1677/2656/3341 1709/2779/3341 1647/2657/3341
f 1646/2652/3342 1354/2261/3342 1489/2418/3342
f 1647/2657/3343 1710/2784/3343 1678/2717/3343
f 1710/2784/3344 1680/2785/3344 1678/2717/3344
f 1710/2784/3345 1711/2786/3345 1680/2785/3345
f 1680/2723/3346 1711/2787/3346 1679/2721/3346
f 1711/2787/3347 1683/2727/3347 1679/2721/3347
f 1681/2720/3348 1684/2726/3348 1682/2725/3348
f 1712/2788/3349 1683/2727/3349 1711/2787/3349
f 1683/2727/3350 1684/2726/3350 1681/2720/3350
f 1683/2727/3351 1712/2788/3351 1713/2789/3351
f 1683/2727/3352 1714/2731/3352 1684/2726/3352
f 1713/2789/3353 1687/2732/3353 1683/2727/3353
f 1683/2727/3354 1686/2614/3354 1714/2731/3354
f 1715/2790/3355 1434/2333/3355 1564/2560/3355
f 1716/2791/3356 1656/2792/3356 1777/2793/3356
f 1656/2792/3357 1778/2794/3357 1777/2793/3357
f 1655/2795/3358 1715/2796/3358 1564/2797/3358
f 1655/2795/3359 1716/2791/3359 1715/2796/3359
f 1565/2798/3360 1716/2791/3360 1655/2795/3360
f 1656/2792/3361 1716/2791/3361 1565/2798/3361
f 1620/2799/3362 1778/2794/3362 1656/2792/3362
f 1586/2800/3363 1778/2794/3363 1620/2799/3363
f 1621/2617/3364 1660/2678/3364 1717/2801/3364
f 1621/2617/3365 1717/2801/3365 1589/2736/3365
f 1569/2802/3366 1589/2803/3366 1784/2804/3366
f 1545/2805/3367 1569/2802/3367 1784/2804/3367
f 1786/2806/3368 1545/2501/3368 1784/2807/3368
f 1718/2808/3369 1499/2435/3369 1720/2809/3369
f 1720/2810/3370 1719/2811/3370 1718/2812/3370
f 1786/2806/3371 1721/2563/3371 1545/2501/3371
f 1499/2435/3372 1661/2564/3372 1720/2809/3372
f 1661/2564/3373 1722/2813/3373 1720/2809/3373
f 1791/2814/3374 1690/2737/3374 1622/2679/3374
f 1791/2815/3375 1725/2816/3375 1724/2817/3375
f 1690/2743/3376 1791/2815/3376 1724/2817/3376
f 1722/2818/3377 1661/2819/3377 1692/2741/3377
f 1723/2820/3378 1722/2818/3378 1692/2741/3378
f 1690/2743/3379 1724/2817/3379 1691/2744/3379
f 1725/2816/3380 1790/2821/3380 1724/2817/3380
f 1790/2821/3381 1792/2822/3381 1726/2823/3381
f 1724/2817/3382 1790/2821/3382 1726/2823/3382
f 1691/2744/3383 1724/2817/3383 1726/2823/3383
f 1727/2824/3384 1723/2820/3384 1692/2741/3384
f 1793/2825/3385 1723/2820/3385 1727/2824/3385
f 1726/2823/3386 1792/2822/3386 1729/2826/3386
f 1691/2744/3387 1726/2823/3387 1728/2827/3387
f 1726/2823/3388 1729/2826/3388 1728/2827/3388
f 1727/2824/3389 1692/2741/3389 1730/2828/3389
f 1692/2741/3390 1547/2740/3390 1730/2828/3390
f 1691/2744/3391 1728/2827/3391 1693/2742/3391
f 1547/2531/3392 1590/2618/3392 1730/2829/3392
f 1728/2827/3393 1729/2826/3393 1732/2830/3393
f 1732/2830/3394 1729/2826/3394 1794/2831/3394
f 1730/2829/3395 1590/2618/3395 1731/2832/3395
f 1693/2742/3396 1728/2827/3396 1732/2830/3396
f 1694/2745/3397 1693/2742/3397 1520/2833/3397
f 1693/2742/3398 1732/2830/3398 1797/2834/3398
f 1693/2835/3399 1797/2836/3399 1520/2503/3399
f 1590/2837/3400 1695/2838/3400 1731/2839/3400
f 1795/2840/3401 1731/2839/3401 1733/2841/3401
f 1731/2839/3402 1695/2838/3402 1733/2841/3402
f 1797/2834/3403 1734/2842/3403 1735/2843/3403
f 1797/2836/3404 1735/2748/3404 1520/2503/3404
f 1733/2841/3405 1695/2838/3405 1736/2844/3405
f 1736/2844/3406 1695/2838/3406 1696/2845/3406
f 1734/2842/3407 1796/2846/3407 1737/2680/3407
f 1735/2843/3408 1734/2842/3408 1737/2680/3408
f 1737/2680/3409 1796/2846/3409 1798/2847/3409
f 1739/2848/3410 1737/2680/3410 1798/2847/3410
f 1739/2848/3411 1798/2847/3411 1740/2849/3411
f 1738/2850/3412 1733/2841/3412 1736/2844/3412
f 1738/2850/3413 1736/2844/3413 1742/2851/3413
f 1742/2851/3414 1736/2844/3414 1741/2852/3414
f 1743/2853/3415 1739/2848/3415 1740/2849/3415
f 1736/2844/3416 1696/2845/3416 1744/2854/3416
f 1572/2855/3417 1739/2848/3417 1743/2853/3417
f 1696/2749/3418 1553/2376/3418 1744/2856/3418
f 1741/2852/3419 1736/2844/3419 1744/2854/3419
f 1743/2853/3420 1745/2857/3420 1697/2858/3420
f 1743/2853/3421 1697/2858/3421 1572/2855/3421
f 1745/2857/3422 1810/2859/3422 1746/2860/3422
f 1745/2857/3423 1746/2860/3423 1747/2861/3423
f 1748/2862/3424 1816/2863/3424 1744/2854/3424
f 1747/2861/3425 1746/2860/3425 1749/2864/3425
f 1745/2857/3426 1747/2861/3426 1750/2865/3426
f 1697/2858/3427 1745/2857/3427 1750/2865/3427
f 1744/2856/3428 1553/2376/3428 1751/2866/3428
f 1752/2867/3429 1744/2854/3429 1751/2868/3429
f 1748/2862/3430 1744/2854/3430 1752/2867/3430
f 1753/2869/3431 1748/2862/3431 1755/2870/3431
f 1749/2864/3432 1754/2871/3432 1756/2872/3432
f 1553/2376/3433 1503/2514/3433 1751/2866/3433
f 1757/2873/3434 1748/2862/3434 1752/2867/3434
f 1755/2870/3435 1748/2862/3435 1757/2873/3435
f 1749/2864/3436 1756/2872/3436 1758/2874/3436
f 1750/2865/3437 1747/2861/3437 1698/2875/3437
f 1747/2861/3438 1749/2864/3438 1758/2874/3438
f 1757/2873/3439 1752/2867/3439 1760/2876/3439
f 1759/2877/3440 1757/2873/3440 1760/2876/3440
f 1758/2874/3441 1759/2877/3441 1760/2876/3441
f 1747/2861/3442 1758/2874/3442 1760/2876/3442
f 1761/2878/3443 1747/2861/3443 1760/2876/3443
f 1761/2878/3444 1698/2875/3444 1747/2861/3444
f 1761/2878/3445 1760/2876/3445 1762/2879/3445
f 1503/2514/3446 1577/2542/3446 1751/2866/3446
f 1763/2880/3447 1760/2876/3447 1752/2867/3447
f 1762/2879/3448 1760/2876/3448 1763/2880/3448
f 1751/2866/3449 1577/2542/3449 1699/2758/3449
f 1699/2758/3450 1630/2629/3450 1700/2881/3450
f 1664/2759/3451 1764/2760/3451 1628/2625/3451
f 1700/2882/3452 1630/2883/3452 1765/2884/3452
f 1766/2885/3453 1765/2886/3453 1630/2629/3453
f 1666/2887/3454 1766/2888/3454 1630/2883/3454
f 1701/2766/3455 1766/2885/3455 1666/2633/3455
f 1667/2762/3456 1879/2889/3456 1702/2764/3456
f 1767/2890/3457 1668/2891/3457 1702/2768/3457
f 1767/2892/3458 1771/2772/3458 1668/2771/3458
f 1703/2893/3459 1704/2894/3459 1768/2895/3459
f 1703/2893/3460 1768/2895/3460 1555/2896/3460
f 1704/2894/3461 1770/2897/3461 1768/2895/3461
f 1768/2895/3462 1770/2897/3462 1769/2898/3462
f 1771/2772/3463 1769/2898/3463 1770/2897/3463
f 1767/2892/3464 1769/2898/3464 1771/2772/3464
f 1771/2772/3465 1770/2897/3465 1704/2894/3465
f 1771/2772/3466 1773/2899/3466 1705/2776/3466
f 1704/2894/3467 1703/2893/3467 1772/2900/3467
f 1704/2894/3468 1772/2900/3468 1771/2772/3468
f 1703/2893/3469 1706/2901/3469 1772/2900/3469
f 1771/2772/3470 1772/2900/3470 1773/2899/3470
f 1772/2900/3471 1706/2901/3471 1774/2902/3471
f 1775/2903/3472 1772/2900/3472 1774/2902/3472
f 1773/2899/3473 1772/2900/3473 1775/2903/3473
f 1773/2904/3474 1840/2905/3474 1705/2774/3474
f 1776/2906/3475 1705/2774/3475 1840/2905/3475
f 1705/2776/3476 1776/2907/3476 1672/2706/3476
f 1706/2775/3477 1301/2260/3477 1882/2908/3477
f 1672/2909/3478 1776/2906/3478 1708/2781/3478
f 1708/2781/3479 1776/2906/3479 1709/2779/3479
f 1619/2671/3480 1886/2910/3480 1586/2559/3480
f 1777/2793/3481 1715/2796/3481 1716/2791/3481
f 1886/2911/3482 1778/2794/3482 1586/2800/3482
f 1567/2528/3483 1779/2912/3483 1688/2734/3483
f 1657/2675/3484 1688/2734/3484 1779/2912/3484
f 1657/2675/3485 1779/2912/3485 1780/2913/3485
f 1498/2434/3486 1657/2675/3486 1780/2913/3486
f 1780/2913/3487 1543/2914/3487 1498/2434/3487
f 1587/2915/3488 1781/2916/3488 1567/2528/3488
f 1779/2912/3489 1567/2528/3489 1781/2916/3489
f 1780/2913/3490 1782/2917/3490 1543/2914/3490
f 1782/2918/3491 1658/2676/3491 1543/2499/3491
f 1895/2919/3492 1660/2920/3492 1659/2921/3492
f 1588/2403/3493 1499/2435/3493 1783/2922/3493
f 1895/2923/3494 1717/2801/3494 1660/2678/3494
f 1783/2922/3495 1499/2435/3495 1718/2808/3495
f 1848/2924/3496 1783/2925/3496 1718/2812/3496
f 1589/2803/3497 1717/2926/3497 1849/2927/3497
f 1894/2928/3498 1848/2924/3498 1718/2812/3498
f 1894/2928/3499 1718/2812/3499 1849/2927/3499
f 1784/2804/3500 1849/2927/3500 1718/2812/3500
f 1849/2929/3501 1784/2807/3501 1589/2736/3501
f 1784/2804/3502 1718/2812/3502 1719/2811/3502
f 1784/2804/3503 1719/2811/3503 1785/2930/3503
f 1784/2804/3504 1785/2930/3504 1786/2931/3504
f 1786/2931/3505 1785/2930/3505 1787/2932/3505
f 1719/2811/3506 1720/2810/3506 1788/2933/3506
f 1785/2930/3507 1719/2811/3507 1788/2933/3507
f 1787/2932/3508 1785/2930/3508 1788/2933/3508
f 1786/2931/3509 1787/2932/3509 1789/2934/3509
f 1786/2931/3510 1789/2934/3510 1721/2935/3510
f 1720/2810/3511 1722/2818/3511 1788/2933/3511
f 1721/2935/3512 1789/2934/3512 1622/2936/3512
f 1789/2934/3513 1787/2932/3513 1791/2815/3513
f 1789/2934/3514 1791/2815/3514 1622/2936/3514
f 1725/2816/3515 1787/2932/3515 1790/2821/3515
f 1787/2932/3516 1788/2933/3516 1790/2821/3516
f 1787/2932/3517 1725/2816/3517 1791/2815/3517
f 1788/2933/3518 1722/2818/3518 1723/2820/3518
f 1790/2821/3519 1788/2933/3519 1792/2822/3519
f 1788/2933/3520 1723/2820/3520 1792/2822/3520
f 1792/2822/3521 1723/2820/3521 1793/2825/3521
f 1792/2822/3522 1793/2825/3522 1729/2826/3522
f 1793/2825/3523 1727/2824/3523 1730/2828/3523
f 1729/2826/3524 1793/2825/3524 1794/2831/3524
f 1793/2825/3525 1730/2828/3525 1731/2839/3525
f 1794/2831/3526 1793/2825/3526 1731/2839/3526
f 1732/2830/3527 1794/2831/3527 1796/2846/3527
f 1794/2831/3528 1731/2839/3528 1795/2840/3528
f 1796/2846/3529 1794/2831/3529 1795/2840/3529
f 1732/2830/3530 1796/2846/3530 1734/2842/3530
f 1797/2834/3531 1732/2830/3531 1734/2842/3531
f 1795/2840/3532 1733/2841/3532 1738/2850/3532
f 1795/2840/3533 1738/2850/3533 1799/2937/3533
f 1796/2846/3534 1795/2840/3534 1799/2937/3534
f 1796/2846/3535 1799/2937/3535 1798/2847/3535
f 1799/2938/3536 1738/2939/3536 1800/2940/3536
f 1801/2941/3537 1799/2937/3537 1800/2942/3537
f 1802/2943/3538 1799/2938/3538 1801/2944/3538
f 1798/2847/3539 1799/2937/3539 1802/2945/3539
f 1798/2847/3540 1743/2853/3540 1740/2849/3540
f 1738/2939/3541 1742/2946/3541 1803/2947/3541
f 1800/2942/3542 1738/2850/3542 1803/2948/3542
f 1801/2941/3543 1805/2949/3543 1802/2945/3543
f 1743/2853/3544 1798/2847/3544 1802/2945/3544
f 1811/2950/3545 1742/2851/3545 1741/2852/3545
f 1803/2948/3546 1742/2851/3546 1811/2950/3546
f 1804/2951/3547 1806/2952/3547 1807/2953/3547
f 1808/2954/3548 1804/2951/3548 1807/2953/3548
f 1804/2955/3549 1808/2956/3549 1809/2957/3549
f 1805/2958/3550 1810/2959/3550 1802/2960/3550
f 1743/2853/3551 1802/2945/3551 1810/2859/3551
f 1806/2952/3552 1812/2961/3552 1807/2953/3552
f 1743/2853/3553 1810/2859/3553 1745/2857/3553
f 1808/2954/3554 1807/2953/3554 1813/2962/3554
f 1814/2963/3555 1809/2964/3555 1808/2965/3555
f 1807/2953/3556 1812/2961/3556 1815/2966/3556
f 1814/2967/3557 1808/2954/3557 1813/2962/3557
f 1741/2852/3558 1744/2854/3558 1816/2863/3558
f 1811/2950/3559 1741/2852/3559 1817/2968/3559
f 1817/2968/3560 1741/2852/3560 1816/2863/3560
f 1814/2967/3561 1813/2962/3561 1818/2969/3561
f 1815/2966/3562 1812/2961/3562 1819/2970/3562
f 1807/2953/3563 1815/2966/3563 1813/2962/3563
f 1746/2860/3564 1810/2859/3564 1805/2949/3564
f 1820/2971/3565 1746/2972/3565 1805/2958/3565
f 1821/2973/3566 1817/2968/3566 1816/2863/3566
f 1819/2970/3567 1822/2974/3567 1815/2966/3567
f 1813/2962/3568 1815/2966/3568 1822/2974/3568
f 1823/2975/3569 1813/2962/3569 1822/2974/3569
f 1818/2976/3570 1813/2977/3570 1823/2978/3570
f 1748/2979/3571 1821/2980/3571 1816/2981/3571
f 1820/2982/3572 1824/2983/3572 1746/2860/3572
f 1746/2860/3573 1824/2983/3573 1749/2864/3573
f 1821/2984/3574 1748/2985/3574 1825/2986/3574
f 1748/2985/3575 1753/2987/3575 1825/2986/3575
f 1826/2988/3576 1754/2989/3576 1824/2990/3576
f 1824/2990/3577 1754/2989/3577 1749/2991/3577
f 1825/2992/3578 1753/2993/3578 1827/2994/3578
f 1826/2995/3579 1756/2996/3579 1754/2997/3579
f 1827/2994/3580 1753/2993/3580 1829/2998/3580
f 1828/2999/3581 1756/2996/3581 1826/2995/3581
f 1753/2993/3582 1755/3000/3582 1829/2998/3582
f 1828/2999/3583 1830/3001/3583 1756/2996/3583
f 1755/3000/3584 1757/3002/3584 1829/2998/3584
f 1757/3002/3585 1831/3003/3585 1829/2998/3585
f 1758/3004/3586 1756/2996/3586 1830/3001/3586
f 1831/3005/3587 1757/3006/3587 1759/3007/3587
f 1830/3008/3588 1759/3007/3588 1758/3009/3588
f 1762/3010/3589 1832/3011/3589 1761/3012/3589
f 1833/3013/3590 1761/2878/3590 1832/3014/3590
f 1698/2755/3591 1761/3012/3591 1833/3015/3591
f 1833/3015/3592 1662/2683/3592 1698/2755/3592
f 1834/3016/3593 1763/3017/3593 1752/3018/3593
f 1834/3019/3594 1752/2867/3594 1751/2868/3594
f 1662/3020/3595 1833/3013/3595 1663/3021/3595
f 1833/3013/3596 1899/3022/3596 1663/3021/3596
f 1751/2868/3597 1699/3023/3597 1835/3024/3597
f 1663/3021/3598 1899/3022/3598 1664/3025/3598
f 1765/2884/3599 1876/3026/3599 1700/2882/3599
f 1764/3027/3600 1904/3028/3600 1665/3029/3600
f 1665/3029/3601 1904/3028/3601 1836/3030/3601
f 1665/2693/3602 1836/3031/3602 1667/2762/3602
f 1879/3032/3603 1667/2699/3603 1836/3030/3603
f 1879/3032/3604 1838/3033/3604 1702/3034/3604
f 1837/3035/3605 1701/3036/3605 1555/2896/3605
f 1702/2768/3606 1838/3037/3606 1767/2890/3606
f 1768/2895/3607 1837/3035/3607 1555/2896/3607
f 1768/3038/3608 1769/3039/3608 1839/3040/3608
f 1767/2890/3609 1839/3040/3609 1769/3039/3609
f 1767/2890/3610 1838/3037/3610 1839/3040/3610
f 1773/2899/3611 1775/2903/3611 1840/3041/3611
f 1713/3042/3612 1841/3043/3612 1687/2733/3612
f 1687/2733/3613 1841/3043/3613 1619/2671/3613
f 1715/2790/3614 1618/2558/3614 1434/2333/3614
f 1842/3044/3615 1715/2796/3615 1777/2793/3615
f 1843/3045/3616 1842/3044/3616 1777/2793/3616
f 1778/2794/3617 1843/3045/3617 1777/2793/3617
f 1886/2911/3618 1843/3045/3618 1778/2794/3618
f 1844/3046/3619 1779/3047/3619 1781/3048/3619
f 1780/3049/3620 1779/3047/3620 1845/3050/3620
f 1845/3050/3621 1779/3047/3621 1844/3046/3621
f 1780/3049/3622 1845/3050/3622 1782/3051/3622
f 1844/3046/3623 1781/3048/3623 1846/3052/3623
f 1587/3053/3624 1846/3052/3624 1781/3048/3624
f 1846/3052/3625 1587/3053/3625 1847/3054/3625
f 1587/2529/3626 1588/2403/3626 1847/3055/3626
f 1847/3055/3627 1588/2403/3627 1892/3056/3627
f 1588/2403/3628 1783/2922/3628 1892/3056/3628
f 1848/2924/3629 1892/3057/3629 1783/2925/3629
f 1895/2919/3630 1891/3058/3630 1849/2927/3630
f 1895/2919/3631 1849/2927/3631 1717/2926/3631
f 1803/2947/3632 1851/3059/3632 1800/2940/3632
f 1851/3059/3633 1850/3060/3633 1800/2940/3633
f 1800/2940/3634 1850/3060/3634 1801/2944/3634
f 1851/3059/3635 1803/2947/3635 1852/3061/3635
f 1801/3062/3636 1853/3063/3636 1805/2958/3636
f 1811/3064/3637 1858/3065/3637 1852/3066/3637
f 1852/3066/3638 1803/3067/3638 1811/3064/3638
f 1804/2955/3639 1809/2957/3639 1854/3068/3639
f 1853/3063/3640 1855/3069/3640 1805/2958/3640
f 1856/3070/3641 1812/3071/3641 1806/3072/3641
f 1809/2964/3642 1814/2963/3642 1857/3073/3642
f 1855/3069/3643 1860/3074/3643 1805/2958/3643
f 1817/3075/3644 1858/3065/3644 1811/3064/3644
f 1861/3076/3645 1858/3065/3645 1817/3075/3645
f 1812/3071/3646 1859/3077/3646 1819/3078/3646
f 1805/2958/3647 1860/3074/3647 1820/2971/3647
f 1821/2980/3648 1861/3076/3648 1817/3075/3648
f 1864/3079/3649 1822/3080/3649 1819/3081/3649
f 1863/3082/3650 1818/2976/3650 1823/2978/3650
f 1860/3074/3651 1865/3083/3651 1820/2971/3651
f 1821/2980/3652 1866/3084/3652 1861/3076/3652
f 1823/2978/3653 1822/3080/3653 1867/3085/3653
f 1867/3085/3654 1863/3082/3654 1823/2978/3654
f 1820/2971/3655 1869/3086/3655 1824/3087/3655
f 1820/2971/3656 1865/3083/3656 1869/3086/3656
f 1821/2984/3657 1868/3088/3657 1866/3089/3657
f 1868/3088/3658 1821/2984/3658 1825/2986/3658
f 1825/2986/3659 1870/3090/3659 1868/3088/3659
f 1871/3091/3660 1826/2988/3660 1824/2990/3660
f 1869/3092/3661 1871/3091/3661 1824/2990/3661
f 1827/2994/3662 1870/3093/3662 1825/2992/3662
f 1827/2994/3663 1829/2998/3663 1872/3094/3663
f 1871/3095/3664 1828/2999/3664 1826/2995/3664
f 1831/3005/3665 1759/3007/3665 1873/3096/3665
f 1830/3008/3666 1873/3096/3666 1759/3007/3666
f 1763/3017/3667 1875/3097/3667 1874/3098/3667
f 1762/3010/3668 1763/3017/3668 1874/3098/3668
f 1832/3011/3669 1762/3010/3669 1874/3098/3669
f 1763/3017/3670 1834/3016/3670 1875/3097/3670
f 1834/3019/3671 1751/2868/3671 1835/3024/3671
f 1664/3025/3672 1899/3022/3672 1764/3027/3672
f 1700/2882/3673 1835/3024/3673 1699/3023/3673
f 1876/3026/3674 1835/3024/3674 1700/2882/3674
f 1899/3022/3675 1877/3099/3675 1764/3027/3675
f 1878/3100/3676 1876/3026/3676 1765/2884/3676
f 1764/3027/3677 1877/3099/3677 1904/3028/3677
f 1766/2888/3678 1878/3100/3678 1765/2884/3678
f 1766/2888/3679 1701/3036/3679 1880/3101/3679
f 1701/3036/3680 1837/3035/3680 1880/3101/3680
f 1879/3032/3681 1908/3102/3681 1838/3033/3681
f 1881/3103/3682 1880/3101/3682 1837/3035/3682
f 1881/3103/3683 1837/3035/3683 1768/2895/3683
f 1768/3038/3684 1839/3040/3684 1881/3104/3684
f 1774/3105/3685 1706/3106/3685 1882/3107/3685
f 1775/3108/3686 1774/3105/3686 1932/3109/3686
f 1776/2906/3687 1911/3110/3687 1709/2779/3687
f 1709/2779/3688 1883/3111/3688 1647/2657/3688
f 1711/2786/3689 1710/2784/3689 1712/3112/3689
f 1841/3043/3690 1886/2910/3690 1619/2671/3690
f 1618/2558/3691 1715/2790/3691 1960/3113/3691
f 1844/3046/3692 1887/3114/3692 1845/3050/3692
f 1887/3114/3693 1844/3046/3693 1888/3115/3693
f 1846/3052/3694 1847/3054/3694 1889/3116/3694
f 1888/3115/3695 1844/3046/3695 1889/3116/3695
f 1782/3051/3696 1845/3050/3696 1887/3114/3696
f 1782/3051/3697 1887/3114/3697 1658/3117/3697
f 1844/3046/3698 1846/3052/3698 1889/3116/3698
f 1889/3116/3699 1847/3054/3699 1890/3118/3699
f 1887/3114/3700 1888/3115/3700 1891/3058/3700
f 1888/3115/3701 1889/3116/3701 1891/3058/3701
f 1658/3117/3702 1887/3114/3702 1689/3119/3702
f 1889/3116/3703 1890/3118/3703 1891/3058/3703
f 1887/3114/3704 1891/3058/3704 1893/3120/3704
f 1890/3118/3705 1847/3054/3705 1892/3057/3705
f 1887/3114/3706 1893/3120/3706 1689/3119/3706
f 1689/3119/3707 1893/3120/3707 1659/2921/3707
f 1891/3058/3708 1890/3118/3708 1892/3057/3708
f 1892/3057/3709 1848/2924/3709 1894/2928/3709
f 1891/3058/3710 1892/3057/3710 1894/2928/3710
f 1893/3120/3711 1891/3058/3711 1895/2919/3711
f 1893/3120/3712 1895/2919/3712 1659/2921/3712
f 1849/2927/3713 1891/3058/3713 1894/2928/3713
f 1801/2944/3714 1850/3060/3714 1853/3121/3714
f 1806/3122/3715 1896/3123/3715 1856/3124/3715
f 1804/2955/3716 1896/3123/3716 1806/3122/3716
f 1804/2955/3717 1854/3068/3717 1896/3123/3717
f 1809/2964/3718 1857/3073/3718 1854/3125/3718
f 1856/3070/3719 1859/3077/3719 1812/3071/3719
f 1857/3073/3720 1814/2963/3720 1897/3126/3720
f 1814/2963/3721 1818/3127/3721 1897/3126/3721
f 1859/3077/3722 1862/3128/3722 1819/3078/3722
f 1897/3126/3723 1818/3127/3723 1863/3129/3723
f 1819/3081/3724 1862/3130/3724 1864/3079/3724
f 1822/3080/3725 1864/3079/3725 1898/3131/3725
f 1827/2994/3726 1872/3094/3726 1870/3093/3726
f 1871/3095/3727 1830/3001/3727 1828/2999/3727
f 1872/3094/3728 1829/2998/3728 1831/3003/3728
f 1832/3014/3729 1927/3132/3729 1833/3013/3729
f 1899/3022/3730 1833/3013/3730 1927/3132/3730
f 1835/3024/3731 1900/3133/3731 1834/3019/3731
f 1875/3097/3732 1834/3016/3732 1900/3134/3732
f 1900/3133/3733 1835/3024/3733 1901/3135/3733
f 1876/3026/3734 1901/3135/3734 1835/3024/3734
f 1899/3022/3735 1928/3136/3735 1877/3099/3735
f 1876/3026/3736 1902/3137/3736 1901/3135/3736
f 1903/3138/3737 1877/3099/3737 1928/3136/3737
f 1876/3026/3738 1878/3100/3738 1902/3137/3738
f 1902/3139/3739 1904/3140/3739 1903/3141/3739
f 1877/3099/3740 1903/3138/3740 1904/3028/3740
f 1905/3142/3741 1902/3137/3741 1878/3100/3741
f 1904/3028/3742 1902/3137/3742 1905/3142/3742
f 1906/3143/3743 1904/3028/3743 1905/3142/3743
f 1904/3028/3744 1906/3143/3744 1836/3030/3744
f 1878/3100/3745 1766/2888/3745 1907/3144/3745
f 1906/3143/3746 1908/3102/3746 1836/3030/3746
f 1879/3032/3747 1836/3030/3747 1908/3102/3747
f 1880/3101/3748 1907/3144/3748 1766/2888/3748
f 1909/3145/3749 1907/3144/3749 1880/3101/3749
f 1908/3102/3750 1931/3146/3750 1838/3033/3750
f 1909/3145/3751 1880/3101/3751 1881/3103/3751
f 1881/3103/3752 1839/3147/3752 1909/3145/3752
f 1909/3145/3753 1839/3147/3753 1931/3146/3753
f 1839/3040/3754 1838/3037/3754 1931/3148/3754
f 1910/3149/3755 1911/3150/3755 1840/3151/3755
f 1911/3110/3756 1776/2906/3756 1840/2905/3756
f 1301/2260/3757 1646/2652/3757 1882/2908/3757
f 1911/3110/3758 1883/3111/3758 1709/2779/3758
f 1883/3111/3759 1912/3152/3759 1647/2657/3759
f 1912/3152/3760 1710/2784/3760 1647/2657/3760
f 1098/1772/3761 976/1588/3761 1884/3153/3761
f 1713/3042/3762 1936/3154/3762 1885/3155/3762
f 1850/3060/3763 1851/3059/3763 1913/3156/3763
f 1914/3157/3764 1913/3156/3764 1851/3059/3764
f 1914/3157/3765 1851/3059/3765 1852/3061/3765
f 1915/3158/3766 1855/3069/3766 1853/3063/3766
f 1858/3065/3767 1916/3159/3767 1852/3066/3767
f 1852/3066/3768 1916/3159/3768 1914/3160/3768
f 1915/3158/3769 1917/3161/3769 1855/3069/3769
f 1855/3069/3770 1917/3161/3770 1860/3074/3770
f 1916/3159/3771 1858/3065/3771 1861/3076/3771
f 1916/3159/3772 1861/3076/3772 1918/3162/3772
f 1897/3126/3773 1863/3129/3773 1920/3163/3773
f 1865/3083/3774 1860/3074/3774 1917/3161/3774
f 1864/3164/3775 1862/3165/3775 1919/3166/3775
f 1865/3083/3776 1917/3161/3776 1921/3167/3776
f 1864/3079/3777 1919/3168/3777 1922/3169/3777
f 1867/3085/3778 1822/3080/3778 1898/3131/3778
f 1867/3170/3779 1923/3171/3779 1863/3172/3779
f 1863/3129/3780 1923/3173/3780 1920/3163/3780
f 1918/3162/3781 1861/3076/3781 1866/3084/3781
f 1865/3083/3782 1921/3167/3782 1869/3086/3782
f 1918/3174/3783 1866/3175/3783 1947/3176/3783
f 1947/3176/3784 1866/3175/3784 1868/3177/3784
f 1947/3176/3785 1868/3177/3785 1870/3178/3785
f 1921/3179/3786 1924/3180/3786 1871/3091/3786
f 1869/3092/3787 1921/3179/3787 1871/3091/3787
f 1871/3095/3788 1924/3181/3788 1950/3182/3788
f 1950/3182/3789 1830/3001/3789 1871/3095/3789
f 1925/3183/3790 1872/3094/3790 1831/3003/3790
f 1831/3184/3791 1873/3185/3791 1951/3186/3791
f 1831/3184/3792 1951/3186/3792 1925/3187/3792
f 1873/3185/3793 1830/3188/3793 1951/3186/3793
f 1875/3097/3794 1926/3189/3794 1874/3098/3794
f 1927/3132/3795 1874/3190/3795 1926/3191/3795
f 1874/3190/3796 1927/3132/3796 1832/3014/3796
f 1926/3191/3797 1875/3192/3797 1900/3133/3797
f 1899/3022/3798 1927/3132/3798 1928/3136/3798
f 1900/3133/3799 1901/3135/3799 1929/3193/3799
f 1929/3193/3800 1901/3135/3800 1902/3137/3800
f 1903/3141/3801 1929/3194/3801 1902/3139/3801
f 1928/3136/3802 1929/3193/3802 1903/3138/3802
f 1878/3100/3803 1907/3144/3803 1905/3142/3803
f 1907/3144/3804 1930/3195/3804 1905/3142/3804
f 1906/3143/3805 1905/3142/3805 1930/3195/3805
f 1906/3143/3806 1930/3195/3806 1908/3102/3806
f 1930/3195/3807 1907/3144/3807 1909/3145/3807
f 1908/3102/3808 1930/3195/3808 1931/3146/3808
f 1931/3146/3809 1930/3195/3809 1909/3145/3809
f 1774/3196/3810 1882/2908/3810 1932/3197/3810
f 1775/3108/3811 1932/3109/3811 1910/3149/3811
f 1840/3151/3812 1775/3108/3812 1910/3149/3812
f 1912/3152/3813 1933/3198/3813 1710/2784/3813
f 1646/2652/3814 1489/2418/3814 1934/3199/3814
f 1934/3199/3815 1489/2418/3815 1303/2112/3815
f 1933/3198/3816 1935/3200/3816 1710/2784/3816
f 1710/2784/3817 1935/3200/3817 1712/3112/3817
f 1712/3112/3818 1935/3200/3818 1713/3042/3818
f 1935/3200/3819 1936/3154/3819 1713/3042/3819
f 1098/1772/3820 1884/3153/3820 1148/1800/3820
f 1885/3155/3821 1841/3043/3821 1713/3042/3821
f 1842/3044/3822 1843/3045/3822 1961/3201/3822
f 1961/3201/3823 1843/3045/3823 1841/3202/3823
f 1841/3202/3824 1843/3045/3824 1886/2911/3824
f 1715/2796/3825 1975/3203/3825 1960/3204/3825
f 1842/3044/3826 1975/3203/3826 1715/2796/3826
f 1913/3156/3827 1914/3157/3827 1937/3205/3827
f 1962/3206/3828 1850/3060/3828 1913/3156/3828
f 1962/3206/3829 1853/3121/3829 1850/3060/3829
f 1938/3207/3830 1853/3208/3830 1962/3209/3830
f 1942/3210/3831 1937/3211/3831 1914/3212/3831
f 1896/3123/3832 1941/3213/3832 1939/3214/3832
f 1854/3215/3833 1941/3216/3833 1896/3217/3833
f 1915/3218/3834 1853/3208/3834 1938/3207/3834
f 1939/3219/3835 1940/3220/3835 1856/3221/3835
f 1896/3217/3836 1939/3219/3836 1856/3221/3836
f 1941/3213/3837 1854/3068/3837 1943/3222/3837
f 1914/3160/3838 1916/3159/3838 1942/3223/3838
f 1854/3215/3839 1857/3224/3839 1943/3225/3839
f 1917/3226/3840 1915/3218/3840 1938/3207/3840
f 1944/3227/3841 1917/3226/3841 1938/3207/3841
f 1856/3221/3842 1940/3220/3842 1859/3228/3842
f 1943/3229/3843 1897/3126/3843 1945/3230/3843
f 1857/3073/3844 1897/3126/3844 1943/3229/3844
f 1944/3227/3845 1943/3225/3845 1945/3231/3845
f 1940/3220/3846 1942/3210/3846 1946/3232/3846
f 1859/3228/3847 1940/3220/3847 1946/3232/3847
f 1918/3174/3848 1946/3232/3848 1916/3233/3848
f 1946/3232/3849 1942/3210/3849 1916/3233/3849
f 1859/3228/3850 1946/3232/3850 1862/3165/3850
f 1897/3234/3851 1920/3235/3851 1945/3231/3851
f 1862/3165/3852 1946/3232/3852 1947/3176/3852
f 1862/3165/3853 1947/3176/3853 1919/3166/3853
f 1944/3227/3854 1945/3231/3854 1921/3236/3854
f 1944/3227/3855 1921/3236/3855 1917/3226/3855
f 1947/3176/3856 1946/3232/3856 1918/3174/3856
f 1922/3237/3857 1948/3238/3857 1864/3239/3857
f 1864/3079/3858 1948/3240/3858 1898/3131/3858
f 1949/3241/3859 1867/3085/3859 1898/3131/3859
f 1945/3231/3860 1920/3235/3860 1923/3171/3860
f 1919/3166/3861 1947/3176/3861 1922/3242/3861
f 1923/3173/3862 1867/3243/3862 1949/3244/3862
f 1945/3231/3863 1923/3171/3863 1921/3236/3863
f 1921/3236/3864 1923/3171/3864 1924/3245/3864
f 1870/3178/3865 1922/3242/3865 1947/3176/3865
f 1870/3093/3866 1872/3094/3866 1922/3237/3866
f 1924/3245/3867 1923/3171/3867 1950/3246/3867
f 1951/3247/3868 1830/3001/3868 1965/3248/3868
f 1830/3001/3869 1950/3182/3869 1965/3248/3869
f 1927/3132/3870 1926/3191/3870 1900/3133/3870
f 1927/3132/3871 1900/3133/3871 1929/3193/3871
f 1928/3136/3872 1927/3132/3872 1929/3193/3872
f 1932/3197/3873 1882/2908/3873 1952/3249/3873
f 1910/3250/3874 1932/3251/3874 1952/3252/3874
f 1953/3253/3875 1910/3250/3875 1952/3252/3875
f 1910/3250/3876 1953/3253/3876 1911/3254/3876
f 1953/3253/3877 1952/3252/3877 1954/3255/3877
f 1955/3256/3878 1911/3110/3878 1953/3257/3878
f 1911/3110/3879 1955/3256/3879 1883/3111/3879
f 1882/2908/3880 1646/2652/3880 1956/3258/3880
f 1956/3258/3881 1952/3249/3881 1882/2908/3881
f 1955/3256/3882 1957/3259/3882 1883/3111/3882
f 1956/3258/3883 1646/2652/3883 1958/3260/3883
f 1883/3111/3884 1957/3259/3884 1912/3152/3884
f 1646/2652/3885 1959/3261/3885 1958/3260/3885
f 1959/3261/3886 1646/2652/3886 1934/3199/3886
f 976/1588/3887 1618/2558/3887 1972/3262/3887
f 1981/3263/3888 1975/3203/3888 1842/3044/3888
f 1961/3201/3889 1981/3263/3889 1842/3044/3889
f 1937/3211/3890 1962/3209/3890 1913/3264/3890
f 1941/3216/3891 1937/3211/3891 1939/3219/3891
f 1962/3209/3892 1937/3211/3892 1941/3216/3892
f 1939/3219/3893 1937/3211/3893 1940/3220/3893
f 1938/3207/3894 1962/3209/3894 1941/3216/3894
f 1942/3210/3895 1940/3220/3895 1937/3211/3895
f 1943/3225/3896 1938/3207/3896 1941/3216/3896
f 1944/3227/3897 1938/3207/3897 1943/3225/3897
f 1963/3265/3898 1898/3131/3898 1948/3240/3898
f 1949/3241/3899 1898/3131/3899 1963/3265/3899
f 1948/3238/3900 1922/3237/3900 1964/3266/3900
f 1922/3237/3901 1872/3094/3901 1964/3266/3901
f 1950/3182/3902 1923/3173/3902 1949/3244/3902
f 1950/3182/3903 1949/3244/3903 1965/3248/3903
f 1872/3094/3904 1925/3183/3904 1964/3266/3904
f 1965/3267/3905 1964/3268/3905 1925/3187/3905
f 1965/3267/3906 1925/3187/3906 1951/3186/3906
f 1953/3253/3907 1954/3255/3907 1967/3269/3907
f 1953/3253/3908 1967/3269/3908 1955/3270/3908
f 1952/3252/3909 1956/3271/3909 1968/3272/3909
f 1967/3269/3910 1954/3255/3910 1966/3273/3910
f 1954/3255/3911 1952/3252/3911 1968/3272/3911
f 1966/3273/3912 1954/3255/3912 1968/3272/3912
f 1966/3273/3913 1968/3272/3913 1958/3274/3913
f 1967/3269/3914 1966/3273/3914 1969/3275/3914
f 1955/3270/3915 1967/3269/3915 1957/3276/3915
f 1968/3272/3916 1956/3271/3916 1958/3274/3916
f 1969/3275/3917 1966/3273/3917 1958/3274/3917
f 1957/3276/3918 1967/3269/3918 1969/3275/3918
f 1969/3275/3919 1958/3274/3919 1971/3277/3919
f 1957/3276/3920 1970/3278/3920 1912/3279/3920
f 1958/3274/3921 1959/3280/3921 1971/3277/3921
f 1957/3276/3922 1969/3275/3922 1970/3278/3922
f 1970/3278/3923 1969/3275/3923 1971/3277/3923
f 1933/3281/3924 1912/3279/3924 1970/3278/3924
f 1884/3153/3925 976/1588/3925 1972/3262/3925
f 1885/3155/3926 1973/3282/3926 1841/3043/3926
f 1972/3262/3927 1618/2558/3927 1974/3283/3927
f 1974/3283/3928 1618/2558/3928 1960/3113/3928
f 1975/3203/3929 1974/3284/3929 1960/3204/3929
f 1982/3285/3930 1961/3201/3930 1973/3286/3930
f 1973/3286/3931 1961/3201/3931 1841/3202/3931
f 1982/3285/3932 1981/3263/3932 1961/3201/3932
f 1963/3287/3933 1948/3288/3933 1964/3268/3933
f 1949/3289/3934 1963/3287/3934 1965/3267/3934
f 1965/3267/3935 1963/3287/3935 1964/3268/3935
f 1970/3278/3936 1971/3277/3936 1977/3290/3936
f 1971/3277/3937 1959/3280/3937 1976/3291/3937
f 1977/3290/3938 1971/3277/3938 1976/3291/3938
f 1933/3281/3939 1970/3278/3939 1978/3292/3939
f 1959/3280/3940 1934/3293/3940 1976/3291/3940
f 1970/3278/3941 1977/3290/3941 1978/3292/3941
f 1933/3281/3942 1978/3292/3942 1979/3294/3942
f 1934/3199/3943 1303/2112/3943 1980/3295/3943
f 1980/3296/3944 1976/3291/3944 1934/3293/3944
f 1933/3198/3945 1979/3297/3945 1935/3200/3945
f 1975/3203/3946 1987/3298/3946 1974/3284/3946
f 1981/3263/3947 1987/3298/3947 1975/3203/3947
f 1978/3292/3948 1977/3290/3948 1983/3299/3948
f 1983/3299/3949 1977/3290/3949 1976/3291/3949
f 1979/3294/3950 1978/3292/3950 1983/3299/3950
f 1983/3299/3951 1976/3291/3951 1980/3296/3951
f 1980/3300/3952 1303/3301/3952 1984/3302/3952
f 1983/3299/3953 1980/3296/3953 1985/3303/3953
f 1979/3304/3954 1983/3305/3954 1985/3306/3954
f 1986/3307/3955 1979/3294/3955 1985/3303/3955
f 1935/3200/3956 1979/3297/3956 1986/3308/3956
f 1984/3309/3957 1303/2112/3957 1148/1800/3957
f 1993/3310/3958 1973/3286/3958 1885/3311/3958
f 1972/3262/3959 1974/3283/3959 1990/3312/3959
f 1994/3313/3960 1990/3314/3960 1987/3298/3960
f 2000/3315/3961 1994/3313/3961 1987/3298/3961
f 1987/3298/3962 1990/3314/3962 1974/3284/3962
f 2000/3315/3963 1987/3298/3963 1981/3263/3963
f 1982/3285/3964 2000/3315/3964 1981/3263/3964
f 1973/3286/3965 1993/3310/3965 1982/3285/3965
f 1980/3300/3966 1984/3302/3966 1985/3306/3966
f 1985/3306/3967 1988/3316/3967 1986/3317/3967
f 1935/3318/3968 1986/3317/3968 1988/3316/3968
f 1988/3316/3969 1936/3319/3969 1935/3318/3969
f 1884/3153/3970 1972/3262/3970 1989/3320/3970
f 1936/3154/3971 1992/3321/3971 1885/3155/3971
f 1989/3320/3972 1972/3262/3972 1990/3312/3972
f 1993/3310/3973 1885/3311/3973 1992/3322/3973
f 2000/3315/3974 1998/3323/3974 1994/3313/3974
f 1993/3310/3975 2000/3315/3975 1982/3285/3975
f 1985/3306/3976 1984/3302/3976 1991/3324/3976
f 1985/3306/3977 1991/3324/3977 1988/3316/3977
f 1148/1800/3978 1884/3153/3978 1984/3309/3978
f 1998/3323/3979 1989/3325/3979 1994/3313/3979
f 1994/3313/3980 1989/3325/3980 1990/3314/3980
f 1984/3309/3981 1884/3153/3981 1995/3326/3981
f 1991/3327/3982 1984/3328/3982 1995/3329/3982
f 1991/3327/3983 1996/3330/3983 1988/3331/3983
f 1988/3331/3984 1996/3330/3984 1936/3332/3984
f 1997/3333/3985 1995/3326/3985 1884/3153/3985
f 2002/3334/3986 1936/3332/3986 1996/3330/3986
f 1936/3154/3987 2002/3335/3987 1992/3321/3987
f 1884/3153/3988 1989/3320/3988 1997/3333/3988
f 1989/3325/3989 1998/3323/3989 1997/3336/3989
f 1999/3337/3990 1998/3323/3990 2000/3315/3990
f 1993/3310/3991 1999/3337/3991 2000/3315/3991
f 2002/3334/3992 1999/3337/3992 1993/3310/3992
f 2002/3334/3993 1993/3310/3993 1992/3322/3993
f 1995/3329/3994 1997/3336/3994 1991/3327/3994
f 1997/3336/3995 2001/3338/3995 1991/3327/3995
f 1991/3327/3996 2001/3338/3996 1996/3330/3996
f 2001/3338/3997 2002/3334/3997 1996/3330/3997
f 2001/3338/3998 1997/3336/3998 1998/3323/3998
f 1999/3337/3999 2001/3338/3999 1998/3323/3999
f 2002/3334/4000 2001/3338/4000 1999/3337/4000
